row_id,outer_fold,actual,raw_probability,raw_margin,calibrated_probability
3343,0,0,0.09545376239385438,-2.248791456222534,0.08506967089414062
3027,0,0,0.0013131427750091374,-6.6340179443359375,0.0048060337527157495
1141,0,0,0.9291186642681329,2.5732293128967285,0.7061822987574131
2349,0,0,6.684420682482815e-05,-9.613079071044922,0.0006471130077247156
4883,0,0,0.00023874057309186873,-8.33989429473877,0.0015259334313745202
5228,0,0,1.82133289016881e-05,-10.913338661193848,0.00026932462339310963
2822,0,0,0.0005648698586830765,-7.4783501625061035,0.0027250512964280592
2690,0,0,0.00388089138620047,-5.547801971435547,0.009947376352622746
1114,0,0,0.011728362267334095,-4.433947563171387,0.02085283932243156
3198,0,0,0.004076223125340108,-5.498499870300293,0.010280256034419667
2382,0,0,0.0031287873134113603,-5.763976097106934,0.008609421464743566
4326,0,0,0.00135579994693493,-6.602006912231445,0.004910410979438837
212,0,0,0.00031346250941742223,-8.067517280578613,0.001833098649058369
5821,0,1,0.9927363901720063,4.917588233947754,0.9211521628257971
354,0,0,0.001836757613529414,-6.297914981842041,0.006021523063018992
1775,0,0,0.0002605491196428737,-8.252458572387695,0.0016184778041208486
1087,0,0,0.03719274250779959,-3.253739595413208,0.04508033274581347
3245,0,0,0.0005271537183290111,-7.547491073608398,0.002601213834075126
4973,0,0,0.001070343151865521,-6.838705062866211,0.004188897153487992
330,0,0,0.0004770855962480087,-7.647337436676025,0.0024322204188155323
1371,0,0,0.00564343350813121,-5.171603202819824,0.012783730643378973
5344,0,0,0.00212432120424352,-6.152176380157471,0.006639351289636065
5729,0,1,0.9998732589767376,8.973237991333008,0.9944781493677881
1316,0,0,0.4351472008542447,-0.26088079810142517,0.26219360156730326
2194,0,0,0.042912171189159146,-3.1047396659851074,0.04960973152742557
2635,0,0,0.9646805684665365,3.307363748550415,0.7977132506439126
4390,0,0,0.0002988569060117628,-8.115246772766113,0.001775130457490839
3350,0,0,0.07865005174854736,-2.460831642150879,0.07457889437957947
3517,0,0,0.0006265016234617606,-7.374732494354248,0.002921732188725523
3938,0,0,0.0001111630230870928,-9.104401588439941,0.000911728291291372
1347,0,0,0.002045833006705655,-6.189902305603027,0.006473624874244095
62,0,0,0.0010106493577691819,-6.896151065826416,0.004030342247942553
4519,0,0,0.00015261764610397926,-8.787422180175781,0.0011288071066937605
4275,0,0,0.00023674222718257325,-8.348301887512207,0.001517317993305049
4108,0,0,0.0011718643404122753,-6.747986793518066,0.004452027663922698
5781,0,1,0.9732496255574784,3.5940921306610107,0.8271342352609864
5710,0,1,0.010445904306186539,-4.551044464111328,0.019299843733414947
4827,0,0,0.0022846045126280108,-6.079275131225586,0.0069716306635504354
2122,0,0,0.05152888754294149,-2.9127087593078613,0.056085022907797565
103,0,0,0.0010105896624435238,-6.896210193634033,0.004030182169970088
5067,0,0,0.002169995256024701,-6.130857944488525,0.00673485770332686
2689,0,0,0.018446156633841027,-3.974280834197998,0.02821825734743193
1163,0,0,0.016042517269742363,-4.116340160369873,0.025706310211741617
64,0,0,0.0012776897520490687,-6.661423206329346,0.004718430639859361
2821,0,0,0.004734249881468873,-5.348186492919922,0.011364678960195326
1407,0,0,0.07698770167396841,-2.483996868133545,0.0735077048470655
5393,0,0,0.011983987808695305,-4.412127494812012,0.02115545751680128
2597,0,0,0.1168149206975072,-2.0229439735412598,0.09769953363317681
413,0,0,0.0008867240638991601,-7.027089595794678,0.00369092970694928
5111,0,0,0.0008120597674453667,-7.115124225616455,0.0034788952003408564
5061,0,0,0.21786802744556671,-1.2781339883804321,0.15178083569278492
4612,0,0,5.8708323679095816e-05,-9.742870330810547,0.0005929056817794637
5563,0,1,0.34602103049138816,-0.6365756392478943,0.21619290390138
4967,0,0,0.008885399054900349,-4.714420795440674,0.01732102144443122
1096,0,0,0.006248938607094167,-5.069075107574463,0.013686503459765765
5021,0,0,8.803337067941588e-05,-9.337706565856934,0.0007790836299532295
3489,0,0,0.005978788149879206,-5.1135406494140625,0.013287505201750892
5280,0,0,0.009371167583612897,-4.660702228546143,0.017948622660794195
5371,0,0,0.0018789673382247599,-6.275152206420898,0.006114113580816094
2949,0,0,0.15278891730945215,-1.7128925323486328,0.1177479467668313
132,0,0,0.03205273194513183,-3.4077951908111572,0.040812957444958976
3755,0,0,0.00012179422677451206,-9.013055801391602,0.0009696098290429054
3984,0,0,0.037079741504792846,-3.256899833679199,0.04498866573734512
4560,0,0,0.0009328155160637621,-6.976369857788086,0.00381888579313292
4065,0,0,0.0005569699572728534,-7.4924421310424805,0.0026993431626469518
5659,0,1,0.3481276540064432,-0.62727952003479,0.21725725455638611
572,0,0,0.0005055548601475713,-7.589348316192627,0.0025289881973595326
3256,0,0,0.0010281815004544962,-6.878934860229492,0.004077222429655933
5400,0,0,0.3182100761226399,-0.7620097994804382,0.2022012329728742
3830,0,0,0.0022976210749973253,-6.073580741882324,0.006998270168315353
4024,0,0,0.00021352057102886615,-8.451563835144043,0.0014153822897306023
897,0,0,0.006205298940468758,-5.076127052307129,0.013622445583199022
1481,0,0,0.0071915236070278915,-4.9276347160339355,0.015035859488836845
4436,0,0,0.0015089594292986438,-6.4948248863220215,0.005276591114276131
4510,0,0,5.3077507737593445e-05,-9.843704223632812,0.0005539449085371888
3203,0,0,0.013343635851781015,-4.303282260894775,0.022730330185126026
3835,0,0,5.5787960995318024e-05,-9.793896675109863,0.0005728591267904088
1836,0,0,0.0005886797570319138,-7.437039375305176,0.0028018306310634766
2501,0,0,0.0007085239585277744,-7.251617908477783,0.0031738976571730293
556,0,0,0.12971744943373792,-1.9034593105316162,0.10503768757126336
3614,0,0,8.529565051195653e-05,-9.369301795959473,0.0007626695920351482
2315,0,0,0.0009973385929425997,-6.909422397613525,0.003994570822752623
3761,0,0,0.00018849886623406746,-8.5762300491333,0.001301387021254866
3662,0,0,0.010047833299517476,-4.590299606323242,0.018805044016117687
5070,0,0,0.0015273657470071056,-6.482682228088379,0.005319752032021216
4291,0,0,0.0002197374691658617,-8.422857284545898,0.001443013447247776
4265,0,0,0.0032866017177184265,-5.714609146118164,0.008898315858583375
5325,0,0,0.0014809783167815407,-6.513570308685303,0.005210643722900347
3230,0,0,0.002998894780340269,-5.8065080642700195,0.008367994347087113
2771,0,0,0.0024328736295838693,-6.016246318817139,0.00727218835539173
4784,0,0,0.029217779538524478,-3.5033247470855713,0.038363945406256615
5315,0,0,0.0003097904262222325,-8.079304695129395,0.0018186092960332263
5616,0,1,0.00302844827628846,-5.7966718673706055,0.008423224555658275
3969,0,0,0.0005134538586746565,-7.573836803436279,0.0025555173767813862
2827,0,0,0.0012566156093024275,-6.678075790405273,0.004665977464611455
4905,0,0,0.00149317777060274,-6.505354404449463,0.0052394461775823915
3184,0,0,0.0003494757373421068,-7.95872688293457,0.0019723854669007473
2673,0,0,0.0066751094152473645,-5.00267219543457,0.014304440687810557
3427,0,0,0.0009181935959927913,-6.992183685302734,0.00377852349271122
1814,0,0,9.8542687530829e-05,-9.224922180175781,0.0008406085597898663
4049,0,0,0.0020187573838963036,-6.20325231552124,0.006415969430519848
2722,0,0,0.487707182226436,-0.04918118193745613,0.2907356234261824
2245,0,0,0.037038221916142804,-3.258063316345215,0.044954962094343506
3451,0,0,0.008830582446639227,-4.7206645011901855,0.017249488609628653
4609,0,0,0.010242644662519952,-4.570899963378906,0.01904799605308887
836,0,0,0.0026715534659621345,-5.922420024871826,0.007743586724584516
933,0,0,0.010394782045134303,-4.556002140045166,0.01923665631453055
4924,0,0,0.000808494149860671,-7.119528293609619,0.0034686126263434474
3305,0,0,0.006837288819061319,-4.978503227233887,0.014536113259275538
5634,0,1,0.9729260694075904,3.5817368030548096,0.8259394698770329
1717,0,0,0.0030428143870658863,-5.791924953460693,0.008450007610771401
154,0,0,0.000517437411858461,-7.566104412078857,0.0025688454974146856
4344,0,0,0.0001542555271155232,-8.776745796203613,0.0011369555529360928
2667,0,0,0.007699205574647555,-4.8589091300964355,0.015737996896055585
5349,0,0,0.0006516165271355439,-7.335402488708496,0.0030000377952175963
3328,0,0,0.002597229572274647,-5.950709342956543,0.0075983501984281275
5550,0,1,0.9993416954334223,7.325184345245361,0.9834054662570465
2287,0,0,9.20848166081543e-05,-9.292708396911621,0.0008030718154506808
4314,0,0,0.000735942691680804,-7.213622093200684,0.00325601773602359
2077,0,0,0.00014478546221772056,-8.840112686157227,0.0010894389625561963
2405,0,0,0.000911792380026635,-6.999186038970947,0.0037607871119481103
695,0,0,2.9126155709115627e-06,-12.746456146240234,7.823618801646996e-05
4913,0,0,0.11043964616905277,-2.0862581729888916,0.09399918497704277
4437,0,0,0.0022917085898687697,-6.076163291931152,0.006986175974675542
1876,0,0,0.16772473701388338,-1.6018390655517578,0.12575449765225757
5840,0,1,0.24372583767542116,-1.1323599815368652,0.16487665776349283
824,0,0,0.014401802312168166,-4.225895404815674,0.023919112600673177
5410,0,0,0.043529013229150704,-3.089822769165039,0.05008624636763437
2298,0,0,0.0015508891077294625,-6.467374801635742,0.005374662769265939
1228,0,0,0.480193617110226,-0.07926701009273529,0.28656910207239095
391,0,0,5.091667509695116e-05,-9.885269165039062,0.000538639434270127
5165,0,0,0.0009850477125093267,-6.921834945678711,0.003961400405372303
3226,0,0,0.11182007166467711,-2.0722832679748535,0.09480497857925206
2025,0,0,0.0029795322601849517,-5.813004970550537,0.008331711314426955
2857,0,0,0.059149094959353464,-2.766723394393921,0.06153121092199327
2540,0,0,0.0001875628135332619,-8.581209182739258,0.001297029616389849
4843,0,0,0.0026180682310534254,-5.942697048187256,0.007639208487070503
4470,0,0,4.37023509437054e-05,-10.038064956665039,0.0004859197588064516
2490,0,0,0.0039018402763914607,-5.542397499084473,0.009983339399355856
1988,0,0,0.9085302410225586,2.2958197593688965,0.6659247632464343
5426,0,0,0.08455341288713113,-2.382028579711914,0.07833110164885783
1176,0,0,0.03431035862067573,-3.337395191192627,0.04271283141376153
5243,0,0,0.0007546260593379989,-7.188533306121826,0.003311399389882801
1911,0,0,0.032311023380253726,-3.3995022773742676,0.04103248274682952
628,0,0,0.00017674446399481571,-8.640628814697266,0.0012461404629487787
3136,0,0,0.0013894280643896098,-6.577472686767578,0.004991933078065744
5230,0,0,0.03762630382516704,-3.241699457168579,0.04543120638960802
3579,0,0,0.005890311851969628,-5.128538608551025,0.013155530724212541
3738,0,0,0.015480091592984606,-4.152599334716797,0.025100860533610752
1726,0,0,0.007320380298781401,-4.909745693206787,0.015215597125283767
2261,0,0,0.00027545764462794694,-8.19680118560791,0.0016802846469265345
305,0,0,0.00934807544203671,-4.6631927490234375,0.01791903816423969
1527,0,0,0.00723212013761944,-4.921964645385742,0.01509260129780011
947,0,0,0.0012246129195478352,-6.70390510559082,0.004585764919227048
1786,0,0,0.00021394995697349175,-8.449554443359375,0.001417299091039264
5272,0,0,0.023056310117815927,-3.7464895248413086,0.03275093720773809
4023,0,0,0.0041008327197639026,-5.492455959320068,0.010321814722034176
1868,0,0,2.0880911856833686e-05,-10.776654243469238,0.00029532619051282074
1261,0,0,0.002006454117605166,-6.209377765655518,0.006389686128598584
4707,0,0,0.00390378485264768,-5.541897296905518,0.009986674401136122
3372,0,0,0.003379535723651688,-5.686631679534912,0.00906628331460035
2648,0,0,0.0005370139860861476,-7.52894926071167,0.0026338622157584253
3394,0,0,0.01624008991553571,-4.103899002075195,0.025917309080921505
648,0,0,0.0022916420845142545,-6.076192378997803,0.0069860398769414425
1015,0,0,0.0008599496037853255,-7.05777645111084,0.0036155960873531443
436,0,0,0.00019346573152249422,-8.550216674804688,0.0013243910239283097
1172,0,0,0.00010746775837094518,-9.138212203979492,0.000891190714142362
1251,0,0,0.02325379740798498,-3.7377583980560303,0.03293800028506868
5302,0,0,0.029436982479561127,-3.495624542236328,0.038556005942259414
4363,0,0,0.0013296619234349286,-6.621500015258789,0.004846585011682536
1618,0,0,0.023250120760705328,-3.7379202842712402,0.032934522524948884
2529,0,0,0.001065466005624697,-6.8432769775390625,0.004176054010751622
5500,0,1,0.9933447041083407,5.005664825439453,0.925360260103065
4673,0,0,0.0012879628361331654,-6.653404712677002,0.004743896624599394
716,0,0,0.016807846291671782,-4.068958759307861,0.02651894122503133
1879,0,0,0.19018578840777747,-1.448803424835205,0.1375473235304253
1574,0,0,0.000715372516786902,-7.2419915199279785,0.003194505745745195
4954,0,0,0.00014946924059681127,-8.808270454406738,0.0011130630478714825
1084,0,0,0.00025124642863212453,-8.288825035095215,0.001579324678701924
2441,0,0,0.0023074314811672033,-6.069310188293457,0.0070183149846611195
4947,0,0,0.0011510349387254925,-6.765942096710205,0.00439867337156112
2042,0,0,0.0006845473477030224,-7.286067962646484,0.0031012270969422895
4928,0,0,0.00035304845560634796,-7.948552131652832,0.001985940595438969
2922,0,0,0.017936098943815388,-4.002840995788574,0.027694804404745837
1068,0,0,0.002592118235313789,-5.95268440246582,0.007588311844969298
5114,0,0,0.0025817402225605836,-5.956706523895264,0.00756790985359095
2189,0,0,0.005994528148196548,-5.11089563369751,0.013310915116106688
1493,0,0,0.00045727386619131394,-7.689770698547363,0.0023637596097622637
2101,0,0,0.0018543916484066785,-6.288342475891113,0.006060289431945665
5241,0,0,0.02253886858150055,-3.769717216491699,0.032258271704423656
5343,0,0,0.0006067111712103544,-7.406850814819336,0.002859299143401145
48,0,0,0.0026423904073695063,-5.933425426483154,0.007686760819233664
964,0,0,9.740997475854945e-05,-9.23648452758789,0.0008340840861167985
4296,0,0,0.0029318821004536647,-5.829174518585205,0.008242085708020786
705,0,0,0.002818155061787198,-5.8688507080078125,0.008026197122865522
2595,0,0,0.00880857324428855,-4.723182201385498,0.017220726026024043
776,0,0,0.012913657610151928,-4.336472034454346,0.022238345559786432
2443,0,0,0.12532847627144603,-1.9429103136062622,0.10256253126774098
3380,0,0,0.0009667082404590201,-6.940646648406982,0.003911651578806581
1992,0,0,0.0032817926346437017,-5.716078281402588,0.008889581382648592
2144,0,0,0.0274341019842893,-3.5681509971618652,0.036783065558109354
226,0,0,0.0018445783978395165,-6.293658256530762,0.006038731260379445
416,0,0,0.008712541614739121,-4.734241008758545,0.017094945611132877
787,0,0,0.0019698265051483143,-6.227838039398193,0.0063111214051888185
73,0,0,0.0008385453099798671,-7.083003044128418,0.0035548157839515094
3795,0,0,0.0013189480125306225,-6.629601001739502,0.004820303539758926
4700,0,0,0.0009236390064512713,-6.986265182495117,0.0037935795333546136
2202,0,0,0.00033364818325794173,-8.00508975982666,0.0019117790079686064
292,0,0,0.0008802543116622896,-7.034419059753418,0.0036727955525095966
5451,0,1,0.21872983277119046,-1.2730836868286133,0.1522198894491449
3383,0,0,0.013814281465736713,-4.268141746520996,0.02326281683825484
982,0,0,0.005816167158485266,-5.141280651092529,0.01304442395009991
5804,0,1,0.30407758355740283,-0.8279553055763245,0.19512116573981492
2851,0,0,9.923738955986936e-05,-9.217896461486816,0.0008445979575722209
1793,0,0,0.005246164962654563,-5.244997978210449,0.012173830564853496
4421,0,0,0.0007439070039482067,-7.202850341796875,0.003279681581416062
1975,0,0,0.0015851280323973373,-6.4455037117004395,0.0054540981492740516
2283,0,0,0.13816428214302093,-1.8306212425231934,0.10974625895917696
923,0,0,0.004283202328684718,-5.448761940002441,0.010627245946433338
5144,0,0,5.9864231280562676e-05,-9.723371505737305,0.0006007499480524292
1367,0,0,0.02521807367410683,-3.6546528339385986,0.03477093267952025
3450,0,0,0.007545994759703258,-4.87916374206543,0.015527776853316076
4039,0,0,0.10147643554239087,-2.1809263229370117,0.08870062054905578
4177,0,0,0.00020122124102371928,-8.510904312133789,0.0013599283763685692
3732,0,0,0.0023799537015740824,-6.0382914543151855,0.007165629302667869
4334,0,0,0.0003990806936159356,-7.8259477615356445,0.002156774889821467
3112,0,0,0.09319859426772702,-2.275190830230713,0.08369401890620887
969,0,0,0.004263529259124692,-5.453385353088379,0.010594508776159568
3224,0,0,0.0015565820459590154,-6.463705062866211,0.00538791039447476
250,0,0,0.0002854139710988549,-8.161284446716309,0.0017209514811194102
961,0,0,0.00011173978433985959,-9.099225997924805,0.000914913562378368
184,0,0,0.005515589519250746,-5.194645881652832,0.012589069873761818
822,0,0,0.30148226858119126,-0.8402493596076965,0.1938222189744913
5446,0,1,0.9904848828031743,4.645312786102295,0.9067400202909177
4642,0,0,0.0013545177073298893,-6.602954387664795,0.0049072894248044195
2692,0,0,0.0007565319826456962,-7.186008930206299,0.003317023486275743
2216,0,0,0.45689256874119594,-0.17285886406898499,0.2738391915510025
1605,0,0,0.07762308487794355,-2.4750890731811523,0.07391792612339339
2829,0,0,0.0009626086789521255,-6.9449005126953125,0.003900488499513157
4960,0,0,0.007079303673821787,-4.943475246429443,0.014878450243899907
5530,0,1,0.9939865933215615,5.10773229598999,0.9299779800495606
893,0,0,0.025795094925876026,-3.631437301635742,0.035300293793356675
3457,0,0,0.00037643759320934767,-7.8843817710876465,0.0020735986428729843
758,0,0,0.013976644662143184,-4.256292343139648,0.023445102455653965
3393,0,0,0.02588493197537664,-3.627868413925171,0.0353823572029536
2429,0,0,0.3722793184592386,-0.522450864315033,0.2295208844459629
1635,0,0,0.00036934078224952406,-7.903421401977539,0.002047194744684226
5736,0,1,0.17971103219283777,-1.5183064937591553,0.1320802299547148
4233,0,0,0.04522880972008507,-3.0497374534606934,0.05138832339623384
5456,0,1,0.06016828638892718,-2.7485554218292236,0.06224261499247205
1671,0,0,0.00274272810634661,-5.896055698394775,0.007881418638632409
5358,0,0,0.0073300993070531855,-4.908409118652344,0.015229110801606697
684,0,0,0.0002928645065114337,-8.135507583618164,0.0017510800570886597
4544,0,0,0.004488700012806274,-5.401693344116211,0.010966273709394302
1284,0,0,0.001339871787984779,-6.613840579986572,0.004871565121749
699,0,0,0.00022544880005389932,-8.397192001342773,0.001468173006384802
33,0,0,0.011480891055280044,-4.45552396774292,0.020557767840767145
363,0,0,8.655129689558753e-05,-9.354686737060547,0.0007702188624582442
2683,0,0,0.0025876346629365526,-5.95442008972168,0.007579500980041808
3831,0,0,0.006592834601981254,-5.015157222747803,0.014186194166752304
2095,0,0,0.004714322368723523,-5.352424621582031,0.011332607309640395
235,0,0,0.002183619112832607,-6.1245856285095215,0.006763216543134541
1491,0,0,0.015839175678493796,-4.129302978515625,0.025488243448689645
4936,0,0,0.05277363978914839,-2.887526273727417,0.05699099558252105
3483,0,0,0.008601410380165242,-4.747190475463867,0.016948808366372192
2419,0,0,0.0002925009144555079,-8.136750221252441,0.0017496156279489768
1885,0,0,0.0008389281319363083,-7.082546234130859,0.003555907306963181
805,0,0,0.00014511690448061813,-8.837825775146484,0.0010911188236724365
370,0,0,2.6743944003017623e-05,-10.529175758361816,0.00034895492746702945
5582,0,1,0.7789896993537625,1.2597885131835938,0.49776055203674247
881,0,0,0.001113582881494982,-6.799058437347412,0.004301932291776625
5494,0,1,0.0003689979952543723,-7.904350280761719,0.0020459152070017987
3546,0,0,0.00019479995276004594,-8.543342590332031,0.001330537417621715
4480,0,0,0.03682955984490264,-3.263929605484009,0.04478539424031571
2093,0,0,0.00046171456029808604,-7.6801018714904785,0.0023791879712498592
41,0,0,0.07666589352431526,-2.4885342121124268,0.07329955795616512
3311,0,0,0.008541499509306546,-4.7542405128479,0.016869764192116526
868,0,0,0.00519625552756774,-5.254607200622559,0.012096137197771537
5150,0,0,0.001030100741321804,-6.877068042755127,0.004082338346658859
3743,0,0,6.793861790177053e-05,-9.596837997436523,0.00065423582509702
474,0,0,0.06068952954229304,-2.739374876022339,0.06260501197771898
1240,0,0,0.0008412740242262497,-7.079751491546631,0.0035625924699357646
2110,0,0,0.0005916342054546376,-7.432030200958252,0.0028112860239224205
751,0,0,0.030519069983947017,-3.458409070968628,0.03949732406155282
3086,0,0,0.00044643385608889404,-7.713772773742676,0.0023258900209868027
5639,0,1,0.020761524849019476,-3.8536736965179443,0.030536605455136614
2936,0,0,0.04248715510236217,-3.1151373386383057,0.04928012636470145
373,0,0,0.0002791010134902382,-8.1836576461792,0.0016952210182188418
1528,0,0,0.004631124693664079,-5.37031364440918,0.01119821677322102
2130,0,0,0.013140908533664276,-4.3187971115112305,0.02249903819701027
4998,0,0,0.021898433976197257,-3.7991983890533447,0.03164327759031461
2272,0,0,0.004362574744081713,-5.430320739746094,0.010758821778719391
2542,0,0,0.0011826909913547304,-6.738779544830322,0.004479636456097636
3956,0,0,0.008640231526874605,-4.742648124694824,0.016999929347016163
411,0,0,0.0005924877075907509,-7.4305877685546875,0.0028140146768395546
3995,0,0,0.0026275794902267265,-5.939061164855957,0.007657821330396675
2440,0,0,2.1387965807897555e-05,-10.752660751342773,0.00030014283064095504
5447,0,1,0.013781468839787925,-4.270553112030029,0.023225891309595806
1092,0,0,4.141711492963945e-05,-10.091774940490723,0.0004686401534301082
1540,0,0,0.004853219672266393,-5.323247909545898,0.011555224726439167
4174,0,0,0.016975400383709136,-4.058868885040283,0.026695191476017035
2225,0,0,0.0050535856181044315,-5.282590866088867,0.01187266033116123
878,0,0,0.013096583267986366,-4.322220802307129,0.022448309087236128
2864,0,0,0.09361059726855242,-2.2703254222869873,0.08394602316263118
4989,0,0,0.008242912902767923,-4.790124416351318,0.016473020144551865
5838,0,1,0.9274204947285645,2.547724485397339,0.702600428379204
3543,0,0,0.005869488186774596,-5.132101058959961,0.01312437353076757
4315,0,0,0.01562718043365026,-4.142992973327637,0.025259899817423534
4280,0,0,0.011272879594543069,-4.474018573760986,0.020308098602613314
4364,0,0,0.031488653692779985,-3.426132917404175,0.04033151741543896
2655,0,0,0.019945130755360006,-3.8946235179901123,0.029729477638933775
4902,0,0,0.000327307399146107,-8.024283409118652,0.0018872360351869046
4345,0,0,0.01985357773798124,-3.899317741394043,0.029638285434936604
3122,0,0,0.003071420754093432,-5.782538890838623,0.008503214467850094
4029,0,0,0.00032426021861717334,-8.033639907836914,0.0018753861243186636
3589,0,0,0.0006267446919763643,-7.374344348907471,0.0029224949366273667
5208,0,0,0.0020334560225227704,-6.195982933044434,0.006447300568216746
1151,0,0,0.35214238329619085,-0.6096353530883789,0.2192878035127444
5734,0,1,0.39403667239771295,-0.43037548661231995,0.24068699491366624
5606,0,1,0.9986397612819508,6.598733901977539,0.9731946263036735
2091,0,0,8.727250096019073e-05,-9.34638786315918,0.0007745387572419245
688,0,0,0.0010362767606637454,-6.871084213256836,0.0040987798491517085
773,0,0,0.0024884653738555195,-5.993597507476807,0.007383303638501718
84,0,0,0.09839744668000025,-2.2151589393615723,0.08685192966643489
2968,0,0,0.005515526746842243,-5.194657325744629,0.012588973926711692
2426,0,0,0.00015249065535769799,-8.788254737854004,0.00112817413796694
1111,0,0,0.0022926573184647134,-6.075748443603516,0.006988117327282377
3081,0,0,0.0001887974586183865,-8.574646949768066,0.001302775504750009
2027,0,0,0.00022295076067740176,-8.408336639404297,0.0014571946066616874
4204,0,0,0.0007765404905333072,-7.159884929656982,0.0033757875362022457
4917,0,0,0.00011117595602657899,-9.10428524017334,0.0009117997749171431
4904,0,0,0.00037298598799075935,-7.893596649169922,0.0020607774084420143
2482,0,0,0.0006472449478619809,-7.342138290405273,0.002986479931055676
4745,0,0,0.04524690265654237,-3.049318552017212,0.05140209803352909
2806,0,0,0.0904632475303703,-2.3079917430877686,0.08201296307106119
5303,0,0,0.00877202443383999,-4.727376937866211,0.01717290934778924
2309,0,0,0.011739078287986487,-4.433023452758789,0.02086556928386269
5547,0,1,0.9898631215425181,4.581386566162109,0.9030295170047375
3104,0,0,0.12260572239157573,-1.9679827690124512,0.10101645542596743
2608,0,0,0.001029771544692065,-6.877388000488281,0.00408146106526503
2834,0,0,4.2290988466891146e-05,-10.070894241333008,0.0004752837028496406
3462,0,0,0.001734878419436641,-6.355081558227539,0.005795090353367578
886,0,0,0.0009873177117143712,-6.919530868530273,0.003967536853973818
1404,0,0,9.298485681044765e-05,-9.282980918884277,0.0008083537041077322
903,0,0,0.0005003053443016363,-7.599791526794434,0.002511282192247291
509,0,0,0.004548503279629245,-5.388398170471191,0.011063959253586825
4981,0,0,0.00020442756707962458,-8.495092391967773,0.001374489051344025
3935,0,0,0.00029905271494457946,-8.114591598510742,0.001775913655288202
1071,0,0,0.0007891061541973966,-7.143820285797119,0.003412437787129977
206,0,0,0.00012055131626138398,-9.023314476013184,0.0009629305649195229
1972,0,0,0.0036406608113052513,-5.611942768096924,0.009530233914710069
639,0,0,0.00509665231104042,-5.274061679840088,0.011940338552272705
5301,0,0,0.00041490975989069066,-7.787034511566162,0.002214003305507084
4735,0,0,0.0015360811565613862,-6.476983547210693,0.005340128812421378
3233,0,0,0.006186235070232106,-5.079223155975342,0.013594414938915462
1406,0,0,0.0013476580208971142,-6.608038425445557,0.0048905732367499136
3893,0,0,0.005904000922538121,-5.126203536987305,0.01317599284596294
2870,0,0,0.0678481857566049,-2.620223045349121,0.06749031145966579
3289,0,0,0.04426857130917807,-3.07220196723938,0.05065472215997571
4586,0,0,0.0015569059319111356,-6.463496685028076,0.005388663604635909
197,0,0,0.011236537031163292,-4.4772844314575195,0.020264320435598653
5498,0,1,0.9954495920589279,5.387977600097656,0.9413301080079279
985,0,0,3.6691079134091036e-05,-10.212940216064453,0.0004318809935817679
3651,0,0,0.009725352478861865,-4.623246192932129,0.0183993827102707
1090,0,0,0.001578576886936475,-6.449651718139648,0.005438943468060146
419,0,0,0.0016935048807652769,-6.379260063171387,0.0057018872683760385
2258,0,0,0.03324140854033094,-3.370152473449707,0.04181852654060633
850,0,0,0.0013793296799008215,-6.584777355194092,0.004967521408629689
1116,0,0,0.007124639207363491,-4.937046051025391,0.014942141287819139
2865,0,0,0.00013352768436152699,-8.92106819152832,0.0010316082270187188
1150,0,0,0.011577357232647426,-4.447059154510498,0.020673039285397765
1003,0,0,0.017685662422698343,-4.017157077789307,0.027435979533196177
5593,0,1,0.4010059651325996,-0.4012753367424011,0.24429220883744845
2247,0,0,0.00033780402552954124,-7.992706775665283,0.0019277819629157273
4498,0,0,0.013017065110536718,-4.3283915519714355,0.022357158662945513
4860,0,0,0.0002305775012644271,-8.374692916870117,0.0014905887911213745
1305,0,0,0.0002775711702437629,-8.189155578613281,0.001688957086927785
5024,0,0,0.7432906984924893,1.0631428956985474,0.46466183571241
1457,0,0,0.0009783379240134607,-6.928676605224609,0.00394323466888446
2174,0,0,0.08203058072901678,-2.415071964263916,0.07673715429082352
3745,0,0,0.7243978076202505,0.9663822054862976,0.44847095997091596
1921,0,0,0.0003732573899792173,-7.892868995666504,0.0020617869548583963
2709,0,0,0.0026102220045082264,-5.945706367492676,0.007623837114618345
1201,0,0,0.00043968446023652096,-7.729013442993164,0.0023021586741859227
2364,0,0,0.004036309825592654,-5.508379936218262,0.010212675783755733
1133,0,0,0.00425677935780607,-5.454976558685303,0.010583264960844276
2413,0,0,0.519587333560371,0.07838945090770721,0.3087922119052175
4343,0,0,0.0030216403608544387,-5.798929214477539,0.008410517690452117
3843,0,0,0.02383212227994298,-3.7126002311706543,0.03348279890936987
4768,0,0,0.009640852219826378,-4.632058143615723,0.01829234719725129
4403,0,0,0.0006754822555797251,-7.299407958984375,0.003073534705108501
2903,0,0,0.0008286691594031527,-7.094860553741455,0.003526599411889951
843,0,0,6.174644686514963e-05,-9.692412376403809,0.0006134182517647091
3148,0,0,0.1685573063379222,-1.5958865880966187,0.12619654366812036
4116,0,0,0.00011238510465510975,-9.093466758728027,0.0009184711059516345
4840,0,0,0.6400876588437716,0.57574462890625,0.38453991395803006
3291,0,0,0.0014261513088247254,-6.551348686218262,0.005080218410967724
2947,0,0,0.3180935111919228,-0.7625471353530884,0.20214277597943744
2336,0,0,0.37547678350785724,-0.5087918639183044,0.23115409733010842
3463,0,0,0.025823695268213927,-3.6302998065948486,0.03532642955569297
4582,0,0,0.008237145674786662,-4.790830135345459,0.016465310191782583
845,0,0,0.0001290475971839744,-8.9552001953125,0.0010081546253002224
2676,0,0,0.00010952873832782502,-9.119214057922363,0.0009026731872571004
3270,0,0,0.0017129210376060843,-6.367840766906738,0.005745719069537602
3365,0,0,0.0035292845432554195,-5.643124580383301,0.009333746925801313
312,0,0,0.00102014941479214,-6.886785507202148,0.004055777929073726
991,0,0,0.00036927899373940826,-7.903588771820068,0.0020469641324674733
5026,0,0,0.0008740490645252124,-7.041499614715576,0.00365536153816169
2398,0,0,0.00023596341710752352,-8.351597785949707,0.0015139538835276425
5028,0,0,0.00014030327552397418,-8.871563911437988,0.001066596695503151
1415,0,0,2.600988760234635e-05,-10.557007789611816,0.000342467747098486
3023,0,0,0.009726987476935437,-4.623076438903809,0.018401450671850058
3012,0,0,0.000544408854904076,-7.515265464782715,0.002658218422846217
4624,0,0,0.014895682440769767,-4.191676139831543,0.02446391721053653
919,0,0,0.0005653753707450291,-7.477455139160156,0.002726692319491747
1708,0,0,0.0014787890652209956,-6.51505184173584,0.005205466706958113
4164,0,0,6.579565277739731e-05,-9.628890991210938,0.0006402528639679539
600,0,0,0.0026894954701326386,-5.915708541870117,0.0077784455698713
4011,0,0,0.008228152119069914,-4.791931629180908,0.016453283504427235
1438,0,0,0.0002740073231337488,-8.202081680297852,0.0016743209313679543
1291,0,0,4.4987972333055984e-05,-10.00907039642334,0.0004955111059281007
4128,0,0,0.001013063707558531,-6.893762588500977,0.004036813920705041
2674,0,0,0.0007858639998914943,-7.147940635681152,0.0034029998854815885
3244,0,0,0.170703652347187,-1.5806485414505005,0.12733421997183364
1335,0,0,6.489429863306528e-05,-9.642685890197754,0.0006343272136164729
1074,0,0,0.0014101214548241738,-6.562668323516846,0.005041774877939032
5778,0,1,0.4404213596453806,-0.23945216834545135,0.26499907985805454
2389,0,0,2.5276614992295157e-05,-10.58560562133789,0.0003359276295109611
4303,0,0,0.12136859560621469,-1.979533314704895,0.10031118328975876
2769,0,0,0.33695760967425903,-0.6768817901611328,0.21162183363588735
4887,0,0,0.0013185360471949016,-6.629913806915283,0.004819291576353762
5224,0,0,0.0011851099473004598,-6.736733913421631,0.004485793575899719
1041,0,0,0.0007941149620082327,-7.137487888336182,0.0034269933882447932
204,0,0,0.001387628325899125,-6.578770637512207,0.004987586717647557
1917,0,0,0.0012796316400230808,-6.659902572631836,0.004723249553321895
3606,0,0,0.02532175376131323,-3.6504435539245605,0.034866341516891976
4422,0,0,0.001177920598297229,-6.742825984954834,0.004467481897488777
3303,0,0,0.0034664430844466663,-5.661153793334961,0.009221975278239836
5261,0,0,0.002405962941680092,-6.027396202087402,0.007218098269296576
1613,0,0,0.002714043135616023,-5.906598091125488,0.007826013675679427
4434,0,0,0.00018418367002694358,-8.599392890930176,0.0012812398585163658
1960,0,0,0.03588433292958755,-3.290910482406616,0.04401331998663394
5437,0,0,0.0615520214035841,-2.7243447303771973,0.06320257193576825
1386,0,0,0.0002654390023232075,-8.23386001586914,0.001638874544455379
924,0,0,0.7933810771285034,1.3454275131225586,0.5121982742390347
2109,0,0,0.03793114208172245,-3.23331356048584,0.04567712320734444
1168,0,0,0.0027537305158589595,-5.892041206359863,0.00790261873052938
1818,0,0,0.002029216301645483,-6.1980743408203125,0.0064382710292739875
3679,0,0,0.0007387354217936079,-7.209831714630127,0.0032643251328813394
5689,0,1,0.9988801807251186,6.7934675216674805,0.9764160643744112
307,0,0,0.006186325949826787,-5.0792083740234375,0.013594548632414234
4107,0,0,0.023270151553644907,-3.7370386123657227,0.032953467552199786
2812,0,0,0.5389070970979254,0.15594364702701569,0.3200669414679371
2953,0,0,0.0007809760304669403,-7.154184818267822,0.0033887467807641922
3689,0,0,0.033732209483538694,-3.354987859725952,0.04223028678431796
3857,0,0,0.1881105452954732,-1.462334394454956,0.13646827868679717
3510,0,0,0.010292977908040832,-4.56594705581665,0.019110515560140654
2772,0,0,0.011486228180892663,-4.455053806304932,0.0205641538298626
2168,0,0,0.0019834917299215303,-6.220911026000977,0.0063404888002189675
5525,0,1,0.005462268322064368,-5.204413890838623,0.012507437191287513
3958,0,0,0.025896753606813577,-3.6273996829986572,0.03539314889935192
741,0,0,0.7032492162603153,0.8628186583518982,0.43126282784219866
5090,0,0,0.04892326669251368,-2.967341661453247,0.054165914082253616
5220,0,0,0.00047951704175552633,-7.642251491546631,0.0024405575921545557
5370,0,0,0.0007465481411155781,-7.19930362701416,0.00328751060768277
3721,0,0,0.00014663808090221265,-8.827396392822266,0.0010988126412871104
314,0,0,0.0002869856597439887,-8.155791282653809,0.001727328320845007
3275,0,0,0.0002601933850094907,-8.253825187683105,0.0016169890930301642
3532,0,0,0.00027416332907607266,-8.201512336730957,0.001674962922204219
1100,0,0,5.749287490747957e-05,-9.763792037963867,0.0005846028055967036
3595,0,0,0.00042646308211715425,-7.759558200836182,0.0022553220210569792
677,0,0,0.0004320723965848985,-7.746485233306885,0.002275250304728464
2005,0,0,0.017622764150333526,-4.0207839012146,0.0273707831540999
2396,0,0,6.593980677531227e-05,-9.626702308654785,0.0006411980922175952
2207,0,0,0.0002196813271395042,-8.423112869262695,0.0014427650761005195
5066,0,0,0.0011036788353883727,-6.80800199508667,0.004276171219378794
3111,0,0,0.00020587819661232787,-8.488019943237305,0.0013810521280591787
83,0,0,0.044977480631001175,-3.055572986602783,0.05119679767750588
5363,0,0,0.04713800206183369,-3.0063905715942383,0.05283234440325328
4781,0,0,0.001187635655015245,-6.734602451324463,0.004492217998779398
2377,0,0,0.001021860901572833,-6.885107517242432,0.004060351997741453
1194,0,0,0.00773797621484673,-4.853847026824951,0.015790971748252766
5791,0,1,0.8261508391505953,1.5585893392562866,0.54799508933139
3638,0,0,0.002272824710336328,-6.084456443786621,0.006947478941121622
5115,0,0,0.008500372860764934,-4.759108543395996,0.016815395991428117
5650,0,1,0.9999462264015563,9.830674171447754,0.99689557342297
5725,0,1,0.997166182494503,5.863292694091797,0.9567254303594339
353,0,0,0.005602744492052415,-5.178880214691162,0.012721936802342744
4392,0,0,0.009394067732316665,-4.658238410949707,0.017977937139518486
1727,0,0,0.00019552736304464738,-8.5396146774292,0.0013338825985937009
1167,0,0,0.0013748692863839714,-6.5880208015441895,0.0049567201628840304
1298,0,0,0.00022427155892869603,-8.40242862701416,0.001463004244131438
798,0,0,1.787395640809467e-05,-10.932147979736328,0.00026593038691802046
4104,0,0,0.03201629946107873,-3.4089701175689697,0.04078194653628432
949,0,0,0.0011983087484292827,-6.725645065307617,0.004519316660969384
580,0,0,0.0006026823160440119,-7.413517475128174,0.002846507855740052
332,0,0,0.20962381437115588,-1.3271944522857666,0.1475696700203224
3004,0,0,0.001971833638567528,-6.226817607879639,0.006315439068312609
2178,0,0,0.008857400326787666,-4.717605113983154,0.017284503033063014
1031,0,0,0.00028211259693732146,-8.172922134399414,0.0017075191881852597
4579,0,0,0.020264742251032572,-3.8783998489379883,0.030046745278026688
4254,0,0,0.007702856720856902,-4.858431339263916,0.015742989488519977
210,0,0,4.36139207293936e-05,-10.040090560913086,0.00048525666940984466
1128,0,0,0.00014826014016062718,-8.816393852233887,0.0011069880291804432
2481,0,0,0.00014549404816226516,-8.835229873657227,0.001093028790836229
5119,0,0,0.000305722660489234,-8.09252643585205,0.0018024928276634867
1107,0,0,0.002322962490623432,-6.062586307525635,0.007049990649505906
2193,0,0,0.0030404502559252425,-5.7927045822143555,0.008445602998662628
680,0,0,0.2486673715186668,-1.1057323217391968,0.1673644445992698
3574,0,0,0.0007252112954995916,-7.2283220291137695,0.00322399864652554
2873,0,0,0.0035647829475508046,-5.633080959320068,0.009396593023399874
3616,0,0,0.015486204510029095,-4.152198314666748,0.02510748011495879
993,0,0,0.0003222874475017404,-8.03974437713623,0.0018676949379827605
589,0,0,0.0002688194072816119,-8.22120189666748,0.001652903069519905
3739,0,0,0.019591756764788495,-3.912860155105591,0.02937672122568351
1640,0,0,0.0007346789229172142,-7.215342044830322,0.003252255060800956
193,0,0,0.0011719821125205072,-6.7478861808776855,0.004452328442950334
4919,0,0,0.03720370638617446,-3.2534334659576416,0.045089221895453516
733,0,0,0.01123163233339206,-4.477725982666016,0.02025840862715794
1935,0,0,0.20753848019700624,-1.3398271799087524,0.14650108591961913
5462,0,1,0.0002556661590588393,-8.271382331848145,0.0015979845289446318
5226,0,0,0.0006746323900259237,-7.300667762756348,0.0030709322626095237
2842,0,0,0.006097700905277599,-5.093727111816406,0.013463858634587673
1561,0,0,9.335285010330929e-05,-9.279030799865723,0.0008105084620132
5077,0,0,0.00035088905981850595,-7.9546895027160645,0.001977753107926919
1856,0,0,0.006649425596015435,-5.0065531730651855,0.014267580025298742
829,0,0,0.0022709721088987967,-6.085273742675781,0.006943676848541694
5560,0,1,0.9873521813966354,4.357542037963867,0.8889808497089071
93,0,0,0.03388567486047231,-3.350289821624756,0.042358635658981104
2375,0,0,0.10385473281679647,-2.155109405517578,0.09011825071397533
2453,0,0,0.002481242626153,-5.996511459350586,0.007368913842858965
4689,0,0,0.0034470095602963384,-5.666795253753662,0.009187274321354633
4135,0,0,0.007779365723107837,-4.848470687866211,0.01584742720595309
5818,0,1,0.714036276216508,0.9150688052177429,0.4399266544705064
4491,0,0,0.00042144570523902007,-7.771398067474365,0.002237423792906397
3792,0,0,0.11398711611419918,-2.0506460666656494,0.0960647817518887
5816,0,1,0.209488928597872,-1.328008770942688,0.1475005941013278
1138,0,0,0.03516232970932319,-3.3119845390319824,0.0434191215545787
2514,0,0,0.05649368095871103,-2.815474271774292,0.05965965458785106
4850,0,0,0.0012141926300570363,-6.712460994720459,0.004559498545688074
1057,0,0,0.12723163688914166,-1.9256608486175537,0.10363834421047535
549,0,0,0.00012433699495837696,-8.992390632629395,0.0009832054552027345
141,0,0,0.0001147479768971468,-9.072657585144043,0.0009314407250805615
3171,0,0,0.0008866015624181832,-7.027227878570557,0.003690586751112919
574,0,0,0.00041880585221014047,-7.777684211730957,0.0022279787499718557
3954,0,0,0.2059970184683264,-1.3492255210876465,0.1457102582507835
4823,0,0,0.6561017212147493,0.6459699273109436,0.3958091685744719
5186,0,0,0.6422814274660662,0.5852800011634827,0.386063126245421
3445,0,0,0.0013016037827527076,-6.642855644226074,0.004777607942946889
2502,0,0,2.3914795818460676e-05,-10.640989303588867,0.00032361470615741977
1456,0,0,0.005963397325383894,-5.116133689880371,0.013264594726955806
2551,0,0,0.0007825896638337525,-7.152119159698486,0.0033934552996215043
2741,0,0,0.0026865579240853486,-5.916804313659668,0.00777274361252962
1308,0,0,0.0034848099035720112,-5.655850887298584,0.00925471214734759
3430,0,0,0.053450353669286535,-2.874070167541504,0.05748071632547268
3590,0,0,0.06392586111400164,-2.6839706897735596,0.06483416741251329
5397,0,0,0.0015968591770630384,-6.4381184577941895,0.005481184083557663
328,0,0,0.0010946868266139122,-6.816191673278809,0.004252716377420609
1933,0,0,0.07670429804050857,-2.4879918098449707,0.07332441161714819
2663,0,0,0.24649530514150084,-1.1173923015594482,0.1662713960035917
782,0,0,0.0001150663912929713,-9.069886207580566,0.0009331817771638779
5690,0,1,0.9891254913724142,4.51039981842041,0.8987552982033158
4077,0,0,0.09804035521535569,-2.2191905975341797,0.08663651422197645
5155,0,0,0.027044197321814924,-3.5828661918640137,0.03643303754281727
1299,0,0,0.32374569304414563,-0.7366108894348145,0.20497879102823652
3458,0,0,0.005074554681807519,-5.27842903137207,0.011905636585657891
5584,0,1,0.9245991157040431,2.5065412521362305,0.6967639297308932
1890,0,0,0.03061613747145802,-3.4551334381103516,0.03958122440145482
5179,0,0,0.03548753121536847,-3.302441358566284,0.043687243833297244
4799,0,0,0.09322783512985565,-2.2748448848724365,0.083711914453777
597,0,0,0.0023963922809541825,-6.031391620635986,0.007198813134376163
5417,0,0,0.007080936176379857,-4.943243026733398,0.014880746074929415
3753,0,0,0.001104949642927365,-6.806849956512451,0.004279480919566599
1093,0,0,0.002074439433033389,-6.175987720489502,0.006534266458797044
4738,0,0,0.003000738770375587,-5.805891513824463,0.008371445702418198
4837,0,0,0.434973615382685,-0.2615870535373688,0.262101463847076
5625,0,1,0.9830830963816553,4.062380313873291,0.867759951322761
2742,0,0,0.008284684602731138,-4.785027503967285,0.016528809210983385
4428,0,0,0.0008893793119547895,-7.024096965789795,0.003698359528265008
5480,0,1,0.8594909523866591,1.8110684156417847,0.5897330542386953
469,0,0,0.00035409050958441996,-7.945603847503662,0.0019898857385353993
3788,0,0,0.08547820748672086,-2.3701398372650146,0.07891196505751216
487,0,0,0.00214129215726752,-6.14420223236084,0.006674916885572474
617,0,0,0.00044562856769166527,-7.715579032897949,0.0023230647831918656
5132,0,0,0.0006630929100598469,-7.31793212890625,0.003035488904083768
726,0,0,0.003182099457020985,-5.7470269203186035,0.008707544155581675
3641,0,0,0.0052097213084309835,-5.252005577087402,0.012117123602969451
4639,0,0,0.0012536143868063395,-6.680469989776611,0.004658483962769141
2780,0,0,0.019386147603931255,-3.9236199855804443,0.029170498200215587
4161,0,0,0.0022528749346907217,-6.093292713165283,0.0069064818368093205
3358,0,0,0.00048603065630196127,-7.628752708435059,0.002462824075670562
3856,0,0,0.0002276466213515341,-8.38748836517334,0.0014777991375265968
4815,0,0,0.044710035804170205,-3.061816930770874,0.050992615610676896
635,0,0,0.0006396560993245725,-7.353940010070801,0.002962872470996979
232,0,0,0.00020653665692534198,-8.48482608795166,0.0013840262037655027
2630,0,0,0.0037951370774747415,-5.570232391357422,0.00979948306223907
2976,0,0,6.753335825863556e-05,-9.602821350097656,0.0006516026473350579
313,0,0,0.014045225201644826,-4.251327991485596,0.023521885409391593
861,0,0,0.011011280480461894,-4.497762680053711,0.019991912906915363
780,0,0,0.07149475301914167,-2.5639519691467285,0.0699184612566532
1638,0,0,0.004260906516269656,-5.45400333404541,0.010590140581337216
227,0,0,0.0006522459290513968,-7.334436416625977,0.003001987336346248
1241,0,0,0.00017100969714047034,-8.673619270324707,0.001218752276812183
874,0,0,0.0018989994710026591,-6.264527320861816,0.0061578147019275935
2624,0,0,0.01059417374102685,-4.536800384521484,0.01948252403242191
526,0,0,0.004056857167304616,-5.503281593322754,0.010247493674620346
417,0,0,0.42479708044879194,-0.3031112849712372,0.2567210478687969
3106,0,0,2.0188251994097464e-05,-10.810389518737793,0.0002886843302745155
5380,0,0,0.0014070160602281075,-6.564876079559326,0.005034310739498844
5258,0,0,0.0004209636770485968,-7.772542953491211,0.002235700610904176
2816,0,0,0.0037181989645669595,-5.590790748596191,0.009665846215977237
2558,0,0,0.004523187791403487,-5.394004821777344,0.011022660216490105
2128,0,0,0.11344231429098746,-2.056051731109619,0.09574864765508409
5830,0,1,0.005135141443771846,-5.2664995193481445,0.01200066219399446
5633,0,1,0.09426647779696189,-2.2626194953918457,0.08434656287599566
4565,0,0,0.0016526899084058988,-6.4036970138549805,0.005609202364211188
2276,0,0,0.0012806997452170258,-6.659067153930664,0.004725899093451894
270,0,0,0.0275773849820322,-3.5627944469451904,0.03691128222995603
1046,0,0,0.0026220244776018224,-5.941183090209961,0.00764695329221502
1076,0,0,2.035355428840661e-05,-10.802234649658203,0.000290276060165696
2187,0,0,0.012667877713967919,-4.3559370040893555,0.021954666125453347
5183,0,0,0.0007982338621636075,-7.132310390472412,0.0034389403086786006
883,0,0,0.007428151278972148,-4.895022392272949,0.015365113204501945
1200,0,0,0.001737231945004878,-6.353723526000977,0.005800369979248811
5749,0,1,0.994780508164151,5.2501220703125,0.9359793826345464
5305,0,0,0.02524586307414354,-3.6535229682922363,0.03479651782360198
2045,0,0,0.018259465312288573,-3.9846434593200684,0.028027229087896236
3161,0,0,0.00018625222150526073,-8.58822250366211,0.0012909167317090452
3964,0,0,0.011386883322923057,-4.463840961456299,0.02044512231912713
1214,0,0,0.06350890204541523,-2.690959930419922,0.0645489394328789
52,0,0,0.0007922771119144207,-7.139806747436523,0.0034216561098791877
1131,0,0,6.35120146456319e-05,-9.664217948913574,0.0006251873878801265
5412,0,0,7.956094808829699e-05,-9.438907623291016,0.0007277176154371187
988,0,0,0.00041225226983805294,-7.793462753295898,0.002204446092792144
4300,0,0,7.63794789457638e-05,-9.479720115661621,0.0007079731602405483
4937,0,0,0.0004036843106232758,-7.814473628997803,0.002173494326427098
5050,0,0,0.04048150174602325,-3.165586471557617,0.04771017115092287
3044,0,0,0.0032319837526188547,-5.731421947479248,0.00879886466659174
5112,0,0,0.0006327710110089719,-7.364768981933594,0.002941374562860308
3061,0,0,0.0008438254511070481,-7.076720714569092,0.0035698563939898986
5317,0,0,0.00012226805943132868,-9.009172439575195,0.000972150285115666
4225,0,0,0.0014077083129017877,-6.564383506774902,0.005035975111136998
4749,0,0,0.011280216284532064,-4.473360538482666,0.020316930637498606
857,0,0,0.07678739651163853,-2.48681902885437,0.07337817667999645
4468,0,0,0.000850209134350444,-7.069177627563477,0.0035879991969586804
3158,0,0,0.0015329542229200472,-6.479024410247803,0.005332822388500195
3057,0,0,0.0007322761619704806,-7.218620300292969,0.0032450953400026553
113,0,0,0.00013783207968845273,-8.889336585998535,0.001053901041684437
1420,0,0,0.00020007297991957138,-8.51662826538086,0.0013546954372777018
2359,0,0,0.00039091846287033855,-7.846620559692383,0.002126974940204708
4907,0,0,0.03067755282309384,-3.453066110610962,0.039634263768143545
890,0,0,0.711246745909738,0.9014468789100647,0.43766419204401324
4202,0,0,0.0013979018669657698,-6.571383953094482,0.005012372368692813
106,0,0,0.00039637809822417637,-7.832745552062988,0.002146930147940402
136,0,0,0.0015496513468823427,-6.468174457550049,0.0053717803417629795
3643,0,0,0.00022145227495683835,-8.415081977844238,0.0014505897457655977
2355,0,0,0.010280040574989562,-4.567217826843262,0.01909445572255128
5571,0,1,0.6299770131335647,0.5321182012557983,0.3776001109622602
683,0,0,0.0465590853739613,-3.019355297088623,0.05239647857966768
5060,0,0,0.0004310161915262119,-7.748933792114258,0.0022715044245001093
2489,0,0,0.008089321280819338,-4.809088230133057,0.016267070037126616
4262,0,0,0.0009501603991069562,-6.9579291343688965,0.0038664955678795617
5694,0,1,0.0003616009073972208,-7.924607753753662,0.0020182080242801335
3952,0,0,0.0001452147680056675,-8.837151527404785,0.0010916145891874678
24,0,0,0.00046582255296413115,-7.671239852905273,0.0023934171434976848
3402,0,0,0.0028440210799086114,-5.8596882820129395,0.008075548793378004
636,0,0,0.0020688037336899314,-6.178713798522949,0.006522341568668072
3329,0,0,0.013615980272801077,-4.282801628112793,0.023039210064429865
5257,0,0,0.002915831732323751,-5.834680080413818,0.008211787846269926
4063,0,0,0.0010509203056152242,-6.857037544250488,0.0041376348116330935
3839,0,0,0.00034196874057664905,-7.980449199676514,0.0019437545160145044
1517,0,0,0.004237074232358265,-5.459636211395264,0.010550406669239202
468,0,0,6.574942706591307e-05,-9.629593849182129,0.0006399496155756262
4864,0,0,0.3239780699320047,-0.7355496883392334,0.2050954551677201
1304,0,0,0.005619279652781628,-5.17591667175293,0.012747066505174832
2477,0,0,0.0014803614479074773,-6.5139875411987305,0.005209185242699074
1346,0,0,0.00518811540673252,-5.25618314743042,0.012083442040460036
445,0,0,8.533429449569298e-05,-9.36884880065918,0.0007629024683807078
2530,0,0,0.0013119576779562965,-6.634922027587891,0.0048031181241470645
2735,0,0,0.0011867106341199166,-6.735382556915283,0.004489865626759022
3741,0,0,0.11476332696231172,-2.042983055114746,0.09651452847161895
2532,0,0,0.0013749648740646323,-6.587951183319092,0.004956951758197995
4678,0,0,0.0031268723145176165,-5.764590263366699,0.008605886568542347
2106,0,0,0.0024630527467976136,-6.00388765335083,0.00733261272003073
4751,0,0,0.005815304207809825,-5.141429901123047,0.013043128036629903
624,0,0,0.0003996287143877192,-7.824574947357178,0.0021587684963606905
3684,0,0,0.0014857895145808438,-6.510322093963623,0.0052220120993388295
664,0,0,0.00046618747138727493,-7.670456409454346,0.0023946791451094833
2099,0,0,0.07031502404951664,-2.581860303878784,0.06913706204270993
1376,0,0,0.0010067429087752746,-6.900027751922607,0.004019860204725365
3620,0,0,0.0024876061992275757,-5.993943691253662,0.007381592640829484
5444,0,1,0.04544295716271492,-3.0447895526885986,0.05155124719114581
1630,0,0,0.0009084407915777501,-7.002871990203857,0.0037514842484441496
4595,0,0,0.00019309493841653533,-8.552135467529297,0.0013226804224649063
832,0,0,0.047892277104632806,-2.9897239208221436,0.05339769699620068
1156,0,0,0.0019583771859154704,-6.233678817749023,0.006286464210250049
4881,0,0,0.005218031283456253,-5.25040340423584,0.012130065671679374
5402,0,0,0.00284091793883355,-5.860783100128174,0.008069635965686953
1712,0,0,0.01750455421161201,-4.027634620666504,0.02724804406007357
3803,0,0,0.005111449346870503,-5.271147727966309,0.01196354769931111
696,0,0,0.0014547893009159007,-6.53143835067749,0.005148546434344175
3782,0,0,0.001379509657137482,-6.584646701812744,0.0049679569976830385
4125,0,0,0.00119179070846816,-6.731105804443359,0.004502777057878973
247,0,0,0.00452896707730892,-5.392722129821777,0.011032095158109542
1056,0,0,0.00033555080695739543,-7.999401569366455,0.001919113520605123
2606,0,0,0.03330652740347377,-3.3681280612945557,0.041873271923580584
381,0,0,0.0038723401673589415,-5.550016403198242,0.009932677898882972
1029,0,0,0.0017873138191687383,-6.325252532958984,0.005912164345157539
1062,0,0,0.01308523559902959,-4.323099136352539,0.022435312761852795
5581,0,1,0.8653637419893774,1.860573172569275,0.5977866496079794
1705,0,0,0.0001161869287424062,-9.06019401550293,0.0009392962746405286
2596,0,0,0.008643001180419494,-4.7423248291015625,0.01700357358343848
3832,0,0,0.00011258665145115044,-9.0916748046875,0.0009195808316410966
4641,0,0,4.86391510211115e-05,-9.93103313446045,0.000522276167103372
3627,0,0,0.1532654319937977,-1.7092159986495972,0.11800579048344259
5268,0,0,0.009958955956142275,-4.599274158477783,0.018693681675021036
3898,0,0,0.00768102646833808,-4.861291408538818,0.015713126931590396
675,0,0,0.5024099766376166,0.0096399812027812,0.29898390619273735
4412,0,0,0.0004505435804464443,-7.7046051025390625,0.0023402824591026348
1781,0,0,0.00027714595663707236,-8.190689086914062,0.0016872140477150936
1792,0,0,0.031050594739160928,-3.440594434738159,0.03995568540486645
3342,0,0,0.0019895600399796724,-6.217850208282471,0.006353508495611804
870,0,0,0.00019173600853863098,-8.559199333190918,0.001316401986412785
3866,0,0,0.002904151782405098,-5.838705539703369,0.008189705119659371
1864,0,0,0.002731161647748087,-5.900293350219727,0.007859101275400349
2410,0,0,0.006222890555997256,-5.073278427124023,0.013648286018218153
191,0,0,0.0003099925098768815,-8.078652381896973,0.0018194081375188108
1626,0,0,0.1337264284448126,-1.8684046268463135,0.10728110690042142
269,0,0,0.0002793371414900596,-8.182811737060547,0.0016961868400439347
47,0,0,2.5580438578491885e-05,-10.573657035827637,0.000338644860920068
3228,0,0,0.0005980668279064688,-7.421209812164307,0.0028318194948214995
4431,0,0,7.771532185320802e-05,-9.462380409240723,0.0007162955818996331
4091,0,0,0.0011584934441453993,-6.7594757080078125,0.004417814537745502
1974,0,0,0.010675481296035677,-4.5290727615356445,0.019582338821616602
4207,0,0,0.0441111755525603,-3.0759284496307373,0.05053399273706044
3281,0,0,0.0008441821250635401,-7.076297760009766,0.0035708712704335304
302,0,0,0.01076081657910336,-4.521024703979492,0.019686825294033174
4444,0,0,0.0035320609907801372,-5.642335414886475,0.009338669873935359
5724,0,1,0.9984369705955126,6.459565162658691,0.9706341465363681
351,0,0,2.8574373819581126e-05,-10.462971687316895,0.00036488391304526703
4042,0,0,0.00020792432238191753,-8.478128433227539,0.001390283756335822
3868,0,0,5.0354182556804234e-05,-9.896378517150879,0.0005346207032169603
1401,0,0,0.00015339263734805993,-8.782356262207031,0.0011326662260471364
4855,0,0,0.0005767238707495785,-7.4575700759887695,0.002763406789393193
669,0,0,0.0020430165638971472,-6.191282749176025,0.006467639292064022
5776,0,1,0.9938860538357424,5.091050148010254,0.9292417370140614
1744,0,0,0.00214517446991956,-6.1423869132995605,0.006683039819690713
1472,0,0,9.723401755910559e-05,-9.238292694091797,0.0008330683477282251
5394,0,0,0.0010673205440509617,-6.841536045074463,0.004180939902252649
3693,0,0,0.0003903087028109349,-7.848182201385498,0.0021247405877477614
1033,0,0,0.006603480008916989,-5.013533115386963,0.014201521514746655
581,0,0,0.0004984562901089901,-7.603496074676514,0.0025050310504895193
1971,0,0,0.00011691354672226254,-9.053958892822266,0.000943250957135368
1844,0,0,0.0034386103004997205,-5.669243335723877,0.009172256302035822
3301,0,0,0.022762708741875963,-3.759605884552002,0.03247184903768808
3560,0,0,5.887938554427818e-06,-12.042598724365234,0.00012576473620868212
5336,0,0,0.001046194358470193,-6.861549377441406,0.004125114656879744
1075,0,0,0.0010764955695777786,-6.832967281341553,0.004205071047301481
1993,0,0,0.10601472439373756,-2.1321113109588623,0.09139825419289654
123,0,0,0.010265273371108484,-4.568670272827148,0.01907611610686364
2823,0,0,0.1658249631158008,-1.6155104637145996,0.12474424259265961
1318,0,0,2.8131408504804123e-05,-10.478595733642578,0.00036106037436365576
1307,0,0,0.00044086148621610006,-7.726338863372803,0.002306305732475907
1475,0,0,0.0034206942044142544,-5.674485206604004,0.00914018123435975
2170,0,0,0.7081294261774582,0.8863164186477661,0.43515421760531
4652,0,0,0.004572121284933801,-5.383195400238037,0.011102420122816137
3631,0,0,0.001081254722476382,-6.828551292419434,0.004217561352475619
790,0,0,0.0005093026081192541,-7.581958770751953,0.002541592023022785
1867,0,0,0.009331173510715097,-4.665019512176514,0.017897368776121435
3041,0,0,0.777710385685753,1.2523730993270874,0.49651023175867504
1910,0,0,6.703654167474342e-05,-9.61020565032959,0.0006483675316061327
1217,0,0,0.014522791596979164,-4.217406749725342,0.024053146391939194
291,0,0,0.0001685358836806438,-8.688193321228027,0.001206845371843771
4244,0,0,0.07521665926183621,-2.5091867446899414,0.07235898228652006
5750,0,1,0.9963532023178221,5.610252380371094,0.9490822599118298
2843,0,0,0.001152795534631992,-6.764411926269531,0.004403195360502379
4119,0,0,0.0008996041326315294,-7.012655735015869,0.0037269023808050193
4676,0,0,0.00019080771564376637,-8.564053535461426,0.0013121047841833048
5350,0,0,0.01412339646839882,-4.24569845199585,0.023609253684843703
5716,0,1,0.9813343195634895,3.962226629257202,0.8598140031371502
2573,0,0,0.003775845708614825,-5.575347900390625,0.009766060388529821
2793,0,0,0.0009336869193653416,-6.975435256958008,0.003821284611318088
1089,0,0,0.0003334052543577034,-8.005818367004395,0.0019108415450041199
3862,0,0,0.002812509868353856,-5.870861530303955,0.008015406305899747
2547,0,0,0.0023702314202504677,-6.042394638061523,0.007145967639444124
2400,0,0,0.0012746655778182283,-6.6637959480285645,0.004710921154609143
2088,0,0,0.027230399232041732,-3.5758132934570312,0.036600401983536514
4405,0,0,0.0009347906769380553,-6.974252700805664,0.003824322001970247
3917,0,0,0.00046403452825664513,-7.6750874519348145,0.002387228903249728
387,0,0,0.00011405580509226598,-9.07870864868164,0.0009276505584778197
238,0,0,0.0013386963869363568,-6.614719390869141,0.004868692516305319
3726,0,0,0.028917803130202386,-3.513953685760498,0.038100344123080825
2978,0,0,0.0009298481864991236,-6.979558944702148,0.0038107117248331233
1684,0,0,0.9461969217347431,2.8671200275421143,0.7455719077755073
4978,0,0,9.271419027030595e-05,-9.285896301269531,0.0008067670586842594
4667,0,0,0.006656339407993753,-5.005506992340088,0.014277507191272068
3495,0,0,0.0010028606208368639,-6.903895378112793,0.004009429715003831
528,0,0,0.0009368994428747233,-6.971997261047363,0.0038301217591802934
274,0,0,0.1692218199389706,-1.5911524295806885,0.1265490627799348
179,0,0,0.00010788905006199648,-9.134299278259277,0.0008935436906054576
2518,0,0,0.012160102583047982,-4.397360324859619,0.021362694083712795
1839,0,0,0.0006508152765506559,-7.336633682250977,0.0029975550661676706
3965,0,0,0.004352778755883862,-5.4325785636901855,0.01074262629954185
736,0,0,9.794358818341667e-05,-9.2310209274292,0.0008371607907666664
3196,0,0,0.0973798567327894,-2.226682424545288,0.08623750253636209
3368,0,0,0.9621683873252346,3.236044406890869,0.7898398679381269
667,0,0,0.006322915318012666,-5.057231903076172,0.013794752759481105
968,0,0,0.005480826038901821,-5.201003551483154,0.012535878342758586
2622,0,0,0.0009414397545083414,-6.967158317565918,0.003842594455514012
1470,0,0,0.009226123212615438,-4.67644739151001,0.017762391981734686
3668,0,0,0.004894805564838115,-5.314673900604248,0.011621461982062233
1132,0,0,0.0010215742381437607,-6.885388374328613,0.004059586045578345
5538,0,1,0.9043249189241218,2.2462308406829834,0.6584432305818415
58,0,0,0.020214551513244614,-3.8809309005737305,0.0299970332803689
2952,0,0,0.0004857435015256839,-7.6293439865112305,0.002461844521536424
4987,0,0,0.08546089476290916,-2.370361328125,0.07890110748239357
198,0,0,0.0003351062822706274,-8.000727653503418,0.0019174011239103286
2409,0,0,0.5403474721193793,0.16174156963825226,0.3209185595634351
1757,0,0,0.00021882505822477905,-8.427019119262695,0.001438974382842299
4203,0,0,0.06053195267966222,-2.74214243888855,0.06249555712625102
3434,0,0,0.12512004862673523,-1.9448130130767822,0.10244447148724244
2391,0,0,0.003851774083736436,-5.555362224578857,0.009897283161372379
661,0,0,0.02377260217522842,-3.7151618003845215,0.03342693288282244
3484,0,0,0.006134218757406346,-5.087719440460205,0.013517785539528935
3286,0,0,0.0005241647472479859,-7.55318021774292,0.002591277560276641
4502,0,0,0.00022852759610314855,-8.383625030517578,0.0014816491318076282
1827,0,0,0.002612540728680855,-5.9448161125183105,0.00762838126922284
2010,0,0,0.004920714813297667,-5.30936861038208,0.011662635001519844
3704,0,0,2.689897334588716e-05,-10.523395538330078,0.00035031752854960214
5482,0,1,0.9539410361611765,3.03067946434021,0.7659260776632594
2051,0,0,0.00020306458918956642,-8.50178337097168,0.0013683086444631646
5065,0,0,0.00811155814360106,-4.806320667266846,0.016296967655321588
1387,0,0,0.0004038946738662939,-7.813952445983887,0.002174256826967472
5708,0,1,0.0039278518319970255,-5.535727024078369,0.01002790432830298
5159,0,0,0.003496724456429656,-5.652425765991211,0.009275917899496356
2483,0,0,0.0011851697788922916,-6.736683368682861,0.004485945816466814
4070,0,0,0.013372280529790496,-4.3011088371276855,0.02276291601640668
1174,0,0,0.00018312772613601647,-8.605143547058105,0.001276286365045621
599,0,0,0.00011902097349071374,-9.036091804504395,0.0009546756885606567
5632,0,1,0.42039545761659897,-0.3211502134799957,0.25440634368888826
1930,0,0,0.0010133320558928733,-6.893497467041016,0.004037532915538099
1866,0,0,0.013367242268571968,-4.301490783691406,0.022757186243568456
5088,0,0,0.001603676928038408,-6.43385124206543,0.005496895328669751
1807,0,0,0.00011936171447146666,-9.033232688903809,0.000956516677301945
155,0,0,0.001040025676034904,-6.867469310760498,0.0041087442913871315
2546,0,0,0.002607613877918329,-5.946708679199219,0.007618724200028144
2428,0,0,0.007081965481975451,-4.94309663772583,0.014882193523479463
879,0,0,0.0006083773789463248,-7.404106616973877,0.0028645810593145877
3554,0,0,0.012997640920079689,-4.329904556274414,0.022334864781862453
4636,0,0,0.0013094753182792053,-6.6368184089660645,0.004797008095244249
1187,0,0,0.0016337531304063259,-6.415240287780762,0.005565943318059986
5131,0,0,0.14882128189643676,-1.7438759803771973,0.1155943466517811
2715,0,0,0.10234055719856955,-2.1714847087860107,0.08921671816044668
1170,0,0,0.0007837994605695742,-7.150573253631592,0.003396983345437651
3988,0,0,0.005096843327670333,-5.27402400970459,0.011940638304715782
1808,0,0,0.0003443955263185346,-7.97337532043457,0.0019530323550218014
1006,0,0,0.00023271234443462456,-8.365474700927734,0.001499871270507454
2869,0,0,0.0011493492860853093,-6.767409324645996,0.004394341733700206
3252,0,0,0.00037820644689685233,-7.879692077636719,0.002080154239079612
4744,0,0,0.0001147059674457509,-9.073023796081543,0.0009312109046438396
627,0,0,0.39791449897905284,-0.4141623079776764,0.24269114804423408
45,0,0,0.0011972573845190843,-6.7265238761901855,0.004516650822381971
414,0,0,0.00047219906815824925,-7.657637596130371,0.0024154227395240388
2544,0,0,1.2107257064584234e-05,-11.321693420410156,0.0002044985092342184
2493,0,0,0.009921348548238654,-4.603095531463623,0.018646460089289142
90,0,0,0.00037663986722243824,-7.883844375610352,0.002074348806418194
5339,0,0,0.0014681833610319746,-6.5222601890563965,0.00518035103572889
5841,0,1,0.9210436563564376,2.4566123485565186,0.6896020859459907
1097,0,0,0.14682964143067714,-1.7596862316131592,0.11450865486638696
5330,0,0,0.004642786833584913,-5.367786884307861,0.011217102960787281
2798,0,0,0.0002783980729010113,-8.186180114746094,0.0016923442328440933
3905,0,0,7.014675879459836e-05,-9.564850807189941,0.0006684943161642882
5031,0,0,0.724968631469604,0.9692432284355164,0.4489482995621927
2196,0,0,0.0015403734904242076,-6.474188804626465,0.00535015033014173
5844,0,1,0.999542966246676,7.690296173095703,0.9869805230765654
5520,0,1,0.9518874312412102,2.984903335571289,0.7603454256861786
2992,0,0,0.0053805572230289965,-5.219568252563477,0.012381823258461122
2273,0,0,0.1379195750207921,-1.8326778411865234,0.10961080916939049
3324,0,0,0.00010503300291983714,-9.161130905151367,0.0008775327044004024
797,0,0,3.179763859032883e-05,-10.356086730957031,0.00039214916815970925
3271,0,0,0.03881991945526584,-3.209228277206421,0.046390491331301444
4036,0,0,0.0001636693273875582,-8.717498779296875,0.0011832535571850778
4232,0,0,0.004552855797032974,-5.387437343597412,0.011071052121652046
1024,0,0,0.6204840665731346,0.4916033446788788,0.37119982777069904
5188,0,0,0.0037955301069399045,-5.570128440856934,0.009800163405645042
5382,0,0,0.005269560783364008,-5.240524768829346,0.012210165692522434
4187,0,0,0.0017314060196048757,-6.357088565826416,0.005787296450662809
5455,0,1,0.9397876524682567,2.747776508331299,0.7300034609106233
2307,0,0,0.0012214215855846679,-6.706517696380615,0.004577728394110822
1937,0,0,0.013882611811773858,-4.263138294219971,0.023339618213039398
5559,0,1,0.9153862395423235,2.381249189376831,0.6786183975799541
4427,0,0,0.0006131203038862784,-7.396336078643799,0.0028795903006684736
1324,0,0,0.25769677430528737,-1.0579742193222046,0.17190141572942144
3036,0,0,0.0004264356419922207,-7.759622573852539,0.0022552243237014954
1002,0,0,0.0034969471095618364,-5.652361869812012,0.00927631395316779
339,0,0,0.0002745860621594115,-8.199971199035645,0.0016767019396281572
4688,0,0,0.01439135561815624,-4.2266316413879395,0.02390752199992117
2557,0,0,0.005251771914106299,-5.243924140930176,0.012182543411351878
1469,0,0,0.011555022855896513,-4.449012756347656,0.02064637965147622
5501,0,1,0.9830578918024847,4.060865879058838,0.8676426948909007
5846,0,1,0.9997705370499134,8.379539489746094,0.9917811758290235
3774,0,0,0.016583438975401387,-4.08262825012207,0.026281966728166854
632,0,0,0.00015998345607273125,-8.740280151367188,0.0011652325339571042
2499,0,0,0.0006814834284590515,-7.290556907653809,0.0030918808755705444
2605,0,0,0.05978221756566708,-2.7554032802581787,0.06197357583844799
5367,0,0,0.0015268691552512137,-6.483007907867432,0.005318589837453069
2649,0,0,0.0005279567703675842,-7.545968055725098,0.0026038802762139686
1753,0,0,0.0011859049376369325,-6.736062526702881,0.004487816209874304
989,0,0,0.030250152412201595,-3.4675369262695312,0.0392644267479754
1768,0,0,0.012279832324123007,-4.387441158294678,0.02150300924800017
3298,0,0,0.5854265359115772,0.34509050846099854,0.34844283047363184
5573,0,1,0.3369204837162073,-0.6770479679107666,0.21160313481372592
3654,0,0,0.00150342823168719,-6.498502731323242,0.005263587122284725
1388,0,0,0.00032840074525392434,-8.020947456359863,0.001891479033896033
1670,0,0,0.1488837943540964,-1.7433825731277466,0.11562837254551107
2654,0,0,0.11654209208197751,-2.0255911350250244,0.09754225399012738
707,0,0,0.0004893799083104989,-7.62188196182251,0.002474235200767251
460,0,0,3.6432126078281725e-05,-10.220023155212402,0.0004298236145836981
1506,0,0,9.218330518372255e-05,-9.29163932800293,0.0008036506145672871
2044,0,0,0.003902242459423482,-5.542294025421143,0.009984029199641501
4602,0,0,0.019884551393771495,-3.8977272510528564,0.029669152637062258
1248,0,0,0.0031944502844148846,-5.743140697479248,0.008730198156290862
3642,0,0,0.000755546019778888,-7.187314033508301,0.0033141146386825937
1000,0,0,0.0017187143235859446,-6.3644585609436035,0.0057587655092096925
1314,0,0,0.000735820319218638,-7.2137885093688965,0.003255653483942367
3533,0,0,0.0008182902714958679,-7.1074748039245605,0.0034968272442410827
263,0,0,0.001596276190090715,-6.438484191894531,0.005479839585360305
530,0,0,0.0020057992094050557,-6.209704875946045,0.006388285564847625
5849,0,1,0.9976712451087163,6.060090065002441,0.9618995711830585
3399,0,0,0.0004625731550573686,-7.678243160247803,0.002382165373362131
68,0,0,0.004052969193498622,-5.504244327545166,0.010240909930724238
2158,0,0,0.011446610150628743,-4.4585490226745605,0.020516726302441102
473,0,0,0.17196184092149203,-1.571786642074585,0.12799987220943834
2792,0,0,0.0011186432702085531,-6.794519424438477,0.004315065542189187
1800,0,0,0.0009068957655997149,-7.004575729370117,0.003747191982292127
2832,0,0,0.00026371762176095463,-8.240367889404297,0.0016317084395325243
203,1,0,4.83409407274416e-05,-9.937183380126953,0.004724173971159908
3035,1,0,3.3284174122850546e-05,-10.310395240783691,0.003876661462033793
657,1,0,0.0003797105760915279,-7.875721454620361,0.014014981974571069
1776,1,0,0.035624655837348446,-3.2984426021575928,0.13965646720916056
5685,1,1,0.9941774601620945,5.14017915725708,0.9353342407283219
3593,1,0,0.016909339921154364,-4.062835216522217,0.09754141484717568
3688,1,0,0.0004862551719626666,-7.62829065322876,0.01595550427044905
2938,1,0,0.00023979269703277043,-8.335495948791504,0.011007172415968212
676,1,0,0.0009868648925534325,-6.919990062713623,0.023089619798461226
5661,1,1,0.9986128255383675,6.579098224639893,0.9688488497896842
3007,1,0,0.00022658468575411733,-8.392165184020996,0.010683739131736552
809,1,0,0.0008582469244737436,-7.059760093688965,0.021470369902551554
4971,1,0,0.00020064648054069802,-8.513765335083008,0.0100211149250906
3005,1,0,0.009829387243119917,-4.6125006675720215,0.07465435504380734
3667,1,0,9.952529458615172e-05,-9.214999198913574,0.006922134833937185
187,1,0,0.00042384453827425876,-7.765719890594482,0.014847173344743359
14,1,0,4.518984853076922e-05,-10.004592895507812,0.004558499639895256
5003,1,0,0.021554246545764145,-3.81539249420166,0.10976024763865407
1859,1,0,0.010951785429973408,-4.503240585327148,0.07877083539209043
2702,1,0,8.102749825972705e-05,-9.42064094543457,0.006209180924013977
2085,1,0,0.014128044833982412,-4.245364665985107,0.08932036896547026
5182,1,0,0.0009843600397373595,-6.922533988952637,0.02305910904392329
338,1,0,0.000467819876654648,-7.666959285736084,0.015635671796912987
2591,1,0,0.004099280926041844,-5.492835998535156,0.04807673444811164
690,1,0,3.2712029935823366e-05,-10.32773494720459,0.0038411977949029522
3101,1,0,8.073379684297267e-05,-9.424272537231445,0.00619726934703247
3801,1,0,6.334839491227239e-05,-9.666797637939453,0.005451127000807521
4555,1,0,0.006773115096459398,-4.987998008728027,0.061972760788465614
2494,1,0,8.222392978365867e-06,-11.708641052246094,0.0018460825358777952
4627,1,0,7.362131233382546e-05,-9.516502380371094,0.00590225304093741
1497,1,0,0.00010205072124629095,-9.18993854522705,0.007014398610780004
3663,1,0,2.5054193746646328e-05,-10.594444274902344,0.003334718548376455
892,1,0,1.630789801079103e-05,-11.023844718933105,0.002655424659255022
1778,1,0,0.00013432904298685955,-8.915083885192871,0.008110009645514612
2388,1,0,8.879113569716555e-05,-9.329134941101074,0.00651694406247942
1869,1,0,0.12054134498808478,-1.9873137474060059,0.2459088413491133
4886,1,0,0.0016472011383283542,-6.407029151916504,0.030116934379440453
860,1,0,0.0010027001191981644,-6.904055595397949,0.02328162951655804
2882,1,0,0.01761250599254035,-4.021376609802246,0.09950045436143781
3132,1,0,0.0006794775724782727,-7.293506622314453,0.01900727132047989
1639,1,0,8.248339444215798e-05,-9.402831077575684,0.006267927267281915
3211,1,0,0.0011328042032177678,-6.781925678253174,0.024805929162641984
4149,1,0,8.656682841854615e-06,-11.657170295715332,0.0018972394549244742
221,1,0,4.680954725509992e-05,-9.969376564025879,0.004644317292849909
1428,1,0,0.0001940959746531157,-8.546963691711426,0.009847390013935834
2292,1,0,0.03438101917222439,-3.3352646827697754,0.13731908607878768
3108,1,0,8.007525128187143e-05,-9.432463645935059,0.006170485917805254
2528,1,0,0.00010319260983948255,-9.178810119628906,0.007055759762394821
107,1,0,0.00011256453768761374,-9.09187126159668,0.007387331819525866
4931,1,0,0.002310860036151221,-6.067821979522705,0.03586011466822811
4520,1,0,0.000172785769722028,-8.663285255432129,0.009261889013120247
4131,1,0,0.0007274629745765235,-7.2252197265625,0.01969669822645108
3490,1,0,0.00014980140418047148,-8.806050300598145,0.008590240573450711
498,1,0,5.8020185510176655e-05,-9.754661560058594,0.005203455160934856
137,1,0,1.1175426961855633e-05,-11.401782035827637,0.002172773883408408
3524,1,0,6.872225088922086e-06,-11.888015747070312,0.001678325447859135
289,1,0,2.3221666944144806e-05,-10.670401573181152,0.0032030607768228033
4654,1,0,1.969057070821742e-05,-10.83535099029541,0.002934724850607606
2928,1,0,0.0004112774273411079,-7.795831203460693,0.014614652141103666
4780,1,0,0.00014176453783917617,-8.861201286315918,0.008343908664553413
367,1,0,9.582750937848595e-06,-11.555536270141602,0.002002446091997638
2267,1,0,0.14778741801788436,-1.752061128616333,0.269849787953938
2874,1,0,3.105177029293589e-05,-10.379823684692383,0.003736596327917834
5732,1,1,0.32492059068936496,-0.7312495112419128,0.3888245151501517
349,1,0,0.00017672019779201584,-8.640766143798828,0.009372480777644134
568,1,0,1.0911753013637606e-05,-11.4256591796875,0.002145404456783745
4156,1,0,5.5531434172594484e-05,-9.798505783081055,0.005084085999711831
2657,1,0,0.0018997696592863993,-6.264121055603027,0.03241905231616585
1787,1,0,3.576198681744156e-05,-10.2385892868042,0.004027026062047411
3371,1,0,3.88373685772998e-05,-10.156088829040527,0.004206968514176262
4278,1,0,0.011978134392681807,-4.412621974945068,0.0823413670050771
3082,1,0,0.0017840627152758185,-6.327076435089111,0.03138465225977099
398,1,0,0.014557329521757895,-4.214996337890625,0.09064341866897942
5612,1,1,0.002590885713282377,-5.953161239624023,0.038030114718640644
3925,1,0,0.0019894180237382837,-6.217921733856201,0.03319902390624021
4806,1,0,0.00010548880077802281,-9.156800270080566,0.007138278437390788
3070,1,0,0.0018317586004390923,-6.300645351409912,0.03181498577217146
3934,1,0,0.0007796869977077928,-7.1558380126953125,0.020422261416026898
3814,1,0,0.8938905373735312,2.1311120986938477,0.7447262690155666
5443,1,1,0.8136099401370961,1.4736394882202148,0.6727981584563573
5720,1,1,0.0011811812269059989,-6.740058422088623,0.025350534357424206
3502,1,0,0.001230686462639609,-6.698951721191406,0.02589656869259932
2322,1,0,6.325719124996161e-06,-11.970880508422852,0.0016060540121813009
426,1,0,9.842120060997422e-06,-11.528829574584961,0.0020310446713222505
3338,1,0,0.0004370630908605759,-7.7349958419799805,0.015088181276185065
5483,1,1,0.04771729933380443,-2.993567943572998,0.1603083205105199
3603,1,0,4.476500753201734e-05,-10.014039039611816,0.0045357503155520566
1268,1,0,0.0002970103224814183,-8.12144660949707,0.012318552399277115
491,1,0,1.2544869720045621e-05,-11.286186218261719,0.0023102835215638774
1736,1,0,4.5530798705029794e-05,-9.997076034545898,0.004576683757805301
5767,1,1,0.9878422341701065,4.397554874420166,0.9069165884818053
1211,1,0,0.0012252598876358644,-6.703376293182373,0.025837250056103506
4969,1,0,0.000936297091030478,-6.9726409912109375,0.022466110285734163
4596,1,0,7.171494137605132e-06,-11.845389366149902,0.0017167580497626264
122,1,0,0.0006284703753976778,-7.371592998504639,0.018247883377821857
1518,1,0,6.694952996627849e-05,-9.611504554748535,0.005612962473843208
288,1,0,4.290167861422573e-05,-10.056556701660156,0.004434745403961235
810,1,0,0.00021489879475178764,-8.445128440856934,0.010389964305307808
4114,1,0,0.02253061302165082,-3.770092010498047,0.11213760844575392
685,1,0,0.0024459299682619245,-6.010880947113037,0.03692242348089179
4672,1,0,1.3846572364427762e-05,-11.187458992004395,0.0024345795265548016
3944,1,0,0.0011444668113455138,-6.771671295166016,0.02493825348255257
5646,1,1,0.0008108260882442609,-7.116645812988281,0.020843616937865742
4351,1,0,0.0004418805141761059,-7.724029064178467,0.015175137333505158
160,1,0,6.32974898207165e-05,-9.667601585388184,0.0054488085095373805
722,1,0,0.006376433840955885,-5.0487494468688965,0.060120137948285676
2075,1,0,1.628058020179427e-05,-11.025521278381348,0.002653063296249342
4090,1,0,0.010234256156950238,-4.571727752685547,0.07616686025621203
3899,1,0,0.00012130615061996568,-9.017071723937988,0.00768495306067369
3692,1,0,1.558556244245115e-05,-11.0691499710083,0.0025923450971280988
18,1,0,0.004109269744105632,-5.490392208099365,0.048136275062595706
4718,1,0,0.0008986249343652541,-7.0137457847595215,0.021990796757010902
5502,1,1,0.999587474706663,7.792800426483154,0.9834228643450074
3276,1,0,7.756805805461328e-05,-9.464277267456055,0.006067547804829786
3802,1,0,0.000486909151178226,-7.626945972442627,0.015966741315417334
5509,1,1,0.21399682701499528,-1.300999641418457,0.31964691584028276
2902,1,0,0.0005058233446318275,-7.588817119598389,0.016288631403837104
763,1,0,0.40460276053084854,-0.38632306456565857,0.4332174654880341
3971,1,0,6.842678340070889e-05,-9.589677810668945,0.005678153752542251
2370,1,0,5.905623557196467e-05,-9.736961364746094,0.005252431530618833
5250,1,0,0.00011074320365552378,-9.108185768127441,0.007323953195149243
2637,1,0,0.8924402362499066,2.115912914276123,0.7431858520311917
2115,1,0,0.0003459665355513148,-7.968822479248047,0.013346704473476353
2782,1,0,0.0025302085651526898,-5.976920127868652,0.03757034760037587
2675,1,0,2.695536453653582e-05,-10.52130126953125,0.0034665925039543324
300,1,0,0.012542351300313732,-4.36602258682251,0.08423429834351279
2301,1,0,0.0035319770783151395,-5.642359256744385,0.044564027060664674
4720,1,0,7.030198702698764e-05,-9.562640190124512,0.005759953437700461
1904,1,0,0.00032265759870969224,-8.038596153259277,0.012866570528214756
938,1,0,0.0008123430318626693,-7.11477518081665,0.020863939474250214
4322,1,0,0.005321566140830166,-5.23065185546875,0.0548786241590188
5328,1,0,0.00018614782733138396,-8.588783264160156,0.00963278909422811
1525,1,0,0.0008271962378752051,-7.0966410636901855,0.021061956247276054
2880,1,0,3.719323246263789e-05,-10.199346542358398,0.00411164225614784
283,1,0,0.00020897412417266145,-8.473091125488281,0.010238100511473114
1443,1,0,0.0012940703465695775,-6.648667812347412,0.026580088647236624
1694,1,0,0.0005085974782390805,-7.58334493637085,0.01633534915314552
2004,1,0,0.017447789254826578,-4.030940532684326,0.09904544874194496
1709,1,0,7.74325175920235e-05,-9.466026306152344,0.006061938266375833
2897,1,0,7.926056386541151e-06,-11.745347023010254,0.001810443644285544
1965,1,0,8.09556611635775e-06,-11.724185943603516,0.0018309048544491457
3278,1,0,0.003186066221158976,-5.745777130126953,0.04227904538992582
1390,1,0,0.00021442967795248119,-8.447314262390137,0.010378013344575516
1323,1,0,0.008345725147326656,-4.77762508392334,0.06880746030807737
1418,1,0,0.0001463218597157902,-8.82955551147461,0.00848438506895167
464,1,0,2.4910865336734784e-05,-10.600181579589844,0.0033245884095433656
5022,1,0,0.00022291292553562302,-8.408506393432617,0.01059223232024168
2126,1,0,3.1495753479546425e-05,-10.365626335144043,0.0037648219737655346
719,1,0,0.00019259332761563977,-8.554737091064453,0.009807145066686462
4235,1,0,0.00014958829524328184,-8.807474136352539,0.008583791252564008
3449,1,0,0.00012480667487970148,-8.988619804382324,0.007801258500715193
4898,1,0,7.332927616107513e-05,-9.520477294921875,0.00588985713678875
5759,1,1,0.9843515480018914,4.141611099243164,0.894766217896771
3498,1,0,9.293973522748874e-05,-9.283466339111328,0.006676163758452388
2172,1,0,0.0001595345289323908,-8.743090629577637,0.008880272265330266
1192,1,0,0.00047046505304153226,-7.661318302154541,0.015681932898551673
5002,1,0,0.0004163614948386754,-7.78354024887085,0.01470912707591395
1210,1,0,0.0008715578773383329,-7.044356346130371,0.021643232603135717
2714,1,0,0.00021083097994934827,-8.464242935180664,0.010285915439682441
4370,1,0,0.00025308662651830406,-8.281525611877441,0.011324196605109029
5059,1,0,0.0003171799199690659,-8.055724143981934,0.012751337851804196
2632,1,0,0.0015672894704838662,-6.456839084625244,0.029352388600934826
3933,1,0,0.00013269731704514394,-8.92730712890625,0.00805786136624299
5098,1,0,0.0003659517826849855,-7.912642955780029,0.0137461015746205
5836,1,1,0.9975535126722183,6.010652542114258,0.9583061067490718
1230,1,0,0.0025339926082417674,-5.975421905517578,0.03759918179449208
2097,1,0,0.00045101861880129723,-7.703550815582275,0.015338833151583239
2664,1,0,0.00023491868323263058,-8.356036186218262,0.01088883757563652
1732,1,0,6.411519014730599e-05,-9.654765129089355,0.005485944820194278
5549,1,1,0.00031576246557745244,-8.06020450592041,0.012721363603578412
2444,1,0,0.0004341586360072649,-7.741666316986084,0.015035530955769625
966,1,0,3.1229179369956756e-05,-10.374126434326172,0.003747897575131573
2142,1,0,0.00048657880505900887,-7.627624988555908,0.01596106603342555
5389,1,0,5.7175650908048686e-05,-9.769325256347656,0.005163225044895416
4388,1,0,8.747980378829919e-05,-9.344015121459961,0.006465884842631386
1343,1,0,0.005088831586751837,-5.275605201721191,0.053651212051744536
3649,1,0,2.846558197263464e-05,-10.46678638458252,0.003568249264056576
5162,1,0,0.0010869829981778377,-6.823261737823486,0.024279426840987155
3912,1,0,7.921324281933655e-05,-9.44328784942627,0.006135269119821393
2221,1,0,0.029404011212383563,-3.496779203414917,0.12745261447284756
4060,1,0,2.0332505040472684e-05,-10.803269386291504,0.0029850974262928395
503,1,0,0.0016317632718853624,-6.416460990905762,0.02997069646329943
2418,1,0,0.00013050160502750348,-8.943994522094727,0.007987204192285489
4336,1,0,4.2697480990879695e-05,-10.061327934265137,0.00442355154031052
4324,1,0,3.795687948584687e-05,-10.179021835327148,0.0041561605403663505
5405,1,0,4.610012918349274e-05,-9.984648704528809,0.0046069053385924055
820,1,0,8.692184279587613e-05,-9.350414276123047,0.00644404944879022
2417,1,0,1.0690880079099999e-05,-11.4461088180542,0.002122237504664481
5185,1,0,0.9826104571056087,4.034343719482422,0.8892699772105477
3090,1,0,2.4369304380255175e-05,-10.622161865234375,0.003286061694037144
3010,1,0,0.055233527430187786,-2.839367628097534,0.1716621745981902
3645,1,0,6.024030155346585e-05,-9.717108726501465,0.005307909456719569
5548,1,1,0.09939696354044715,-2.2039430141448975,0.22516594314229102
5048,1,0,0.07620272032586455,-2.4950954914093018,0.19929273947840911
4441,1,0,0.0001134155999762974,-9.084338188171387,0.0074167797377458515
4603,1,0,3.808261892397365e-05,-10.175714492797852,0.0041634500608713895
4226,1,0,9.229958853217145e-05,-9.29037857055664,0.0066518189905483745
1536,1,0,0.0005886612417398506,-7.437070846557617,0.017634129264496014
4391,1,0,9.327089876016952e-05,-9.279909133911133,0.006688726648246305
4157,1,0,1.2629316391459026e-05,-11.2794771194458,0.0023185259271492923
3191,1,0,0.00014014135555421366,-8.872718811035156,0.008293356568549112
2284,1,0,0.00012636524097186524,-8.976207733154297,0.007852541947280176
2040,1,0,0.0017779996182814928,-6.33048677444458,0.03132953923290383
2,1,0,2.428891132238493e-05,-10.625466346740723,0.003280308253976198
329,1,0,7.841784782875484e-05,-9.453380584716797,0.006102612159830262
3333,1,0,5.162400366704116e-06,-12.174103736877441,0.0014416939049528294
5124,1,0,0.00024057726139964524,-8.332228660583496,0.01102611254005966
638,1,0,1.5154881114598161e-05,-11.097172737121582,0.0025540787642835926
3389,1,0,0.00021115004149787765,-8.462730407714844,0.010294111108039794
4190,1,0,1.6437649990857093e-05,-11.01591968536377,0.002666615137033824
1135,1,0,6.353939634651655e-05,-9.663786888122559,0.00545981837476955
2192,1,0,0.000274472467159925,-8.200385093688965,0.011817879025840581
5297,1,0,9.553600482490781e-05,-9.255911827087402,0.006774092995474532
3541,1,0,0.0002742822877025374,-8.201078414916992,0.011813571875172535
3736,1,0,0.0001758246861646841,-8.64584732055664,0.009347413304293561
3886,1,0,0.041839800512142915,-3.131166934967041,0.1506968273652728
5005,1,0,0.0001527384799185014,-8.786630630493164,0.008678683770692199
5699,1,1,0.8689855409667306,1.8920187950134277,0.7197999080837699
2473,1,0,0.015793549325263972,-4.1322340965271,0.09433904781603816
293,1,0,8.241123910118842e-06,-11.706365585327148,0.0018483147628281214
1690,1,0,0.00031325517787150867,-8.0681791305542,0.012668184223414489
1065,1,0,2.4931946054431117e-05,-10.599335670471191,0.0033260800689256255
104,1,0,0.0006920801651959825,-7.275116443634033,0.019190576200234996
3126,1,0,0.0001348975484113469,-8.910860061645508,0.008128107539978573
2049,1,0,0.00027692752144533824,-8.19147777557373,0.011873352563744877
5030,1,0,0.0005181419501410199,-7.5647430419921875,0.016495146762238202
4213,1,0,6.086363562643564e-05,-9.70681381225586,0.0053369075501469194
5127,1,0,0.00020277224275329475,-8.50322437286377,0.010076907115250356
2937,1,0,9.501298254833646e-06,-11.564072608947754,0.001993390074180786
4916,1,0,0.22351244419920935,-1.2453135251998901,0.3261243647171794
4679,1,0,0.0059881216281359876,-5.111971378326416,0.058247309481564695
2977,1,0,0.001979289098921234,-6.223036289215088,0.033111791885988215
3677,1,0,1.990246723156228e-05,-10.824646949768066,0.0029514367556927952
425,1,0,4.292557815307262e-05,-10.055999755859375,0.004436053899891337
2447,1,0,0.00010138784472595564,-9.196455955505371,0.006990287152735997
322,1,0,4.3794802581682795e-05,-10.035951614379883,0.004483412077889762
4147,1,0,0.0014319071470338541,-6.5473151206970215,0.02801152623468799
4833,1,0,0.00032270189773052723,-8.038458824157715,0.01286749858370216
3626,1,0,5.952240008885412e-05,-9.729098320007324,0.0052743353818238674
1957,1,0,0.0006183432019552644,-7.387848377227783,0.018093585403390584
4746,1,0,0.0002924228415491582,-8.137017250061035,0.012218163260460112
3601,1,0,5.011064440457069e-05,-9.901226997375488,0.0048149819004209525
4643,1,0,9.825284628500642e-05,-9.22786808013916,0.00687522585784839
4133,1,0,0.0025900442367060763,-5.953486919403076,0.03802377598674243
5557,1,1,0.9467571008031176,2.878178119659424,0.8127777315013446
4814,1,0,0.00013287090753269634,-8.925999641418457,0.008063423603983457
640,1,0,1.5663924975104322e-05,-11.06413459777832,0.0025992538964844355
375,1,0,1.705378709102399e-05,-10.979121208190918,0.0027191954682089115
5313,1,0,0.00014492220434370363,-8.839168548583984,0.00844146638224968
4293,1,0,0.0005872493443854406,-7.439473628997803,0.017611996728119854
4316,1,0,0.00029198573972716524,-8.138513565063477,0.012208558675772974
4319,1,0,0.0008576305354030305,-7.060479164123535,0.021462333481667043
4106,1,0,0.0002219888137475451,-8.4126615524292,0.010569088348807282
5089,1,0,0.024070601257362486,-3.7023990154266357,0.11577391034717718
1805,1,0,0.00033919974984301254,-7.988582134246826,0.013208966110480521
135,1,0,0.014007129418601867,-4.254082679748535,0.08894378343040672
5629,1,1,0.9904744375909356,4.644205093383789,0.9174191157095547
584,1,0,3.866464396335405e-05,-10.16054630279541,0.004197044809790405
2727,1,0,0.00020201441802881158,-8.506969451904297,0.010057049685337245
1136,1,0,5.5809518657999885e-06,-12.096145629882812,0.0015026583299192783
2579,1,0,0.00021296327128685592,-8.454177856445312,0.01034057504799256
5019,1,0,0.00041328024127597823,-7.790971279144287,0.014651936485205764
57,1,0,9.549425217900038e-06,-11.559020042419434,0.001998745284566882
4506,1,0,0.15300943290592675,-1.7111899852752686,0.27415574936486165
3420,1,0,7.495681023142624e-06,-11.801176071166992,0.0017575499017396957
4079,1,0,0.014693378755285771,-4.2055559158325195,0.09105828874758004
1005,1,0,0.00016185926170728094,-8.728621482849121,0.00894828582700385
3656,1,0,9.07462171442342e-05,-9.307353019714355,0.006592408769198013
3186,1,0,0.0001739871857636628,-8.656354904174805,0.009295785681286152
3375,1,0,0.0007516321820161689,-7.192511558532715,0.020035543644784375
4934,1,0,0.00016542058936778008,-8.706853866577148,0.009051580125134186
5378,1,0,0.003506096391964521,-5.649739742279053,0.04439712886992488
1485,1,0,8.99495807436552e-06,-11.618837356567383,0.0019362557557701283
800,1,0,0.00025122630748415837,-8.288905143737793,0.011280321888839564
4172,1,0,3.321964340402836e-05,-10.312335968017578,0.00387267607714084
5246,1,0,0.0001259767575124611,-8.979287147521973,0.00783978749787293
1311,1,0,2.9054776800206187e-05,-10.446298599243164,0.003607217182738128
1122,1,0,9.369441964499046e-05,-9.275378227233887,0.0067047623415266485
3511,1,0,0.0008796476943932402,-7.035109043121338,0.021747659932793234
331,1,0,0.008547865930561779,-4.753489017486572,0.06963483881210666
794,1,0,4.0709793403761275e-05,-10.109001159667969,0.004313237867637233
5308,1,0,1.2683595026230941e-05,-11.275188446044922,0.002323810104243033
2323,1,0,5.245411455462803e-06,-12.158151626586914,0.0014539643654447073
61,1,0,5.518433795876034e-05,-9.804776191711426,0.00506723849996589
4082,1,0,9.981784208770519e-05,-9.212063789367676,0.0069328792739758735
4952,1,0,0.0003483683733993699,-7.961901664733887,0.013395281566478512
5085,1,0,2.057709814081659e-05,-10.791311264038086,0.0030040930878750564
5568,1,1,0.7562305431160389,1.132123351097107,0.6316175658973661
2600,1,0,0.01496253226917338,-4.187130451202393,0.09187294108076843
1411,1,0,0.00014496878136871022,-8.838847160339355,0.008442897778865033
840,1,0,0.024827541993058727,-3.6706607341766357,0.11751383834810417
5775,1,1,0.47523035949853876,-0.09915973246097565,0.47104520111714815
4046,1,0,0.003992627082462286,-5.519305229187012,0.04743630244197382
1514,1,0,2.3818087566751455e-05,-10.645041465759277,0.003246431290895495
2390,1,0,0.0005604778058722285,-7.4861602783203125,0.01718733166073906
2904,1,0,5.191643129784658e-06,-12.168455123901367,0.001446026982287795
1621,1,0,1.8029866992868658e-05,-10.923462867736816,0.0028006952066211197
1019,1,0,0.0004786347681134846,-7.644093990325928,0.01582402272822956
4638,1,0,9.732254259392853e-06,-11.540055274963379,0.0020189744248631267
2755,1,0,0.0006341747154718368,-7.362551689147949,0.018334262682216274
3253,1,0,1.6171040966524215e-05,-11.032272338867188,0.0026435758900589515
276,1,0,2.960663068626869e-05,-10.427482604980469,0.0036433787483737554
4014,1,0,0.017290920816273477,-4.040131568908691,0.09860992928261025
3145,1,0,3.964475117738727e-05,-10.135512351989746,0.004253081787928187
5826,1,1,0.990934045434749,4.694121837615967,0.9194090441209949
5611,1,1,0.9949111732416374,5.275606155395508,0.9395580856978584
2486,1,0,3.889705005832369e-06,-12.457173347473145,0.0012403721907020624
2570,1,0,9.030019309444905e-05,-9.312280654907227,0.006575261076111151
1320,1,0,2.3122137992590655e-05,-10.674696922302246,0.0031957723366312315
5828,1,1,0.9925895223777648,4.8974223136901855,0.9270688439218694
5704,1,1,0.9758892872845594,3.700692892074585,0.8705448715357242
334,1,0,0.037566658860413875,-3.2433478832244873,0.14321589799628093
50,1,0,2.963617844324237e-05,-10.426485061645508,0.0036453059296188083
4950,1,0,0.00026573121174313193,-8.232759475708008,0.01161840427527203
1520,1,0,1.3706285527273422e-05,-11.19764232635498,0.002421456248972551
5009,1,0,5.583703349658062e-05,-9.793017387390137,0.005098878095764409
2548,1,0,0.0008488839791295198,-7.070738792419434,0.021347990556693223
4796,1,0,6.673567636630894e-05,-9.614704132080078,0.005603468850808099
1961,1,0,5.513218480621237e-06,-12.108356475830078,0.0014929419527183593
5307,1,0,0.000806616899278457,-7.121854782104492,0.02078712876283383
152,1,0,0.0003921982279446509,-7.843350887298584,0.014254981272311614
3712,1,0,0.0002682676535742787,-8.223257064819336,0.011676605875462664
111,1,0,0.00012532448766903586,-8.984478950500488,0.00781833038721169
5570,1,1,1.0044835160521244e-05,-11.508441925048828,0.0020531506065575105
29,1,0,0.0003161019193292476,-8.05912971496582,0.012728547758196974
2467,1,0,3.2154963587039306e-05,-10.344911575317383,0.003806386306095124
3209,1,0,1.0844363647259137e-05,-11.431854248046875,0.002138359678918946
1195,1,0,0.0016667290698635557,-6.395224094390869,0.030300942796885943
5023,1,0,0.0003842215741549616,-7.8639068603515625,0.014102111679094424
2711,1,0,8.464172457409326e-06,-11.679659843444824,0.0018747152514790228
1591,1,0,0.7907115937276341,1.3292200565338135,0.6556636374246607
2592,1,0,1.639921065384318e-05,-11.018260955810547,0.0026633042794952447
3339,1,0,0.00010337639138836332,-9.177030563354492,0.0070623962811729975
324,1,0,0.0007983475870548404,-7.132167816162109,0.02067573169734296
441,1,0,2.982910118477704e-05,-10.41999626159668,0.0036578666343653446
2509,1,0,1.7551951365160667e-05,-10.95032787322998,0.0027610574455074754
162,1,0,9.748747444589659e-05,-9.235689163208008,0.006846871224637254
4429,1,0,0.0026504339100834806,-5.930377960205078,0.038476074939146294
225,1,0,0.008287584216580896,-4.784674644470215,0.06856752620692225
4986,1,0,0.7140248600745752,0.9150128960609436,0.6043557532625733
3474,1,0,0.0012553236253061105,-6.679105758666992,0.026164271081473355
541,1,0,9.25098328744693e-05,-9.288103103637695,0.006659823396624382
1496,1,0,0.0034556378034499547,-5.6642866134643555,0.04406991758902093
4686,1,0,0.000636689812018356,-7.358591079711914,0.01837222801516059
1733,1,0,0.00010126204393204833,-9.197697639465332,0.006985702827924655
3523,1,0,0.0024409542617919748,-6.012922286987305,0.036883821853538425
421,1,0,1.7372864859574438e-05,-10.960583686828613,0.002746073568598494
3682,1,0,0.012115688719444725,-4.401064395904541,0.08280720917702618
2890,1,0,0.19311290205785533,-1.4299087524414062,0.30491909794716593
4288,1,0,5.300057665176829e-05,-9.845154762268066,0.004960070957527225
3157,1,0,0.0005625487603346603,-7.4824700355529785,0.01722052898900098
4957,1,0,2.1663304162602188e-05,-10.739869117736816,0.003087193615144202
4448,1,0,0.0002531066553043703,-8.28144645690918,0.011324668131130897
2951,1,0,0.00029242869629442957,-8.13699722290039,0.012218291861902712
1394,1,0,0.005142459655347105,-5.265068054199219,0.05393657531635848
3914,1,0,1.4681142945918154e-05,-11.128931999206543,0.0025113907696365186
5074,1,0,9.081547114095286e-05,-9.30659008026123,0.006595067693077724
604,1,0,0.01734984257577951,-4.036669731140137,0.09877376871983742
1424,1,0,0.0012825612996244689,-6.6576128005981445,0.02645722725465546
1584,1,0,0.009547974886740335,-4.64183235168457,0.07358339984399083
3875,1,0,0.00012187740988594746,-9.012372970581055,0.007704041275471861
540,1,0,0.0003467995205852354,-7.966416835784912,0.013363569912818306
2348,1,0,0.002414590641336821,-6.023808002471924,0.03667862803964565
4273,1,0,0.0019623132288165666,-6.2316670417785645,0.03296509058151563
762,1,0,0.013982093428531508,-4.255897045135498,0.08886558996934227
2732,1,0,0.0015828121934248719,-6.446968078613281,0.029502390762316557
4607,1,0,0.0001964347802201835,-8.53498363494873,0.009909734333809917
4521,1,0,0.0008103371563562147,-7.117249488830566,0.020837062743076423
5642,1,1,0.9973505856191304,5.9307637214660645,0.9565743096027257
1838,1,0,0.001694539497503543,-6.378648281097412,0.030561153486087407
4532,1,0,0.03817132348215147,-3.2267518043518066,0.14430280628299721
2759,1,0,0.024067577042914408,-3.7025277614593506,0.11576689815688172
3032,1,0,2.5200197206891543e-05,-10.58863353729248,0.003345009701747654
548,1,0,0.0007592739820475962,-7.1823883056640625,0.02014156952850676
1761,1,0,6.841034177124991e-05,-9.58991813659668,0.005677431873309159
5497,1,1,0.10872268695380127,-2.1038551330566406,0.23459241372351383
1661,1,0,0.0005605817200643589,-7.4859747886657715,0.01718899881900972
658,1,0,0.0004316615374153891,-7.747437000274658,0.014990128714635101
3265,1,0,5.148275045146669e-05,-9.874212265014648,0.004884348594613336
3199,1,0,0.024546345439875186,-3.682339668273926,0.11687096561835396
3719,1,0,0.0007169009124710785,-7.239855766296387,0.01954689843541668
282,1,0,0.00023332598482888825,-8.36284065246582,0.010849914324787253
4238,1,0,0.009634917183053707,-4.6326799392700195,0.073916044753118
3292,1,0,0.10177083033998621,-2.177701711654663,0.22761115575354746
4523,1,0,0.0005202176854526721,-7.5607428550720215,0.01652971022109571
693,1,0,0.00640679227634469,-5.04396915435791,0.0602640144751853
5034,1,0,0.008818774910664995,-4.722014427185059,0.07072760792532684
2118,1,0,0.00018920184981625107,-8.57250690460205,0.009715756645994233
630,1,0,1.5819208792633525e-05,-11.054269790649414,0.002612896539522795
555,1,0,0.00010627917577173154,-9.149334907531738,0.007166484395139452
2408,1,0,0.00022900134582254052,-8.381553649902344,0.010743579484335665
2480,1,0,0.0016992770999638728,-6.375851631164551,0.03060526875141277
116,1,0,7.335431434310152e-05,-9.520135879516602,0.005890920835423281
1094,1,0,0.0011933640323049711,-6.729784965515137,0.025485939929869885
4256,1,0,0.0016549100633630558,-6.402352333068848,0.030189703275935797
3592,1,0,0.000938152681262359,-6.970659255981445,0.02248927789748838
858,1,0,0.005329206742482386,-5.2292094230651855,0.0549184432989871
913,1,0,0.0006280667928543762,-7.3722357749938965,0.018241757617268504
2638,1,0,0.0006382709890486168,-7.356109142303467,0.01839605850490255
2677,1,0,0.0023319776366452502,-6.058703899383545,0.036028223495100854
5835,1,1,0.9999028737566955,9.239401817321777,0.992253116471935
583,1,0,0.011363053227529398,-4.4659600257873535,0.0802222861496042
249,1,0,0.0017545509362489697,-6.343786239624023,0.031115505714300412
1968,1,0,0.00016049852160034218,-8.737065315246582,0.008908532338752847
5552,1,1,0.00010866973576876328,-9.12708854675293,0.007251194361051647
4083,1,0,0.00016844061476844953,-8.688758850097656,0.009138345395014987
3068,1,0,0.030808564474100065,-3.44866943359375,0.13032647515928533
819,1,0,0.001764880451984709,-6.3379058837890625,0.031209965495707488
2658,1,0,0.002102501384617426,-6.162522792816162,0.034158217384595416
2975,1,0,0.00025532804401684435,-8.272706031799316,0.011376854402356184
2414,1,0,2.4873714518109505e-05,-10.60167407989502,0.003321958189862524
3491,1,0,0.001681659623147812,-6.386291027069092,0.03044090821930102
5448,1,1,0.9678272491861956,3.4039337635040283,0.8516867930588948
4542,1,0,5.2311199537289016e-05,-9.858247756958008,0.004925807769347226
4849,1,0,0.0017603448325703799,-6.340483665466309,0.03116852288422483
5251,1,0,2.643086346408681e-05,-10.5409517288208,0.0034306612863336224
1270,1,0,0.4872125626947481,-0.05116090551018715,0.47741266731120574
844,1,0,0.0003041478324762784,-8.097692489624023,0.012473274384213182
4681,1,0,0.00010320392668833469,-9.17870044708252,0.007056168586323275
552,1,0,3.104824662247781e-05,-10.379937171936035,0.0037363715562147965
1338,1,0,0.017056737719599386,-4.054006099700928,0.0979557119372574
3254,1,0,0.0007031299728450901,-7.259265422821045,0.019349961832042174
2960,1,0,1.6233325304150406e-05,-11.028428077697754,0.0026489741546571978
110,1,0,0.0003052883862942424,-8.093948364257812,0.01249783610571955
777,1,0,3.832606412342834e-05,-10.169342041015625,0.004177531126619298
5163,1,0,0.013547217255299908,-4.287934303283691,0.08749507027625646
1155,1,0,1.2878748020423456e-05,-11.259919166564941,0.0023427214797993893
4141,1,0,6.0227837024731615e-05,-9.717315673828125,0.005307328149686775
3514,1,0,1.4382778708051812e-05,-11.14946460723877,0.0024841721947254183
5281,1,0,0.0009691732977572157,-6.9380974769592285,0.02287330263026567
2720,1,0,5.347724859706373e-06,-12.138833999633789,0.0014689632896658102
169,1,0,0.008381471806323027,-4.773314952850342,0.06895453982607437
3799,1,0,0.00469695651881048,-5.356132507324219,0.05151699276478398
2497,1,0,4.374350450781258e-05,-10.037123680114746,0.004480629597088659
2814,1,0,8.495358268260659e-05,-9.373320579528809,0.006366486633170635
5504,1,1,0.5497591210613906,0.19969749450683594,0.5107632916893048
5377,1,0,3.882122390533141e-05,-10.15650463104248,0.004206041824067318
1567,1,0,2.9160786531136162e-05,-10.442656517028809,0.003614188705764472
5368,1,0,0.0023598537631882807,-6.046792984008789,0.0362489664915524
150,1,0,0.0001470409080958566,-8.824652671813965,0.008506357687030407
3800,1,0,0.00018532414244735968,-8.593218803405762,0.009610301164412662
1490,1,0,9.293946934986656e-05,-9.283469200134277,0.006676153663690142
5333,1,0,0.0003296755879395039,-8.017071723937988,0.013012839558457334
590,1,0,0.0008631693237201701,-7.0540361404418945,0.02153444656297355
4727,1,0,0.00045469827202753804,-7.6954216957092285,0.015404295346301609
16,1,0,0.0012621267833146088,-6.673694133758545,0.026237734627737423
3179,1,0,0.0014735261468351191,-6.518622398376465,0.02843018385352281
1881,1,0,0.00010707404256790875,-9.14188289642334,0.007194750255443708
951,1,0,0.0026226754924246077,-5.940934181213379,0.03826882656386915
1069,1,0,1.2236964614595104e-05,-11.311037063598633,0.0022800071101661493
791,1,0,3.357357161828393e-05,-10.301737785339355,0.0038944898199627714
5613,1,1,0.2875723193570733,-0.9072040319442749,0.36682228501320585
1410,1,0,1.9500800265720857e-05,-10.845035552978516,0.0029196859403726604
1127,1,0,0.0024184529701361977,-6.022205829620361,0.03670875965556643
1374,1,0,8.351788131969347e-06,-11.693026542663574,0.0018614546214744865
1330,1,0,0.005522027461057135,-5.193472862243652,0.05591370033534646
3038,1,0,0.00040679447547980265,-7.806795597076416,0.014530878534394638
5668,1,1,0.6065166133922916,0.4326932728290558,0.5416598409937291
371,1,0,4.7943044734287345e-05,-9.945448875427246,0.004703541565576054
3362,1,0,0.004900227177567367,-5.31356143951416,0.052635058420521796
409,1,0,1.9089918479422716e-05,-10.866331100463867,0.002886886338570508
3536,1,0,0.00020380497590351685,-8.498143196105957,0.010103910959322573
4111,1,0,0.0006285105082965557,-7.3715291023254395,0.01824849242871831
4894,1,0,4.016801607804356e-05,-10.12239933013916,0.004282731172748932
3182,1,0,8.129164209626347e-05,-9.417386054992676,0.0062198762578226235
899,1,0,5.6531185533972684e-05,-9.780661582946777,0.005132335829086196
2201,1,0,1.5475887270095713e-05,-11.076211929321289,0.0025826481175418884
4923,1,0,0.0004227403276400007,-7.768329620361328,0.014826877476451988
485,1,0,2.57343428859608e-05,-10.567658424377441,0.0033824218869654417
2341,1,0,0.00016311328973548628,-8.720902442932129,0.008984780781014976
483,1,0,0.00011057869360010408,-9.109672546386719,0.007318204261470484
2650,1,0,2.413364315199333e-06,-12.934486389160156,0.0009624554538392242
1564,1,0,0.00011006615984083126,-9.11431884765625,0.007300267239395391
5829,1,1,0.887392991371045,2.0643839836120605,0.7379183754775881
301,1,0,1.8943764973450986e-05,-10.874016761779785,0.0028751392550211284
3348,1,0,6.0827835137593424e-05,-9.707402229309082,0.005335245894911061
5843,1,1,0.9413819031785341,2.7763054370880127,0.8043896636434751
823,1,0,0.0016547974094052766,-6.402420520782471,0.030188641087416358
4339,1,0,0.1873372586039912,-1.4674056768417358,0.3007072610078733
267,1,0,0.0013774334631175837,-6.586154937744141,0.027454338458173196
5461,1,1,0.9918544835914895,4.8021087646484375,0.92356494992594
3337,1,0,0.004188816491710668,-5.471139430999756,0.0486078046479088
5524,1,1,0.4337919784352113,-0.2663964331150055,0.4489464952552374
4492,1,0,5.689072139655322e-06,-12.076957702636719,0.001518054209914812
5507,1,1,0.29904155406806804,-0.8518660664558411,0.3736872218050365
4028,1,0,0.00011105082411533644,-9.105411529541016,0.007334692347745617
5123,1,0,0.00012999016664709935,-8.947921752929688,0.007970665189475227
3139,1,0,0.00014724013902243485,-8.823298454284668,0.008512436699754945
4809,1,0,4.5146602407857814e-05,-10.005550384521484,0.004556188537973842
5178,1,0,3.6093849111123124e-05,-10.229351997375488,0.0040467863301618875
437,1,0,5.304456696712595e-05,-9.844325065612793,0.004962250171574879
5084,1,0,0.003918544216452177,-5.538108825683594,0.046986276555178355
3315,1,0,0.010734215687648926,-4.523526668548584,0.07799115906633364
2852,1,0,0.0002537970468100385,-8.278721809387207,0.011340910689821548
4067,1,0,0.0034218810497837443,-5.674137115478516,0.04384965210081037
2830,1,0,0.0011581260217001805,-6.759793281555176,0.025092389310131785
4383,1,0,0.00014494943004565022,-8.838980674743652,0.008442303104168316
2369,1,0,0.0001334782914292358,-8.921438217163086,0.008082858386657668
1106,1,0,0.0003324777769253165,-8.008605003356934,0.013070823682069842
2619,1,0,0.00036175865337871935,-7.924171447753906,0.013663192269591133
1064,1,0,2.8073253137541907e-05,-10.48066520690918,0.003542090241893635
2180,1,0,0.00015486803267806987,-8.772782325744629,0.008742303999804609
3650,1,0,0.009370503610064494,-4.660773754119873,0.0728993471415878
5553,1,1,0.03645792793699532,-3.2744572162628174,0.14119686437412568
3084,1,0,0.02844269973747484,-3.531008720397949,0.12544098869107154
4891,1,0,0.011761658880373841,-4.431078910827637,0.08160238306739712
3970,1,0,0.017433211765930136,-4.0317912101745605,0.09900506739730774
5607,1,1,0.0022547900424800312,-6.092441082000732,0.03540997980989535
5407,1,0,0.0003978979456012967,-7.828917026519775,0.014363297106194045
1149,1,0,2.960157718731803e-05,-10.427653312683105,0.0036430490552324304
5785,1,1,0.04881912575829223,-2.9695820808410645,0.1620336393924214
5054,1,0,0.752942648318548,1.1143685579299927,0.6294168547369665
2586,1,0,6.774582694419022e-05,-9.599679946899414,0.005648186829943293
1606,1,0,3.1111882258908245e-05,-10.377889633178711,0.0037404289627039305
2747,1,0,3.60725834876561e-05,-10.229941368103027,0.004045522678202393
1811,1,0,0.003753853061714919,-5.581211566925049,0.04596996965673856
1835,1,0,1.886327248833524e-05,-10.878274917602539,0.0028686514442407586
323,1,0,3.601995512383236e-05,-10.231401443481445,0.004042393867174987
588,1,0,0.0001401877330025097,-8.872387886047363,0.008294804799961886
545,1,0,0.0007329477931619176,-7.217702865600586,0.019774069923504854
4661,1,0,0.0004368496182318002,-7.735484600067139,0.015084317333491144
712,1,0,0.002015350819098276,-6.204944610595703,0.03342135405077178
532,1,0,0.0024638882262795173,-6.003547668457031,0.03706141610022684
5802,1,1,0.0006648045531702676,-7.315352439880371,0.01879175259601947
5429,1,0,0.17365522538132372,-1.559940218925476,0.2904569577247608
1949,1,0,4.984204021125409e-05,-9.906601905822754,0.004801297936091341
2668,1,0,2.2362362348938384e-05,-10.708108901977539,0.003139639745073358
5011,1,0,0.00011425544485425744,-9.076959609985352,0.007445736654983087
916,1,0,7.605410670092e-06,-11.786643028259277,0.0017711684784237826
2421,1,0,0.0008153236640123488,-7.111109733581543,0.02090381711344209
2519,1,0,0.002205824433570348,-6.114445686340332,0.03501225885712353
4702,1,0,0.0011757335494051364,-6.744686603546143,0.025289763458551953
423,1,0,2.2169939376619345e-05,-10.716751098632812,0.0031252814227785523
3569,1,0,0.002223796294011645,-6.106313228607178,0.03515874446922371
1505,1,0,2.5727766590877758e-05,-10.567914009094238,0.0033819635138764973
2871,1,0,0.0001302111129956006,-8.946223258972168,0.007977813994443911
2321,1,0,0.004142917592626287,-5.482203483581543,0.04833629620889714
1728,1,0,0.0006286189398292531,-7.37135648727417,0.01825013787491795
265,1,0,0.0008159139476072121,-7.110385417938232,0.02091170600975287
4698,1,0,0.0001908737690039841,-8.56370735168457,0.009760906005477531
3770,1,0,0.0005764499155634083,-7.458045482635498,0.01744184536522028
896,1,0,0.09105003078870501,-2.3008809089660645,0.21629531364903642
3309,1,0,0.0001047631272638805,-9.163703918457031,0.007112292872774781
2386,1,0,0.0009499870532908331,-6.958111763000488,0.022636507893718023
3235,1,0,0.00039630914371631404,-7.832919597625732,0.014333179654241933
4206,1,0,3.074341815677991e-05,-10.389803886413574,0.003716881047060061
5374,1,0,3.614506875230196e-05,-10.227933883666992,0.004049828476022415
3165,1,0,0.0006641247466754976,-7.316376209259033,0.01878171166410977
5252,1,0,0.00019689006647995188,-8.532668113708496,0.009921829311113399
1615,1,0,6.341524351692281e-05,-9.665742874145508,0.0054541703054152915
3813,1,0,3.484485439720478e-05,-10.264570236206055,0.003971961774348048
5715,1,1,0.9920872152909563,4.831331253051758,0.924655322790264
4467,1,0,0.0031259865769559755,-5.764874458312988,0.04186952535998287
3816,1,0,6.0275813747690835e-05,-9.716519355773926,0.005309565323316439
5700,1,1,0.984104755827354,4.1257123947143555,0.8939670577504816
4597,1,0,0.0003394310427368791,-7.987900257110596,0.013213695815894726
3156,1,0,0.011837620925991573,-4.424564361572266,0.08186252181397717
5199,1,0,0.00014974399336183675,-8.80643367767334,0.008588503579259296
2023,1,0,0.031595509989770315,-3.4226348400115967,0.13190452077453468
4659,1,0,0.0009260618379905647,-6.983643054962158,0.02233791337450417
4307,1,0,2.248341491737215e-05,-10.702710151672363,0.0031486426900727855
1267,1,0,0.0003766913953507343,-7.883707523345947,0.013956387506906774
2491,1,0,3.586642926912707e-05,-10.235672950744629,0.004033254240799772
5351,1,0,0.013694506912703554,-4.276971340179443,0.08796188976662844
248,1,0,0.0023157276022024746,-6.065712928771973,0.03589893168907959
4824,1,0,0.0005780410536741689,-7.455287456512451,0.017467011346867754
439,1,0,0.006223161855175262,-5.073234558105469,0.05938821746250303
5364,1,0,0.0010058168069920358,-6.900949001312256,0.02331924500668455
5253,1,0,0.003784486660721919,-5.573053359985352,0.04616071075475498
4426,1,0,0.0009365611858227289,-6.972358703613281,0.02246940896353179
4075,1,0,0.0011140306343778391,-6.798655986785889,0.024591505983598053
3828,1,0,6.641924784351739e-05,-9.619457244873047,0.005589395126524288
5190,1,0,0.0002495597144340015,-8.295562744140625,0.011240883605357422
2526,1,0,8.664965144650156e-05,-9.353550910949707,0.006433373297426496
946,1,0,0.00019362037713743582,-8.549417495727539,0.009834668391510417
1272,1,0,0.00421742989957671,-5.464303016662598,0.04877629086210402
3903,1,0,0.00016965921578401022,-8.681549072265625,0.009173145271741087
2220,1,0,0.00125238095175859,-6.681455612182617,0.026132433863316026
477,1,0,0.00021145728669604057,-8.461276054382324,0.010301997652497319
1989,1,0,0.002325007826674081,-6.061704158782959,0.03597282453863823
4628,1,0,0.07743379994642774,-2.477735757827759,0.2007707255748983
3637,1,0,0.011189442135469227,-4.481532096862793,0.07961307025307776
1831,1,0,9.853206967710644e-05,-9.225029945373535,0.0068855440704519025
3208,1,0,5.0445889930369935e-06,-12.197189331054688,0.0014241192024902016
1309,1,0,0.0007232473931688204,-7.2310357093811035,0.019637037448797277
5499,1,1,0.9540898944012748,3.0340726375579834,0.8250733806157796
128,1,0,0.7399380869612949,1.0456467866897583,0.6208487068277545
2583,1,0,0.0006571636969962064,-7.326920032501221,0.018678605604668358
4499,1,0,0.0069062119730155195,-4.9684038162231445,0.06258157490302507
3604,1,0,1.0215410820703666e-05,-11.491602897644043,0.00207158977706969
1237,1,0,0.01996543711254351,-3.893585205078125,0.10576061827424084
1888,1,0,0.0023580459288611876,-6.047561168670654,0.0362346906722285
1549,1,0,0.00014411921219328042,-8.844725608825684,0.008416754402017706
2226,1,0,0.00016635572951090687,-8.701215744018555,0.009078526909915317
1846,1,0,0.00042046035503477377,-7.773739814758301,0.014784889401792447
5310,1,0,9.877741770713188e-05,-9.222542762756348,0.006894599017364049
4194,1,0,4.444496253963343e-05,-10.021214485168457,0.0045185451173132
241,1,0,7.84982767077401e-05,-9.45235538482666,0.006105921490140473
1570,1,0,2.754115360284562e-05,-10.499801635742188,0.0035063347086938166
140,1,0,0.0017617279430124956,-6.339696884155273,0.031181166199690892
2866,1,0,0.0015320079005400166,-6.479642868041992,0.029008679535992992
5373,1,0,0.00010862974415870075,-9.127456665039062,0.0072497845800963655
5608,1,1,0.6309811663450706,0.5364283323287964,0.5553273679111423
5770,1,1,0.8963561206997227,2.157377004623413,0.747373830997797
1234,1,0,2.170420680160965e-05,-10.737982749938965,0.0030902840619329124
1986,1,0,0.00022740668909908567,-8.388543128967285,0.010704127398176095
38,1,0,0.00017924181266984254,-8.626595497131348,0.00944274257906276
5187,1,0,6.6496198954492075e-06,-11.920944213867188,0.0016492256969438306
5108,1,0,0.0015110198879659555,-6.493458271026611,0.02880235009348831
4774,1,0,2.1548043807284194e-05,-10.745203971862793,0.003078470162270835
2275,1,0,0.9800313343873808,3.8934202194213867,0.881668558542104
2941,1,0,2.6811232419318808e-05,-10.526662826538086,0.0034567517626111553
112,1,0,0.00018134839602720825,-8.614909172058105,0.009501078792303906
3414,1,0,0.00035491394831785,-7.943280220031738,0.013526852792878614
5335,1,0,0.012575839042233597,-4.3633222579956055,0.08434519198768888
611,1,0,1.906670274980517e-05,-10.867547988891602,0.0028850232120727786
4983,1,0,1.779712689818121e-05,-10.936455726623535,0.002781454638136291
1828,1,0,0.0028276045227641497,-5.8654937744140625,0.039773787013399745
3423,1,0,0.0004280345785257813,-7.755878448486328,0.0149239566922324
1204,1,0,1.0069964582650534e-05,-11.505943298339844,0.0020558762833851087
5387,1,0,0.00035798296464045905,-7.934667110443115,0.013588139707031653
4631,1,0,0.0017570607334484376,-6.3423542976379395,0.03113848236300665
5036,1,0,0.0008802316660549618,-7.034444808959961,0.02175517988851682
1973,1,0,0.00023690593185321667,-8.347610473632812,0.010937226178402171
3515,1,0,1.391897882191451e-05,-11.182243347167969,0.0024413283861254484
4938,1,0,0.0037855241066664584,-5.572778224945068,0.04616715659731138
3708,1,0,0.0001911168892262667,-8.562434196472168,0.009767455579001218
3531,1,0,1.1318788161772318e-05,-11.38903522491455,0.002187527407632814
3006,1,0,3.358855900169368e-05,-10.301291465759277,0.0038954111394589657
2379,1,0,2.5759338314847937e-05,-10.56668758392334,0.00338416358489842
2162,1,0,0.00021719374413768636,-8.434503555297852,0.010448250028302377
917,1,0,3.9770544116939155e-05,-10.132344245910645,0.004260226300792105
634,1,0,0.0021977779118447496,-6.11810827255249,0.03494647890669951
1392,1,0,0.00031465568085825286,-8.063716888427734,0.012697913917693308
2901,1,0,0.00017483699404916727,-8.651481628417969,0.009319694659319862
853,1,0,0.0005335613606466846,-7.535402774810791,0.016750320235682
2012,1,0,0.00029377252376571714,-8.132411003112793,0.012247776825126955
3826,1,0,0.0030212783903348383,-5.799049377441406,0.04114613486211597
308,1,0,0.6464166061533532,0.603324830532074,0.5640983849849878
2246,1,0,1.2318316550291508e-05,-11.304410934448242,0.0022880409707055414
992,1,0,0.0017294587773415613,-6.358215808868408,0.03088488580718039
3197,1,0,0.00012339692928300982,-8.999980926513672,0.007754608646663792
1646,1,0,0.015294536565976392,-4.164846897125244,0.09286692048672202
877,1,0,0.0009560766405652527,-6.95171594619751,0.022711917111628004
1773,1,0,0.0007164723326319947,-7.240454196929932,0.01954079731910427
1674,1,0,0.0035917215114126353,-5.62552547454834,0.04494693750267435
3370,1,0,0.00022718390464019684,-8.38952350616455,0.010698605135366695
2748,1,0,0.00015339702533618928,-8.782327651977539,0.008698402699836282
2846,1,0,0.00010279828113347194,-9.182639122009277,0.007041501209406802
59,1,0,0.0009764568849363175,-6.93060302734375,0.022962592709511433
3647,1,0,0.0005967731431603061,-7.423376560211182,0.017760792639122173
902,1,0,0.012821184090393303,-4.343752384185791,0.0851528306547014
2896,1,0,0.4762515513163709,-0.09506532549858093,0.4715880220872063
4990,1,0,2.6847436265104133e-05,-10.525313377380371,0.003459225952063501
1236,1,0,6.296529051912975e-05,-9.672863960266113,0.005433656630849244
649,1,0,0.00019316804555745184,-8.551756858825684,0.009822555233634404
971,1,0,0.00029840819817969125,-8.11674976348877,0.01234899414186502
5576,1,1,0.9750345417000907,3.6649796962738037,0.8683883596894495
3013,1,0,0.012138464507035063,-4.399163246154785,0.08288406656519352
631,1,0,0.005564642367597077,-5.185742378234863,0.05613121434269063
2357,1,0,0.00014218922609530776,-8.858209609985352,0.008357089483283406
364,1,0,4.9011452274220186e-05,-9.923407554626465,0.004758761670457351
922,1,0,0.00040823533934713845,-7.803258419036865,0.014557852568189446
2217,1,0,0.001932804430552851,-6.2468485832214355,0.03270856427012772
2634,1,0,0.008225681571400497,-4.792234420776367,0.06831108815287229
3066,1,0,0.0004372393624236871,-7.734592437744141,0.01509137117670333
914,1,0,0.003916220282241239,-5.5387043952941895,0.04697208932502173
1244,1,0,2.785707600213759e-05,-10.488395690917969,0.0035276026570915894
3981,1,0,3.726445119513432e-05,-10.197433471679688,0.004115812231221313
742,1,0,0.001522022238776406,-6.486192226409912,0.028910688426746555
5137,1,0,0.0011657381300447817,-6.753234386444092,0.02517789860206347
1405,1,0,0.0021826894437699195,-6.125012397766113,0.034822804750275806
4763,1,0,0.0005559407515249284,-7.494292736053467,0.017114394097734492
444,1,0,5.7175650908048686e-05,-9.769325256347656,0.005163225044895416
2350,1,0,0.0001792375400289114,-8.626619338989258,0.009442623927798776
1722,1,0,0.0008303954959665699,-7.092777729034424,0.021104379219058785
3099,1,0,0.00023050716154889597,-8.374998092651367,0.01078071299803142
3717,1,0,0.00016541648840555587,-8.706878662109375,0.009051461792832234
2235,1,0,9.43687130275658e-05,-9.268206596374512,0.006730222119540297
4057,1,0,0.02232261614058165,-3.7795794010162354,0.11163601645650852
3818,1,0,3.1748158643796574e-05,-10.357644081115723,0.0037807846129490653
5236,1,0,0.0004647560903287363,-7.673532962799072,0.01558193120270541
2985,1,0,0.5988535478778702,0.400690495967865,0.5374296777105839
1103,1,0,0.0022559896878973445,-6.091907978057861,0.03541966916361228
1067,1,0,0.00039062435595322697,-7.8473734855651855,0.014224938243377212
205,1,0,8.422944903427544e-05,-9.381881713867188,0.006337736593304586
5218,1,0,0.00012739544106232374,-8.968087196350098,0.00788627473576352
2104,1,0,0.0005464350505928435,-7.5115485191345215,0.01696063803900081
2615,1,0,0.00018179437488603233,-8.612452507019043,0.00951338738999943
1834,1,0,6.164895582748039e-05,-9.693992614746094,0.005373241932559956
1503,1,0,0.00011527538415298551,-9.068071365356445,0.0074807672203739866
1442,1,0,3.8739677554658805e-05,-10.158607482910156,0.004201358350113696
1476,1,0,0.0005777849213265821,-7.45573091506958,0.01746296254448195
830,1,0,0.0002636298857500322,-8.240700721740723,0.011569984681941302
4842,1,0,7.412888514814545e-05,-9.509631156921387,0.005923742374359383
1710,1,0,0.0014877801296097962,-6.508981227874756,0.028572217604552395
4454,1,0,4.679887975611291e-05,-9.9696044921875,0.00464375672353232
906,1,0,7.677490361274475e-05,-9.474555969238281,0.006034655602451243
4819,1,0,5.6499495755295684e-05,-9.781222343444824,0.005130812650184877
1563,1,0,5.250245988757172e-06,-12.157230377197266,0.0014546761727486613
3190,1,0,0.00010888528046928643,-9.125106811523438,0.007258788480912906
5757,1,1,0.9948021962904925,5.254307746887207,0.9389113449632273
427,1,0,0.00012662662585531697,-8.974141120910645,0.007861113070992813
3840,1,0,1.8074989650491585e-05,-10.920963287353516,0.002804411922519629
4148,1,0,2.2045738500957093e-05,-10.722369194030762,0.0031159825310139444
799,1,0,6.808999894938418e-05,-9.594612121582031,0.005663350594031308
3302,1,0,0.01221946002819353,-4.392430782318115,0.08315676049616882
2781,1,0,5.088492973061001e-05,-9.885892868041992,0.004854234691847264
3855,1,0,0.0005302673710955436,-7.541598796844482,0.016696111983041377
5643,1,1,0.9989142247607112,6.824374675750732,0.9725554162207708
5040,1,0,0.0013667997820287555,-6.5939154624938965,0.02734430566253572
5110,1,0,1.8339307649188306e-05,-10.906445503234863,0.0028260963853817766
4196,1,0,0.00021770481407523925,-8.43215274810791,0.010461189670526356
4356,1,0,3.9930155414042095e-05,-10.128338813781738,0.00426927620627024
965,1,0,6.175893118825965e-05,-9.69221019744873,0.005378312620645559
1333,1,0,0.0003928021388906747,-7.841811656951904,0.014266493645916485
5229,1,0,0.00017523738518366734,-8.64919376373291,0.009330940248489596
352,1,0,2.682841995671227e-05,-10.526021957397461,0.0034579265640722182
602,1,0,7.945154412189336e-05,-9.44028377532959,0.0061450228702027545
2181,1,0,2.7999192587929983e-05,-10.483306884765625,0.003537132856654763
4518,1,0,0.002387385360541948,-6.035166263580322,0.03646569760383356
645,1,0,0.00020796556264848174,-8.477930068969727,0.010212044352216803
488,1,0,1.315937105412605e-05,-11.238363265991211,0.0023696806513292252
1782,1,0,9.794153346797622e-05,-9.23104190826416,0.0068637053974768755
2062,1,0,0.000342632008806062,-7.978510856628418,0.013278993688873173
3922,1,0,0.0002764244820757685,-8.193296432495117,0.011862005359211678
3300,1,0,0.022749321204926797,-3.7602078914642334,0.1126622683844189
2639,1,0,0.0007040935448940559,-7.257894992828369,0.019363802609015397
4836,1,0,0.0005478504292510229,-7.508960247039795,0.016983613761845883
5457,1,1,0.9801786271500417,3.9009740352630615,0.8820872199073169
129,1,0,3.3544480613811115e-05,-10.302604675292969,0.0038927009541879754
1990,1,0,0.0029394888487863174,-5.826575756072998,0.04057218850254686
2394,1,0,0.0010217820489519397,-6.8851847648620605,0.023511038818673665
3140,1,0,2.8388239347391055e-05,-10.469507217407227,0.0035631058703140335
4968,1,0,0.00011186782593406705,-9.0980806350708,0.007363145720492498
13,1,0,9.306194212400474e-05,-9.28215217590332,0.006680802222511452
959,1,0,0.00037389808279894007,-7.891153335571289,0.013901974532603698
4361,1,0,0.002052148290085963,-6.186813831329346,0.03373438746010087
5670,1,1,0.9695826710538333,3.461853265762329,0.8555373749206486
2127,1,0,6.741232952831274e-05,-9.604615211486816,0.005633458511330176
1302,1,0,0.0008027997158557437,-7.1266021728515625,0.020735776658721117
1654,1,0,0.00012640416719160192,-8.975899696350098,0.007853818919266651
656,1,0,0.00108668326193559,-6.823537826538086,0.024275947159919466
1279,1,0,0.00021286704526649283,-8.454629898071289,0.010338114028914049
457,1,0,0.02319235453115721,-3.740467071533203,0.11371654919341624
3850,1,0,5.562216882133584e-05,-9.796873092651367,0.0050884818923930455
144,1,0,2.117188051403848e-05,-10.762815475463867,0.00304984625449617
652,1,0,0.00010035622278748104,-9.206684112548828,0.0069526134376000906
236,1,0,0.00010635450174673442,-9.148626327514648,0.007169167325656698
957,1,0,5.314682717031732e-06,-12.145031929016113,0.0014641342296948135
2233,1,0,0.00011302369668903604,-9.087800025939941,0.0074032324519985706
3308,1,0,0.9891786372431778,4.515352725982666,0.9120743172296351
2107,1,0,2.9498887676378273e-05,-10.43112850189209,0.0036363437716300322
76,1,0,3.207108345166507e-05,-10.34752368927002,0.003801119994912194
5637,1,1,0.09960210425966473,-2.201653480529785,0.22537854205502292
215,1,0,0.012279045782660149,-4.387506008148193,0.08335675155218147
1012,1,0,0.0004661525885670043,-7.670531272888184,0.0156064477865261
706,1,0,0.010853382159549157,-4.512365818023682,0.07841923755968594
2167,1,0,0.005488912684639243,-5.199521064758301,0.055744074136108795
5784,1,1,0.8837369934228021,2.0283045768737793,0.7341889995979808
2129,1,0,2.280104011927191e-05,-10.688681602478027,0.0031721571673791714
1357,1,0,9.594519711675723e-06,-11.554308891296387,0.0020037515636008732
1315,1,0,0.00015421081919468773,-8.7770357131958,0.008722714564100705
20,1,0,0.0013290029366497134,-6.6219964027404785,0.026949729551887007
5801,1,1,0.0034444028525431976,-5.6675543785095215,0.043996730883929025
4996,1,0,0.0012521406119423806,-6.681647777557373,0.026129831960328698
3295,1,0,8.897590893846943e-05,-9.327055931091309,0.006524109708769016
51,1,0,0.00010496081471438634,-9.161818504333496,0.007119380298354134
1578,1,0,8.519095233148924e-05,-9.370530128479004,0.006375885511720156
316,1,0,0.00013686371244172937,-8.896388053894043,0.008190420281115728
4260,1,0,0.0002406770611533428,-8.33181381225586,0.011028519676480672
1754,1,0,3.0717863219757316e-05,-10.39063549041748,0.003715242949037735
2805,1,0,6.951455239924311e-06,-11.87655258178711,0.0016885755709447794
2685,1,0,0.00013662665886616667,-8.89812183380127,0.008182930162810576
4635,1,0,4.875887517899407e-05,-9.928574562072754,0.004745759151668282
3110,1,0,2.2880480832431243e-06,-12.987809181213379,0.0009355588028561379
644,1,0,0.0006792399594834316,-7.293856620788574,0.019003799397712556
4903,1,0,0.01604342805593149,-4.1162824630737305,0.09506668475078635
1079,1,0,0.006597476976939809,-5.014448642730713,0.061159680320915955
5827,1,1,0.056463557318235436,-2.816039562225342,0.17343426537512946
3733,1,0,0.0003664607902836012,-7.911252498626709,0.0137561347723545
880,1,0,0.0005162683431023275,-7.5683674812316895,0.0164638913034889
35,1,0,4.70573220433911e-05,-9.964097023010254,0.004657320726034086
4151,1,0,0.00012641923473569218,-8.975780487060547,0.007854313158761006
5741,1,1,0.0014339390119554375,-6.545895099639893,0.028032104311807644
3257,1,0,0.00016888947538035197,-8.686097145080566,0.009151177552651015
4180,1,0,9.600843719648452e-05,-9.250978469848633,0.006791776216098173
3067,1,0,0.0009070444027684439,-7.004411697387695,0.022097860967621407
5485,1,1,0.7593997602250857,1.149391531944275,0.6337527190703519
972,1,0,0.0005895865957936808,-7.43549919128418,0.01764862088684578
5680,1,1,0.9716391058913735,3.533973217010498,0.860215477324089
1875,1,0,0.008444748487569737,-4.765729904174805,0.06921408019191469
252,1,0,0.0004416491122357539,-7.724553108215332,0.015170970962378478
3685,1,0,3.488714794746899e-05,-10.263357162475586,0.003974516004983352
692,1,0,0.07928030954050183,-2.4521658420562744,0.2029626378222365
876,1,0,0.0025082832388410655,-5.985645294189453,0.03740284827049188
1797,1,0,0.0004058217012957723,-7.80919075012207,0.014512641393740519
3737,1,0,2.2531258569662428e-05,-10.700584411621094,0.0031521946270602983
71,1,0,0.0001781812329182875,-8.63253116607666,0.009413248693962952
807,1,0,0.9699245712331688,3.4735097885131836,0.856302201171829
1001,1,0,0.0036680451901242805,-5.604421615600586,0.045431407479656606
3596,1,0,9.374553926130228e-05,-9.274832725524902,0.006706695543720082
5273,1,0,0.00014773418571113568,-8.819948196411133,0.00852749434900732
3054,1,0,0.4580414776441427,-0.16822972893714905,0.4618994973672012
1715,1,0,0.0006091615385529105,-7.402817726135254,0.01795262767331903
686,1,0,2.6849991713752667e-06,-12.827827453613281,0.001018595605954706
714,1,0,0.0013368769638087581,-6.616081237792969,0.027032382906202936
1190,1,0,0.001204570348705358,-6.7204270362854,0.025609891528315873
3097,1,0,0.007034197955767189,-4.9499125480651855,0.06316123500611336
392,1,0,0.0003407381325951704,-7.984055519104004,0.013240395365490522
172,1,0,4.656338786366926e-05,-9.974649429321289,0.00463136637059147
3062,1,0,0.0033597318555136442,-5.69252872467041,0.04344120891130846
976,1,0,0.00021903567945132487,-8.426056861877441,0.010494817413505525
2883,1,0,0.0001272120195310455,-8.969528198242188,0.007880278325991329
2797,1,0,0.9085672851629822,2.2962656021118164,0.7610693595630789
4911,1,0,7.859347625017539e-05,-9.451143264770508,0.006109836497080691
2159,1,0,0.9039461955888747,2.241861343383789,0.7557660122223893
2055,1,0,0.001251300679168824,-6.682319641113281,0.02612073696584719
3635,1,0,0.00015679596093169085,-8.760408401489258,0.008799541741752652
4882,1,0,0.001300491635395566,-6.643711566925049,0.026648402528274783
3240,1,0,4.07243504738831e-06,-12.41126537322998,0.001271003093708352
907,1,0,3.208365609867133e-05,-10.347131729125977,0.0038019097668902436
5463,1,1,0.009262511382392785,-4.672474384307861,0.07247972110935212
4181,1,0,3.174485868310078e-05,-10.357748031616211,0.0037805763036016797
3838,1,0,1.0675872637895751e-05,-11.447513580322266,0.0021206552739706313
3259,1,0,0.8452214119208026,1.6976029872894287,0.6984713729160866
5292,1,0,0.002563542067951605,-5.963798522949219,0.03782360432753705
2912,1,0,0.0003656395018831099,-7.913496971130371,0.013739942786723903
105,1,0,2.0428518577146832e-05,-10.798558235168457,0.0029925668242309156
3048,1,0,0.00011328427468572974,-9.08549690246582,0.007412242578342193
4002,1,0,4.132865769038517e-05,-10.093913078308105,0.004347851459064348
1832,1,0,5.205931858721538e-06,-12.165706634521484,0.0014481400621464127
2176,1,0,0.010972097420149039,-4.501367092132568,0.07884319977222047
2840,1,0,0.00016243208779845897,-8.725088119506836,0.008964972996688414
3487,1,0,7.320948813866284e-06,-11.824763298034668,0.0017356690080328654
4449,1,0,3.758078467667691e-05,-10.188980102539062,0.004134288762010091
3040,1,0,0.0014400141853368143,-6.541661262512207,0.02809354566913976
63,1,0,0.00017673957678330555,-8.640656471252441,0.009373022569595262
1409,1,0,0.00011574317148306983,-9.064021110534668,0.007496784386530458
37,1,0,0.00021806733264100264,-8.430488586425781,0.010470359366271498
2856,1,0,5.521874326161153e-06,-12.10678768157959,0.0014941867482274624
4162,1,0,0.00019579769107367555,-8.538232803344727,0.009892787117951366
866,1,0,0.0002857480506415465,-8.160114288330078,0.012070735408262211
5046,1,0,0.00022603790349097253,-8.39458179473877,0.01067015758753027
5392,1,0,0.00023692558401738876,-8.347527503967285,0.010937703726375885
1718,1,0,7.378999868365877e-05,-9.514213562011719,0.005909402559941657
2979,1,0,3.57012990209919e-05,-10.240287780761719,0.004023403143235038
1223,1,0,3.7843498768981774e-05,-10.182013511657715,0.0041495777097899965
5681,1,1,0.37654863918380693,-0.5042235255241394,0.41788408863904414
1918,1,0,0.00023061026051634376,-8.374550819396973,0.010783251168535903
4102,1,0,8.382056809049228e-05,-9.386748313903809,0.006321451102273336
697,1,0,0.0003488193439544911,-7.960607528686523,0.013404384423677721
2056,1,0,0.00037829569338794397,-7.879456043243408,0.013987550853879496
2895,1,0,3.379886057676328e-05,-10.295049667358398,0.00390831860388133
4570,1,0,1.3161931419336075e-05,-11.238168716430664,0.0023699253712529005
3793,1,0,2.105220678310184e-05,-10.768484115600586,0.003040689601621247
1177,1,0,0.0010812887146570231,-6.828519821166992,0.02421324014372106
3709,1,0,0.41821036758408836,-0.3301243484020233,0.44057346551301524
4266,1,0,9.539417401531357e-05,-9.257397651672363,0.006768776142546803
3825,1,0,0.00029389802684931814,-8.131983757019043,0.01225052718026592
4242,1,0,0.015686794972624925,-4.139124870300293,0.09402626963579064
5693,1,1,0.3005995446189244,-0.8444445133209229,0.37461185113305123
2997,1,0,1.0795412587632366e-05,-11.436378479003906,0.0021332294974659213
2913,1,0,0.001096485099757649,-6.814548492431641,0.02438949435418757
2756,1,0,0.9734786056991471,3.602924108505249,0.8645687301251624
4415,1,0,6.918263490075541e-05,-9.578691482543945,0.005711251573187382
5737,1,1,0.049763943580381206,-2.9494197368621826,0.1634954909080429
578,1,0,2.0173759968555806e-05,-10.811107635498047,0.0029727112690045875
3496,1,0,0.0003407475531573213,-7.984027862548828,0.013240587617440161
4775,1,0,2.548836799039183e-05,-10.577262878417969,0.0033652394579829718
3822,1,0,0.002221826054338793,-6.10720157623291,0.03514271445177153
1740,1,0,4.031134283361942e-05,-10.118837356567383,0.004290820508393474
856,1,0,3.341259220041005e-05,-10.306544303894043,0.003884581662500944
3469,1,0,0.0008892068779034069,-7.024291038513184,0.021870450150185815
3837,1,0,4.170231132278052e-05,-10.084912300109863,0.004368631714692405
2317,1,0,0.0005459313736066537,-7.5124711990356445,0.01695245492853506
4312,1,0,0.001436078372323077,-6.544402122497559,0.028053755455813102
5071,1,0,0.0002538534340144214,-8.278499603271484,0.011342236351901071
4357,1,0,0.0002993351106220044,-8.1136474609375,0.012369141870794688
5053,1,0,0.0015186859733670184,-6.48838996887207,0.02887787795828573
4731,1,0,0.0004490947070446268,-7.707827568054199,0.015304503324714691
4479,1,0,0.0001945666180106731,-8.544541358947754,0.009859964455239074
2999,1,0,0.04378714172566661,-3.0836403369903564,0.1539618826526063
1568,1,0,0.00013240395812306183,-8.929520606994629,0.00804845358932127
3994,1,0,0.00018827612943416111,-8.577412605285645,0.009690675976201261
4478,1,0,3.2458461668207176e-05,-10.335516929626465,0.0038253871039151386
4992,1,0,0.00010360633162899637,-9.174808502197266,0.007070691739997405
2362,1,0,0.00023767674774597886,-8.344361305236816,0.010955942811972307
4888,1,0,0.020428735049438068,-3.8701725006103516,0.10694452918585193
4208,1,0,1.704035139821911e-06,-13.282509803771973,0.0007998966915410112
3392,1,0,0.041063682697727005,-3.150700569152832,0.14937148070837922
5357,1,0,8.190259060491938e-06,-11.712556838989258,0.0018422474575218956
177,1,0,0.0012666205348662834,-6.670135498046875,0.026286152942065842
4926,1,0,0.0010111097077589927,-6.895695209503174,0.023382994392324816
3442,1,0,0.0006101725989904826,-7.401158332824707,0.0179681999418105
524,1,0,0.00023717691389449285,-8.346467018127441,0.010943809374402829
4764,1,0,0.00010144219410966796,-9.19591999053955,0.006992266870202595
5719,1,1,0.9890183877736551,4.500490665435791,0.911438111737979
5148,1,0,6.256475137638855e-05,-9.679245948791504,0.0054153372800982424
1264,1,0,0.00037613322041179365,-7.885190963745117,0.013945530005555973
1263,1,0,0.0007797308352143211,-7.1557817459106445,0.020422860321543244
4007,1,0,0.00011239035594816309,-9.093420028686523,0.0073812918535451
5652,1,1,0.9992519424554854,7.197282314300537,0.9773827604729014
2320,1,0,0.0010182598520065125,-6.888641357421875,0.023468853235579703
1996,1,0,0.0019231270165118997,-6.251877784729004,0.032624010661525864
4708,1,0,0.0001956625736634322,-8.538923263549805,0.009889189470597406
3834,1,0,0.004612360381820831,-5.374392509460449,0.05104433527913429
527,1,0,0.000493983421369147,-7.612514495849609,0.016087831525179515
2811,1,0,2.568256329278106e-05,-10.569672584533691,0.0033788113113052084
5340,1,0,1.4476035028003003e-05,-11.143001556396484,0.0024927079019168266
2305,1,0,0.0178490477368094,-4.0077948570251465,0.10014980376742014
4142,1,0,0.00047559810149273873,-7.650461673736572,0.01577134632326268
3683,1,0,0.0012189616937461492,-6.708536148071289,0.025768240807849896
4962,1,0,0.0003525195887782635,-7.950051784515381,0.013478860963452388
506,1,0,4.701927606687352e-06,-12.267533302307129,0.001371875679673522
3424,1,0,3.4355427385748827e-06,-12.581332206726074,0.001161173732333287
1118,1,0,0.0008783298377521864,-7.036609649658203,0.021730680558500935
3412,1,0,5.69446650579373e-05,-9.7733736038208,0.005152172937572784
1637,1,0,0.00013759216828619733,-8.89107894897461,0.008213398507460095
2868,1,0,0.003709569576423706,-5.593122959136963,0.04569282486379901
3472,1,0,0.0002479852596983171,-8.30189323425293,0.01120350950399796
318,1,0,0.0011009569944961158,-6.810473918914795,0.024441132009715327
3047,1,0,4.964001745551084e-05,-9.910663604736328,0.004790982947662766
3904,1,0,0.021747912511774825,-3.8062496185302734,0.11023647733848074
3117,1,0,0.0001793491748243006,-8.625996589660645,0.009445723583318246
3152,1,0,0.05253663780561198,-2.892277479171753,0.16769618377106618
3215,1,0,0.0036570220718622833,-5.607442378997803,0.045361757656846476
5044,1,0,0.00025076348728315527,-8.290749549865723,0.011269382320174274
2074,1,0,0.0011174615798688703,-6.795577526092529,0.02463082482601278
121,1,0,3.264888866027503e-05,-10.329667091369629,0.0038372661840890237
2067,1,0,6.962573792860228e-05,-9.572306632995605,0.00573057486728939
601,1,0,0.0023283228694062903,-6.060276031494141,0.035999184277802486
926,1,0,1.0850684376598874e-05,-11.43127155303955,0.0021390213111572654
4257,1,0,1.1490761222235748e-05,-11.373955726623535,0.002205109974553256
1450,1,0,0.0008575835477605393,-7.0605340003967285,0.02146172074538706
4856,1,0,0.06434003009864489,-2.677070140838623,0.18429105206537277
2079,2,0,0.00029611093238474833,-8.124480247497559,0.006835787191520271
2559,2,0,0.0003749621520695178,-7.888310432434082,0.00781455792593825
3946,2,0,0.00160143009231388,-6.435255527496338,0.017731252131451346
3701,2,0,0.0002822266622626478,-8.172517776489258,0.006652131441241668
5535,2,1,0.14646638504092294,-1.7625889778137207,0.20628970245833902
2561,2,0,0.00034921379766302983,-7.959476947784424,0.007505818855661574
4294,2,0,8.172550927472594e-05,-9.412062644958496,0.0032897117671252456
5413,2,0,8.445078185979158e-05,-9.379257202148438,0.0033516833341596932
4059,2,0,0.0003102384968825918,-8.077858924865723,0.007018841433507466
2420,2,0,0.00016073606028165272,-8.735586166381836,0.0048325538103518
4417,2,0,0.00022299349234803078,-8.4081449508667,0.005819892325361274
3326,2,0,0.023212990848705338,-3.7395565509796143,0.07756753399620954
2716,2,0,9.581390344482867e-05,-9.253006935119629,0.0036012260448941187
4545,2,0,2.7874163074049166e-05,-10.48778247833252,0.001783010381129406
4725,2,0,2.0518194529218294e-05,-10.794178009033203,0.0014973585285184899
4406,2,0,0.0021527501870931202,-6.138854026794434,0.020931345154828477
2218,2,0,8.804428456640905e-05,-9.3375825881958,0.003432089885389822
4193,2,0,2.1627283681861826e-05,-10.741533279418945,0.0015429649337937322
2427,2,0,0.0011980958912056778,-6.725822925567627,0.015062226464873842
3742,2,0,0.0016541870053886497,-6.402790069580078,0.01805690265253512
25,2,0,0.00012278025818163296,-9.00499153137207,0.004146609109688636
4234,2,0,0.0004182357306210694,-7.779047012329102,0.008313259929435182
433,2,0,0.00018727117311120956,-8.582765579223633,0.0052706978005642524
1104,2,0,0.00011218274189928531,-9.095269203186035,0.003939169218658053
2523,2,0,0.00017095491786659137,-8.67393970489502,0.005004757876010889
5213,2,0,0.0001525616291384569,-8.787789344787598,0.004691348331707063
4820,2,0,0.00010877527649179847,-9.126117706298828,0.003870681779697789
5739,2,1,0.9083160717777811,2.293245315551758,0.7246372915394291
3479,2,0,0.046344390644252303,-3.024202346801758,0.1122910231813211
767,2,0,0.004302924923282864,-5.444148063659668,0.030803932968421564
2212,2,0,0.0008320386061413189,-7.090799331665039,0.01226442358387154
4662,2,0,0.0007256437159680472,-7.227725505828857,0.011352856714097461
3542,2,0,0.00019248152578769834,-8.555317878723145,0.00535347746678972
3238,2,0,1.9966380710399825e-05,-10.821440696716309,0.0014742722774561162
3119,2,0,0.392545200626737,-0.4366260766983032,0.35649854872427517
5276,2,0,4.774730718344345e-05,-9.949540138244629,0.0024227034976696377
4015,2,0,0.002685939632282178,-5.917035102844238,0.02368964435272557
5465,2,1,0.5975888091641259,0.39542847871780396,0.47111523224667584
1624,2,0,5.490539614003184e-05,-9.809844017028809,0.0026232651463411753
3396,2,0,0.00035860479857721927,-7.932930946350098,0.007619540771731625
1461,2,0,0.0013692843768556746,-6.59209680557251,0.01623753025605902
621,2,0,0.00016834491814192237,-8.689327239990234,0.004961210629070653
2145,2,0,0.00035921144564910335,-7.931240081787109,0.007626842011235382
4726,2,0,0.010084453799797206,-4.586624622344971,0.04929594557795417
4576,2,0,0.002544127143352336,-5.9714202880859375,0.022982199362690463
592,2,0,0.0003532299157958634,-7.948038101196289,0.007554614366064674
4754,2,0,0.0013986142827197867,-6.570873737335205,0.016432173789527445
3950,2,0,0.0003573637416886316,-7.936398983001709,0.007604587307198314
3824,2,0,0.005367174066526131,-5.222072124481201,0.03482189114939784
5481,2,1,0.17418076278579697,-1.5562822818756104,0.22623747932518068
3597,2,0,0.000329549892103829,-8.01745319366455,0.0072632748259802565
2696,2,0,1.8092942633174295e-05,-10.919970512390137,0.001393760579818788
1124,2,0,0.00032327772218371687,-8.036675453186035,0.007184588462180055
2515,2,0,0.0005128651836571396,-7.574984550476074,0.009330622064003568
4505,2,0,7.870485091701518e-05,-9.449727058410645,0.0032199684157431176
626,2,0,0.00020165512184092813,-8.508749961853027,0.005496890278992354
5793,2,1,0.27541761709468837,-0.967306911945343,0.29038806921047355
4221,2,0,8.23037046081923e-05,-9.405012130737305,0.0033029335604783344
614,2,0,4.859302117422201e-05,-9.931982040405273,0.002447046050427073
5177,2,0,0.2827457180381846,-0.930882453918457,0.2946908400351036
4016,2,0,0.0011892556084450298,-6.7332377433776855,0.01499956771161229
207,2,0,3.2917408690254196e-05,-10.321475982666016,0.0019602093558008116
2393,2,0,0.00012098673729834515,-9.019708633422852,0.004112064728880834
4527,2,0,0.003744877934099132,-5.583614349365234,0.028514041819337393
5771,2,1,0.9955471222208634,5.4097418785095215,0.9397119246066676
3972,2,0,0.22599734698483923,-1.231052041053772,0.2603707554620502
1049,2,0,0.0013184475165476846,-6.62998104095459,0.015895702828594045
2767,2,0,0.0002871731453719042,-8.15513801574707,0.0067180044451005455
5823,2,1,0.9866553094300993,4.303202152252197,0.8923372132346972
1512,2,0,0.00040945992688135757,-7.800261974334717,0.008214021673182905
3094,2,0,0.0009394317610485408,-6.969295501708984,0.01313361745237935
5586,2,1,0.9849844691920592,4.1835408210754395,0.8855974289621099
343,2,0,4.531288791674844e-06,-12.304499626159668,0.0006328609489986374
3640,2,0,0.002394622589936607,-6.032132148742676,0.02221681625248611
2746,2,0,0.00010948341931119369,-9.119627952575684,0.003884990611025881
2090,2,0,8.547192772419051e-05,-9.367237091064453,0.0033746801886102686
1523,2,0,0.002862417041265247,-5.853222370147705,0.02454683998489988
2723,2,0,0.006257700696191462,-5.067665100097656,0.03790855013642683
4496,2,0,0.01810583231970537,-3.9932494163513184,0.06781993043846266
5409,2,0,1.2416728862510663e-05,-11.296453475952148,0.0011245504611543226
4685,2,0,0.0007178464003490005,-7.238536834716797,0.011283802380229174
1352,2,0,0.00024622345896640015,-8.309024810791016,0.006156568637628473
2066,2,0,0.7487526546563962,1.0919708013534546,0.5700143549761452
3879,2,0,2.6821333878506242e-05,-10.526286125183105,0.001744319527448201
1815,2,0,1.1097494503639482e-05,-11.408780097961426,0.0010547867199755478
522,2,0,1.2404183354036345e-05,-11.297464370727539,0.0011239025050179263
2328,2,0,0.00043798878779036554,-7.732879161834717,0.008533348929434042
2280,2,0,0.0020368562956296086,-6.194308757781982,0.02029241794297787
161,2,0,0.00011858086594122603,-9.039796829223633,0.0040653752924749926
54,2,0,0.00039343023220706695,-7.840213298797607,0.008030318166345812
4572,2,0,0.00010576104986512493,-9.15422248840332,0.003809318897069901
3459,2,0,8.776232628720734e-06,-11.643454551696777,0.0009226748398764897
5658,2,1,0.003889926993963392,-5.545467376708984,0.029123429904288664
4759,2,0,0.001225269224208761,-6.703368663787842,0.015253551947275902
3134,2,0,0.0012170387277531116,-6.710116863250732,0.015195802607111253
3911,2,0,0.0002029976083537899,-8.502113342285156,0.0055176374213618505
1224,2,0,2.290060644603703e-05,-10.684324264526367,0.0015940992086579376
1274,2,0,0.0033368451030902028,-5.699387073516846,0.026739451506010477
60,2,0,0.00030337720060187443,-8.10023021697998,0.006930403068659984
1737,2,0,2.9987025464061137e-05,-10.414715766906738,0.0018588031041566757
5453,2,1,0.4476477382237389,-0.2101793736219406,0.3866677047950363
369,2,0,0.0016348057800666862,-6.414595127105713,0.017937816196004524
4761,2,0,0.00030091973870371763,-8.108366012573242,0.006898515711315211
451,2,0,0.004893226449967367,-5.314998149871826,0.03308254230495074
5468,2,1,0.9954056871783116,5.378331184387207,0.9386881515929644
2156,2,0,0.006105702418084559,-5.092407703399658,0.0373968198467744
2061,2,0,0.0004724187736333843,-7.657172203063965,0.008906823854050162
2146,2,0,0.028400959102201053,-3.532520294189453,0.08645634837738564
5555,2,1,0.8755721328375199,1.9511513710021973,0.6840223612628766
1692,2,0,0.007120046531469307,-4.937695503234863,0.04070890062023937
3632,2,0,0.008963278536268876,-4.705615520477295,0.046208581229128805
3465,2,0,0.0011345304610056938,-6.780401229858398,0.014606980686950608
3528,2,0,5.514866975261728e-05,-9.80542278289795,0.002629876106474572
2753,2,0,0.001196721503838011,-6.7269721031188965,0.015052498514684414
577,2,0,2.5694836802631113e-05,-10.569194793701172,0.0017021888813869186
4155,2,0,0.0004203096760986707,-7.7740983963012695,0.00833657878792186
5780,2,1,0.004512919248873611,-5.39628791809082,0.031630049646964795
3356,2,0,0.00037483259603535564,-7.888656139373779,0.0078130281157103
4511,2,0,1.976049246674403e-05,-10.831806182861328,0.0014655882603452108
5306,2,0,0.00040377417794646597,-7.814250946044922,0.008149228441865634
5312,2,0,0.03147100429865569,-3.4267117977142334,0.09134703998258184
2294,2,0,0.0006863620820179038,-7.283418655395508,0.011001545245287729
2778,2,0,2.3731477336008316e-05,-10.64868450164795,0.0016268063279459644
2289,2,0,0.0001304578095718049,-8.944330215454102,0.004292071801725054
5747,2,1,0.5831345202093224,0.3356543183326721,0.46262330637323
2556,2,0,0.005007686791616024,-5.2917609214782715,0.033509454448223834
261,2,0,0.00023869960385539056,-8.340065956115723,0.006049101901921076
3807,2,0,0.04721231257768206,-3.004737377166748,0.11340330303688058
3821,2,0,7.547659771231238e-05,-9.491612434387207,0.0031441386636529883
1345,2,0,0.0007287518410216412,-7.223448276519775,0.011380291500226299
2310,2,0,5.626641205320597e-05,-9.785356521606445,0.002660090147252915
670,2,0,0.00019677258128837218,-8.533265113830566,0.005420922335887201
3953,2,0,0.0009597258702093845,-6.947902679443359,0.013292827083343763
5687,2,1,0.0013716337010661482,-6.5903801918029785,0.016253189221334535
151,2,0,0.00024507161531389714,-8.313714981079102,0.0061402100562293355
280,2,0,0.0023946613200143143,-6.032115936279297,0.02221701727731023
4821,2,0,0.0001869298947922278,-8.584589958190918,0.005265240991731104
566,2,0,6.254327650368921e-05,-9.67958927154541,0.0028251602861220416
4982,2,0,0.02137206897243292,-3.824066638946533,0.0741856841927197
4869,2,0,6.05503870224846e-05,-9.711974143981934,0.0027735607631947995
4321,2,0,8.476584450384402e-05,-9.375533103942871,0.003358791523463353
4150,2,0,0.0003302748723188623,-8.015254974365234,0.007272327575078949
4085,2,0,0.0024980356584882292,-5.989749431610107,0.02274845309861454
2425,2,0,0.0012138486085815949,-6.71274471282959,0.015173372433467738
4773,2,0,0.0001753261324920868,-8.648687362670898,0.005077048541342856
3810,2,0,4.377296537747369e-05,-10.036450386047363,0.0023057224359103803
1488,2,0,0.0006370209118581767,-7.3580708503723145,0.01054745129771357
5683,2,1,0.9932748357032872,4.995151042938232,0.9248256959337985
1363,2,0,2.107142878865674e-05,-10.767571449279785,0.001520237162365335
4558,2,0,0.00025048319527747347,-8.291868209838867,0.006216778026654811
4205,2,0,8.362345100984124e-05,-9.389102935791016,0.00333296290605797
3588,2,0,0.00021172742656024973,-8.459999084472656,0.005651120365899467
214,2,0,1.0194545149642772e-05,-11.493647575378418,0.0010049594349184373
1432,2,0,0.00013840682980577728,-8.885174751281738,0.004438814609899383
3714,2,0,0.0008810384601198382,-7.033527851104736,0.012666808331506485
3403,2,0,0.0020390121216332306,-6.193248748779297,0.020304450010280386
4452,2,0,0.0009318419295007453,-6.977415084838867,0.013073683736096391
3880,2,0,1.2428540320999187e-05,-11.295502662658691,0.0011251602472205403
3670,2,0,0.004810439704657501,-5.332144737243652,0.032770899715444765
5469,2,1,0.032317166567008525,-3.399305820465088,0.09265377774669299
2432,2,0,0.05663825810618342,-2.812765121459961,0.12489567331362178
1951,2,0,0.00530833648412324,-5.233154296875,0.034609917630692225
4657,2,0,0.0002356664066872978,-8.35285758972168,0.006005360687502173
4030,2,0,0.002488312688973052,-5.993659019470215,0.02269889654127477
5401,2,0,0.00115820490289162,-6.759725093841553,0.01477782621321415
3231,2,0,0.0011555991509105508,-6.761980056762695,0.014759098389727958
849,2,0,1.804595084325588e-05,-10.922571182250977,0.00139169605242174
3307,2,0,0.002446866730514294,-6.010497093200684,0.022486665504206502
2378,2,0,9.967868466924018e-05,-9.213459014892578,0.003683139806769623
1395,2,0,9.356692096326721e-05,-9.276740074157715,0.003552942862260726
2681,2,0,0.0006528336286179103,-7.333535194396973,0.010694612921281068
1121,2,0,0.0005607455108154067,-7.485682487487793,0.009813768633313144
2993,2,0,0.12451360883491724,-1.950364589691162,0.18929202519220809
2577,2,0,0.0020180600538933025,-6.203598499298096,0.020187269226752375
4575,2,0,0.0011028049516332028,-6.808794975280762,0.01437553212658766
2326,2,0,0.00018454896777571382,-8.597411155700684,0.0052270503431410655
4724,2,0,0.0024893875998062277,-5.993226051330566,0.02270437949623574
5474,2,1,0.5013509777792873,0.0054039242677390575,0.41622516902007467
837,2,0,2.5477286416040723e-05,-10.57769775390625,0.0016939614835689539
1221,2,0,0.0020631057547971523,-6.1814775466918945,0.020438534304793074
5245,2,0,0.0001292408126033197,-8.953703880310059,0.004269266732871167
2859,2,0,0.00137235692713311,-6.589852333068848,0.016258007338051488
1519,2,0,0.0001074749320862094,-9.138145446777344,0.0038443012694121047
663,2,0,0.001506757572705604,-6.4962873458862305,0.017134599563410832
3386,2,0,0.015048056095754865,-4.181344032287598,0.06133938039259794
2111,2,0,0.0001865122182258444,-8.586827278137207,0.0052585567267055015
4997,2,0,7.83862225957576e-05,-9.453783988952637,0.0032125446649532976
1017,2,0,0.00016095783461049065,-8.734207153320312,0.004836340719578213
937,2,0,6.8974510488469515e-06,-11.88435173034668,0.0008042372820492746
4865,2,0,0.0018119385216198117,-6.311544418334961,0.019003914907700925
2123,2,0,7.474715522753269e-05,-9.501324653625488,0.003126811350048935
2380,2,0,0.0003234842834621521,-8.036036491394043,0.0071871904049017
4514,2,0,0.027905172355009143,-3.5506412982940674,0.08564290881697938
743,2,0,0.00011513125599859195,-9.06932258605957,0.003997707506343421
2021,2,0,0.004787811310762814,-5.336882591247559,0.03268528959536124
4885,2,0,3.2012476209635315e-05,-10.349352836608887,0.0019293255171008948
925,2,0,0.003332624720344614,-5.700656890869141,0.026720595561864503
1028,2,0,0.00016133613791320575,-8.73185920715332,0.004842795212668138
383,2,0,0.0005374279854598323,-7.5281782150268555,0.009580842611624757
3195,2,0,0.0002182930423974157,-8.42945384979248,0.005749939137857732
3241,2,0,0.04373985882289132,-3.0847702026367188,0.10889080261238669
3247,2,0,1.573196575611346e-05,-11.059800148010254,0.001286981399376003
2594,2,0,0.0001330501803591362,-8.924651145935059,0.004340344127927354
3344,2,0,0.0015839730837994934,-6.446233749389648,0.017622443278170682
39,2,0,0.003056585780412216,-5.787395477294922,0.025462757192222955
3135,2,0,0.00016717464560848746,-8.696304321289062,0.004941589684422602
2553,2,0,0.0023700589135750346,-6.0424675941467285,0.022089024060228654
1987,2,0,0.0015684509413469998,-6.45609712600708,0.017525243433253256
333,2,0,0.13452136799301528,-1.8615596294403076,0.19719350096236005
408,2,0,0.0007504037027670439,-7.194148540496826,0.011569994415301429
1544,2,0,0.00039110073762064763,-7.84615421295166,0.008003351052276862
2534,2,0,0.0028470341935875314,-5.858626365661621,0.02447309124999482
463,2,0,0.00031690002998351535,-8.056607246398926,0.007103891283471057
898,2,0,0.00024848749000632516,-8.299869537353516,0.006188625693021971
3669,2,0,0.0002320452211731792,-8.368346214294434,0.005952817671000277
4220,2,0,3.27451452197479e-05,-10.326723098754883,0.001954358792032564
4501,2,0,5.732324981748724e-06,-12.06938362121582,0.0007236885291685674
5291,2,0,0.0006774091804594844,-7.296557426452637,0.010920245973418088
5473,2,1,0.9863419698750464,4.279675483703613,0.8910402817351044
5513,2,1,0.002403591575755088,-6.028384685516357,0.02226332986215735
401,2,0,0.002013152897406979,-6.206037998199463,0.020159745608445225
5141,2,0,2.759536442269016e-05,-10.497835159301758,0.0017728269494916838
201,2,0,0.06177666449477394,-2.7204623222351074,0.13076870957330122
5262,2,0,0.05933977973400304,-2.7633020877838135,0.1280142542439071
5512,2,1,0.0009975856722875141,-6.90917444229126,0.013585908132974094
5138,2,0,0.004345642651100714,-5.4342265129089355,0.030973454974692824
4327,2,0,0.0042863556290450005,-5.448022842407227,0.03073797177830832
1171,2,0,0.0004455727106309064,-7.715704441070557,0.00861668933823837
4186,2,0,2.324779104589149e-05,-10.66927719116211,0.001607827271883904
2618,2,0,0.732211775621298,1.0058733224868774,0.5579302709218088
4245,2,0,0.00012892644638609865,-8.95613956451416,0.004263360762327557
4622,2,0,0.0006275659685208021,-7.3730340003967285,0.010458689604598056
5195,2,0,0.0003369009287380278,-7.995384693145752,0.0073546676153205025
3185,2,0,1.490188486770802e-05,-11.114007949829102,0.001247819411782709
124,2,0,0.0008833441724708553,-7.030911922454834,0.012685495661617963
3888,2,0,4.849414038803157e-05,-9.934019088745117,0.0024442094210936085
3686,2,0,0.00010324881267165009,-9.178265571594238,0.0037575939231840375
4071,2,0,0.00013261939545950114,-8.927894592285156,0.004332350982617069
3310,2,0,0.0001047568337883785,-9.163763999938965,0.0037887074605212983
5628,2,1,0.46992931077120764,-0.12042809277772903,0.39888519664007743
5235,2,0,0.00017631137575896026,-8.643082618713379,0.005093233765473135
4239,2,0,6.417415914940374e-06,-11.956488609313965,0.0007718204718340243
2308,2,0,0.0009475626239034871,-6.96066951751709,0.013197586102234125
4381,2,0,0.00014866954902908037,-8.81363582611084,0.004622963229596708
547,2,0,0.0007674225749266146,-7.17170524597168,0.011717415627375015
4358,2,0,0.004241943642520242,-5.45848274230957,0.03056059287116122
224,2,0,3.493645535538101e-05,-10.261944770812988,0.0020278237986493725
720,2,0,0.0003589714699955003,-7.93190860748291,0.007623954453708203
3901,2,0,0.0006825887475652479,-7.28893518447876,0.010967337768198072
4086,2,0,1.6800913174425086e-05,-10.994060516357422,0.0013361249830685434
769,2,0,0.000918460902641924,-6.991892337799072,0.012967490507672676
1631,2,0,0.002112512515015301,-6.15776252746582,0.020711307076416854
2271,2,0,6.926396156667011e-05,-9.577516555786133,0.0029941412039017437
2053,2,0,4.533755861107908e-05,-10.00132942199707,0.002352300922288321
1683,2,0,0.0015121692407019706,-6.492696762084961,0.01716914870755424
4249,2,0,0.0021147381839630064,-6.156707286834717,0.020723527028623626
1437,2,0,0.0008165132167362073,-7.109650611877441,0.012134757723449727
2838,2,0,0.009276590167631467,-4.670941352844238,0.04708873851519319
3242,2,0,6.165771607058343e-05,-9.69385051727295,0.002802320618437448
5072,2,0,0.00021654425636298137,-8.437499046325684,0.005723746178509552
1582,2,0,7.846714282286441e-05,-9.452752113342285,0.0032144312680427666
2598,2,0,0.038140698508916694,-3.227586269378662,0.10122936207877653
1413,2,0,0.0026129830967094366,-5.94464635848999,0.02332785973888768
5078,2,0,0.00037474952503017473,-7.888877868652344,0.007812047083483158
3624,2,0,0.049215006151255215,-2.9610893726348877,0.1159324327950164
3775,2,0,0.010116754909537359,-4.5833940505981445,0.049382436649185034
442,2,0,0.006343461599641942,-5.053966999053955,0.038194742458521405
2036,2,0,0.37650534653238815,-0.5044079422950745,0.34767309957990195
1018,2,0,0.0005258692182971718,-7.54993200302124,0.00946373371943392
557,2,0,0.00029663055531021956,-8.122726440429688,0.0068425867420856615
5433,2,0,0.00046940273229860853,-7.663579940795898,0.008874595612456784
5156,2,0,0.001889282374755587,-6.269667148590088,0.019454694545428888
4189,2,0,1.2646370300402287e-05,-11.278127670288086,0.0011363617142092668
5696,2,1,0.02280977188531917,-3.7574923038482666,0.0768381929571489
2946,2,0,0.00162092009593177,-6.4231390953063965,0.01785210808837729
4616,2,0,0.0002514621134933172,-8.28796672821045,0.006230551345534574
5695,2,1,0.5756379772810462,0.30489203333854675,0.4582611299812061
4158,2,0,0.0157407294947601,-4.1356377601623535,0.06285877988776016
2574,2,0,0.00011783927965045161,-9.04607105255127,0.004050901087813736
2958,2,0,0.003956091142658819,-5.528534889221191,0.029397953228235952
4984,2,0,8.695997960379337e-05,-9.3499755859375,0.003407980193450506
4728,2,0,0.00017568944464083324,-8.64661693572998,0.0050830214942117384
3710,2,0,0.0006303948398823872,-7.368533611297607,0.010485308000509794
3367,2,0,0.00010074185728660175,-9.202848434448242,0.0037054311005880543
4096,2,0,0.011252892479172816,-4.475813388824463,0.0523461292006529
1984,2,0,0.0011748787791639858,-6.745414733886719,0.014897222806522973
482,2,0,2.6426578830599046e-05,-10.54111385345459,0.0017296442376430097
1743,2,0,0.00019984438180930625,-8.51777172088623,0.005468811168034427
5304,2,0,0.00038525936603957923,-7.861208438873291,0.007935418167382339
5519,2,1,0.9503851263226737,2.9525766372680664,0.7931338584844991
273,2,0,0.0006537286309701953,-7.332164287567139,0.010702895089595831
1619,2,0,0.000947350938618255,-6.960893154144287,0.013195923780703956
3567,2,0,0.0013148867336984062,-6.632688999176025,0.01587154197540603
5383,2,0,0.004330899515190973,-5.4376397132873535,0.030915034552869997
563,2,0,2.745027088996597e-05,-10.503107070922852,0.0017675096970420892
3432,2,0,1.1727242348270356e-05,-11.353584289550781,0.0010885101186197252
3750,2,0,0.0010589169529250353,-6.849449157714844,0.014050423040865418
4200,2,0,4.9190460310957464e-05,-9.919761657714844,0.0024641322462394598
3698,2,0,0.00032083891645714015,-8.04425048828125,0.007153813016932718
5521,2,1,0.05873336107516845,-2.7742185592651367,0.1273203212848772
178,2,0,0.15666223082260305,-1.6832754611968994,0.2138007300922103
1365,2,0,3.0045763956523457e-05,-10.412758827209473,0.0018608766749243191
3929,2,0,0.00016440697130521293,-8.713001251220703,0.004894947513360056
4121,2,0,4.3862303646906645e-05,-10.034411430358887,0.0023084012233043597
5554,2,1,0.9999765572730333,10.660926818847656,0.9968074868170446
295,2,0,0.0006014015809095193,-7.415646076202393,0.010209943331609787
3608,2,0,0.00015059497683133876,-8.800765991210938,0.004656889547869777
3713,2,0,5.394329389259099e-05,-9.827523231506348,0.002596995102622385
1558,2,0,0.0031496137110609153,-5.757320880889893,0.025892214060018362
1600,2,0,0.004849455779004816,-5.3240275382995605,0.0329180762830936
5375,2,0,0.0003522546968336633,-7.950803756713867,0.007542787932170057
1995,2,0,0.007866231488365561,-4.837278842926025,0.043007079491759935
1319,2,0,0.00012837183990041268,-8.960451126098633,0.004252926162326521
3700,2,0,0.00011005094231390662,-9.114457130432129,0.003896429122200283
3453,2,0,0.013905196667523113,-4.2614898681640625,0.058757712618784666
5615,2,1,0.9411763126140942,2.772585868835449,0.775769973347484
3744,2,0,0.00014432342985443072,-8.84330940246582,0.004545675002181296
5587,2,1,0.9891434435230394,4.512070178985596,0.9032666293235151
376,2,0,2.1047750266028734e-05,-10.768695831298828,0.0015192632946949849
3223,2,0,0.01645372345270176,-4.090612888336182,0.0643897979405215
3408,2,0,0.005926524884943726,-5.122373104095459,0.036785957751581104
2627,2,0,0.0005930371381616726,-7.429660320281982,0.010129422182546586
4359,2,0,0.0004306108515919093,-7.749875068664551,0.008451662999241143
4276,2,0,0.0004619377560635437,-7.6796183586120605,0.008794434849997533
5711,2,1,0.9982549990513976,6.3492536544799805,0.9638305449693414
3985,2,0,0.2810138808876103,-0.939437985420227,0.29367685519625375
2143,2,0,0.00041326270989975136,-7.791013717651367,0.008257137424383845
1178,2,0,0.7489810159084502,1.0931850671768188,0.570184221111232
4671,2,0,0.00016437374049866723,-8.713203430175781,0.004894385427732733
3544,2,0,0.00010754002980833541,-9.137539863586426,0.0038456252063839465
2636,2,0,0.6154540378635218,0.4702969491481781,0.48177460825357443
4834,2,0,0.00011372500368331743,-9.081613540649414,0.0039698705998558355
3401,2,0,0.00032631785057104135,-8.027312278747559,0.007222810356849066
4100,2,0,0.004262462564105873,-5.453636646270752,0.030642649347336688
4404,2,0,0.0005779520830209413,-7.455441474914551,0.009982930633989756
4691,2,0,2.1842808589744805e-05,-10.731616973876953,0.001551709445523186
1687,2,0,0.000643551881625751,-7.347864151000977,0.010608424796728163
303,2,0,7.501943717223062e-05,-9.497688293457031,0.0031332877077514232
1010,2,0,8.030680225052357e-05,-9.42957592010498,0.003257097030659181
1358,2,0,0.002987459678008294,-5.81033992767334,0.025139789512244683
5016,2,0,0.001343142556705694,-6.611399173736572,0.0160624721461274
1109,2,0,0.00020911384622895665,-8.47242259979248,0.005611413039795293
1400,2,0,2.0681996823406036e-05,-10.786226272583008,0.0015041598666031418
1938,2,0,0.004490174747754556,-5.401363372802734,0.03154143585420518
3020,2,0,9.396248173202589e-05,-9.272521018981934,0.0035614788021435667
2757,2,0,0.000370309270044366,-7.900801658630371,0.0077594703678285385
2456,2,0,7.001483725575463e-05,-9.566733360290527,0.003012571020877685
900,2,0,0.014080252045685611,-4.2488017082214355,0.05915952884783362
3335,2,0,2.564971582102806e-05,-10.570952415466309,0.0017004849559865253
5314,2,0,0.00024597989945842306,-8.310014724731445,0.006153112370233291
2373,2,0,0.015224367474914086,-4.169516563415527,0.06172923308581432
5678,2,1,0.4696481094568889,-0.12155701965093613,0.39873070064776445
315,2,0,0.00042652772583136073,-7.759406566619873,0.008406192401088385
3398,2,0,0.00031215450032878977,-8.071700096130371,0.007043384667432928
361,2,0,8.64350012970287e-05,-9.35603141784668,0.0033962604693264656
4272,2,0,0.0010723047436880697,-6.836872100830078,0.014150219088181213
4211,2,0,0.00012954828611204055,-8.951327323913574,0.004275037184168387
4566,2,0,0.10964063537519932,-2.094417095184326,0.17699506675631682
986,2,0,0.043276463610608974,-3.0959055423736572,0.10827559704025805
4817,2,0,7.384159530903056e-05,-9.513514518737793,0.0031051983879988826
2575,2,0,0.0006905707552329791,-7.27730131149292,0.011039601697266812
3388,2,0,0.0009216426006365032,-6.988430976867676,0.012992802516317225
5676,2,1,0.021105268140907102,-3.8369014263153076,0.07368409005958668
2219,2,0,0.0005543789728896532,-7.49710750579834,0.009750600741971005
4587,2,0,0.00038990557405969357,-7.849215984344482,0.007989488096370812
1417,2,0,0.00018542772116341883,-8.592659950256348,0.005241170570571648
795,2,0,0.00028989954510823403,-8.145686149597168,0.006754100608457349
3046,2,0,0.000510387310926274,-7.579830169677734,0.009305090716552476
1166,2,0,0.00016905558754493795,-8.685113906860352,0.004973096882571542
1765,2,0,0.0031806628911747814,-5.7474799156188965,0.026034265372311353
2943,2,0,0.006202644182763499,-5.076557636260986,0.03772386362089922
2631,2,0,0.012155326457986847,-4.3977580070495605,0.054600822667548496
5169,2,0,9.305484299279068e-05,-9.282228469848633,0.0035418693092858188
1105,2,0,0.0012156739008730658,-6.711240291595459,0.015186209522348058
698,2,0,0.009307515045855105,-4.667582035064697,0.04717485219896842
3908,2,0,3.723376002288818e-05,-10.198257446289062,0.002102737466177509
4863,2,0,0.004562214219165564,-5.385374546051025,0.031821405629894946
4378,2,0,0.00016195575047350984,-8.728025436401367,0.004853352661056898
4218,2,0,0.011101295549363652,-4.489530086517334,0.05195910637368792
4803,2,0,0.00012166097342868839,-9.014150619506836,0.004125076841519015
2462,2,0,0.001003234268678929,-6.903522491455078,0.01362920957369701
1265,2,0,0.0001409858954298129,-8.86670970916748,0.004485634444414839
3716,2,0,0.00034801435351177346,-7.962918758392334,0.007491198185987589
2236,2,0,0.00026049273570542,-8.25267505645752,0.006356526597683577
2330,2,0,0.0017553654128860273,-6.343321323394775,0.018668708691400582
101,2,0,0.04517727699937006,-3.050931453704834,0.11077918692178437
1455,2,0,0.00023603947231205175,-8.351275444030762,0.006010753778453769
3540,2,0,0.0002557307635946478,-8.271129608154297,0.006290339716701997
3448,2,0,0.00011760578778719687,-9.048054695129395,0.004046335646853863
3332,2,0,2.6966548942639912e-05,-10.520886421203613,0.0017496945372365775
77,2,0,0.0008082938663039224,-7.119776248931885,0.0120656699013664
1725,2,0,0.4279500539152345,-0.29021981358528137,0.37589066249930847
5198,2,0,0.000533677836400331,-7.535184383392334,0.0095429699174871
2682,2,0,1.4479334852327152e-05,-11.142773628234863,0.001227523581685243
3833,2,0,0.00010111152038526575,-9.199185371398926,0.0037131578353366535
4890,2,0,0.0036630176110899726,-5.605798244476318,0.028165370157372294
5837,2,1,0.9998642593534462,8.90462875366211,0.9913480110987158
1161,2,0,2.002427308656156e-05,-10.8185453414917,0.0014767071209038356
746,2,0,3.883273925790494e-05,-10.156208038330078,0.0021537063586452784
3851,2,0,0.0015082246416307094,-6.495312690734863,0.01714397108333036
1884,2,0,0.1468486527070689,-1.759534478187561,0.20657531439524943
1532,2,0,0.0028475472945032557,-5.858445644378662,0.024475554072212136
950,2,0,0.002293969826680815,-6.075174808502197,0.021689333709518987
1229,2,0,0.009776662725986675,-4.617932319641113,0.04846516421647772
885,2,0,5.3154854621521215e-05,-9.84224796295166,0.0025753156045219996
5216,2,0,0.0014715202432883318,-6.519986629486084,0.016908268845007794
4828,2,0,0.18658301040740657,-1.4723676443099976,0.23473187684154304
4908,2,0,0.0023405020912295837,-6.055046558380127,0.021934461046336756
2416,2,0,0.00019983275869689545,-8.517829895019531,0.005468630571878878
5588,2,1,0.9887855808966458,4.47927713394165,0.9016187468063863
5599,2,1,0.138306959473352,-1.8294235467910767,0.20011346489553
2304,2,0,0.00010609144821290532,-9.151103019714355,0.0038160817285203784
1191,2,0,0.0009552021075018873,-6.952631950378418,0.013257467776973196
2669,2,0,0.002098157942844347,-6.164595127105713,0.02063235437051136
342,2,0,8.450330487919038e-05,-9.37863540649414,0.003352869112544546
2815,2,0,0.03844507780447682,-3.2193210124969482,0.1016593963822811
2745,2,0,0.24635075045387553,-1.1181707382202148,0.27296893353797924
3722,2,0,0.12996967897846295,-1.9012268781661987,0.1936337129378392
2268,2,0,0.004475540432150861,-5.404642581939697,0.03148431098310852
846,2,0,0.0001704649687739909,-8.676810264587402,0.004996605337681513
481,2,0,0.00023531793627133276,-8.354337692260742,0.00600031978750023
3485,2,0,0.00019629005219343892,-8.535720825195312,0.005413370315385647
389,2,0,9.526763292751284e-05,-9.2587251663208,0.003589533307476755
4216,2,0,4.051282120922867e-05,-10.113851547241211,0.0022062938010457833
817,2,0,0.4649266674024448,-0.14052411913871765,0.39613805069870556
4854,2,0,0.003182408024977876,-5.74692964553833,0.026042230705263784
1853,2,0,6.232732794413043e-05,-9.683048248291016,0.0028196036726111213
1545,2,0,0.0003035852320325794,-8.099544525146484,0.006933097240825526
3842,2,0,0.0004609676176183827,-7.6817216873168945,0.008783975682839663
360,2,0,3.81731921841055e-05,-10.173338890075684,0.0021327945777142587
1117,2,0,1.421979947621786e-05,-11.160861015319824,0.0012149310752034433
1590,2,0,0.002197887710870234,-6.118058204650879,0.021175987882255075
629,2,0,9.491435490334873e-05,-9.26244068145752,0.003581956041297131
5191,2,0,0.000175418269957013,-8.648161888122559,0.005078563815779145
1926,2,0,0.018827711761891387,-3.953418254852295,0.06927145351208355
3363,2,0,0.15528034091027135,-1.6937726736068726,0.2127953164179676
5356,2,0,0.00020352126621396035,-8.499536514282227,0.005525713972502794
1576,2,0,0.0031508191246291824,-5.756937026977539,0.025897740706229383
1700,2,0,0.005607305111244022,-5.1780619621276855,0.03567610946805325
3895,2,0,0.10335794620168844,-2.160458564758301,0.17157071408078012
5211,2,0,0.0038679650365214665,-5.551151275634766,0.029031836556391882
520,2,0,0.0001314379975963349,-8.936843872070312,0.004310372316460813
5592,2,1,0.9293608704505213,2.5769128799438477,0.7557458654307846
5435,2,0,0.0005779253669521794,-7.4554877281188965,0.009982669711617428
4462,2,0,0.0038723199348311035,-5.550021648406982,0.029050017688176524
5529,2,1,0.8777220985841582,1.9710336923599243,0.6864700569945967
40,2,0,0.00018502557311831887,-8.594831466674805,0.005234712284352189
2001,2,0,0.0024417845866888115,-6.0125813484191895,0.02246053027415033
3861,2,0,0.00412364141089907,-5.486886501312256,0.03008390907496342
3089,2,0,0.8309868293002576,1.592637300491333,0.6382285636222889
2942,2,0,0.0013432903124329153,-6.611289024353027,0.016063465833047165
3872,2,0,0.004898746273057586,-5.3138651847839355,0.03310323467896255
4504,2,0,0.0004059896352861964,-7.80877685546875,0.00817452239848244
4283,2,0,0.012366895111076076,-4.380288124084473,0.05511784381507288
2446,2,0,0.0001335718734178457,-8.920737266540527,0.004350009039136499
4320,2,0,0.00010178676047166351,-9.19252872467041,0.0037272402416199096
1569,2,0,0.00021038718962984566,-8.466350555419922,0.005630785377702828
3373,2,0,0.0008638164400854026,-7.053286075592041,0.012526537202164064
1861,2,0,0.004668866055651536,-5.362159252166748,0.032232195462432736
2511,2,0,0.0006162610623688759,-7.391223430633545,0.010351784349440316
1507,2,0,0.003116532530193371,-5.767912864685059,0.02574016508053975
2286,2,0,3.1613593348414114e-05,-10.361891746520996,0.0019155928867647372
5248,2,0,5.2886322047261385e-05,-9.847312927246094,0.0025679001642953704
1285,2,0,0.09874203154988952,-2.2112808227539062,0.16748678025125868
4832,2,0,0.015670936229068125,-4.140152454376221,0.0627071501046832
1425,2,0,0.0002076136972490033,-8.479623794555664,0.005588524132959024
2964,2,0,4.9832915151360054e-05,-9.906785011291504,0.002482406127788604
1632,2,0,1.4517246948949266e-05,-11.140158653259277,0.00122935489089459
4397,2,0,0.00036064538795059205,-7.927254676818848,0.007644078671165343
2785,2,0,0.0008954671658460842,-7.017269134521484,0.012783397184437394
3891,2,0,0.0009338884359071613,-6.975219249725342,0.013089865351532852
3461,2,0,3.211634967514246e-05,-10.346113204956055,0.001932889510242202
2125,2,0,0.0011789022213183405,-6.741991996765137,0.014925920462517143
404,2,0,0.00010165329136864487,-9.193840980529785,0.0037244599067069286
2018,2,0,0.1176769543270182,-2.014615058898926,0.1837281338029076
1054,2,0,0.00031680366718970203,-8.05691146850586,0.0071026665880618
2926,2,0,0.00013946960646431695,-8.877524375915527,0.0044581535298921955
4217,2,0,0.00018098425523175657,-8.61691951751709,0.005169468541761974
4930,2,0,0.000293202552232655,-8.134353637695312,0.006797632866536803
2876,2,0,7.157958294010523e-05,-9.544629096984863,0.0030507042319470935
3697,2,0,0.00021624467224143747,-8.438883781433105,0.005719249841479897
5360,2,0,0.0019516782596930753,-6.237112045288086,0.0198123529066326
4988,2,0,0.027898181886401776,-3.550899028778076,0.08563138965357467
4588,2,0,0.00011741686416972904,-9.049662590026855,0.004042638766388833
4810,2,0,6.087507068945106e-05,-9.706625938415527,0.002782016925404718
4765,2,0,0.00019996541665206926,-8.517166137695312,0.005470691496682257
1716,2,0,6.794017280547817e-05,-9.59681510925293,0.0029614377512990242
3749,2,0,0.0019413752015139526,-6.242415428161621,0.019753652449428977
5014,2,0,0.0004039443455831877,-7.81382942199707,0.008151173403121872
1219,2,0,0.0003488795396120708,-7.960434913635254,0.007501746614363341
2970,2,0,0.001092969065921278,-6.817763805389404,0.014303177502321057
3002,2,0,0.002857445535627157,-5.854965686798096,0.024523025169979524
2031,2,0,0.019803510052587906,-3.9018938541412354,0.07119175547180816
5318,2,0,0.0004720462800227518,-7.657961368560791,0.008902848427380637
200,2,0,0.00034263756185665096,-7.978494644165039,0.00742538506922672
2527,2,0,0.004486026687448887,-5.402291774749756,0.0315252526276733
1113,2,0,0.00018870279325834932,-8.575148582458496,0.005293541457579311
585,2,0,7.159746895978627e-05,-9.544379234313965,0.0030511380221203703
1565,2,0,0.00043508710104940297,-7.739529132843018,0.008501294960342548
181,2,0,4.080848184215821e-06,-12.409201622009277,0.0005961694046003217
4534,2,0,0.0001450308612547395,-8.838418960571289,0.004558323616981806
3535,2,0,0.0009555616573114017,-6.9522552490234375,0.013260280852803657
2353,2,0,3.259649874079838e-05,-10.331273078918457,0.0019492996490389893
3841,2,0,0.0008413598026281441,-7.079649448394775,0.012341759499838532
1997,2,0,0.0003314018227681806,-8.011847496032715,0.007286382460158164
2858,2,0,0.0010863836082559085,-6.8238139152526855,0.014254572018353917
2434,2,0,0.5233161404067508,0.09333225339651108,0.4284689406179382
1672,2,0,8.769361969850867e-05,-9.341573715209961,0.0034243069346385287
2009,2,0,0.00015823210050723528,-8.751289367675781,0.004789638793962707
148,2,0,0.00040764482020335226,-7.804706573486328,0.008193380277804446
4525,2,0,7.73722140613952e-05,-9.466805458068848,0.0031888318296312687
5848,2,1,0.842524230274799,1.6771308183670044,0.6492881546821418
1383,2,0,3.1263028646538165e-06,-12.67565631866455,0.0005121000395766086
1462,2,0,0.02645882176273105,-3.6053504943847656,0.08322898415335594
1119,2,0,0.0003546645012492506,-7.943983554840088,0.0075719855971753906
2710,2,0,4.848142457767212e-05,-9.934281349182129,0.0024438444567663497
5142,2,0,0.07095856349980904,-2.5720572471618652,0.1407020344392722
4655,2,0,0.004259535073319469,-5.454326629638672,0.030630953197047277
4626,2,0,0.0038699093393670643,-5.550646781921387,0.02903995492066921
3174,2,0,0.0006030316622714111,-7.412937641143799,0.010225577979339057
5638,2,1,0.9986399517012878,6.598874092102051,0.9684822939765704
228,2,0,0.0006027578565113116,-7.413392066955566,0.010222953118473935
4000,2,0,0.00017970539992554881,-8.624011993408203,0.005148690838639234
4600,2,0,5.8913531800223836e-05,-9.739380836486816,0.002730628016202551
1082,2,0,5.709114694956357e-05,-9.770804405212402,0.0026822178007298316
2133,2,0,0.0004739801324006462,-7.653871059417725,0.008923472467753085
5580,2,1,0.9883661950848522,4.442138195037842,0.8997223202604289
510,2,0,7.038308571209245e-05,-9.561487197875977,0.0030215782157202355
4757,2,0,0.020038455009117613,-3.889860153198242,0.07164727675939997
738,2,0,0.0004980730091637402,-7.6042656898498535,0.0091773917610449
399,2,0,0.0008403542597655216,-7.080846309661865,0.012333435016604874
497,2,0,6.817023629319418e-05,-9.59343433380127,0.002967140994335673
5656,2,1,0.44877677413753286,-0.20561425387859344,0.38728584687352646
1350,2,0,0.0006356666457809695,-7.36020040512085,0.010534773397490765
956,2,0,0.00014398624811081157,-8.845648765563965,0.004539636844571612
5847,2,1,0.13717523487420083,-1.8389524221420288,0.19924428061740904
2554,2,0,0.00023685692148780262,-8.347817420959473,0.006022557974217915
4507,2,0,0.001956400481992878,-6.2346906661987305,0.019839210722707574
4942,2,0,0.0007233338984108764,-7.2309160232543945,0.011332434842023092
3192,2,0,6.657435370630439e-05,-9.617124557495117,0.002927405783074692
1830,2,0,5.341486778721685e-05,-9.83736801147461,0.0025824803755618774
1039,2,0,0.00016227139964944854,-8.726078033447266,0.004858724193248913
494,2,0,1.9746778284933686e-05,-10.832500457763672,0.0014650084378526463
1460,2,0,0.0003262099169266219,-8.027643203735352,0.007221456036150667
3130,2,0,0.0013977188280016298,-6.571515083312988,0.01642625832019492
4805,2,0,0.0010857866172164976,-6.824364185333252,0.014250159332889423
2930,2,0,5.660487360841646e-05,-9.779358863830566,0.00266918792324701
5478,2,1,0.850669122764728,1.7398587465286255,0.6573970537914909
3069,2,0,1.341160775351165e-05,-11.219376564025879,0.0011750695278051038
2361,2,0,3.783934876073091e-05,-10.182123184204102,0.0021221502229299407
560,2,0,0.00010031775974535961,-9.207067489624023,0.0036965514243546536
2411,2,0,1.409231909126635e-05,-11.169866561889648,0.001208709574915949
921,2,0,0.00010951307295250297,-9.119357109069824,0.0038855889200720244
1382,2,0,1.1192342702428182e-05,-11.400269508361816,0.0010599176180557588
2028,2,0,0.0002135674008517228,-8.45134449005127,0.005678946663349045
3384,2,0,0.0006542069864075737,-7.331432342529297,0.010707319644969718
2691,2,0,0.004832323713210959,-5.3275837898254395,0.03285351787026182
4619,2,0,0.0003922774990804265,-7.843148708343506,0.008016982451841665
260,2,0,0.00010778663030580579,-9.135249137878418,0.0038506373422749745
2659,2,0,6.51897225357597e-05,-9.638143539428711,0.002892595437949406
3501,2,0,0.5665174243073471,0.26765623688697815,0.4529896008077709
4170,2,0,0.000332637568227115,-8.008124351501465,0.007301770206859478
271,2,0,0.0014936961353182179,-6.505006790161133,0.01705098385929028
1360,2,0,0.0005981338089882171,-7.421097755432129,0.010178544800426596
2213,2,0,0.0005042527830204499,-7.591928482055664,0.009241646964076736
995,2,0,0.00026563672761386253,-8.233115196228027,0.0064274331197132165
32,2,0,0.0003929678715686547,-7.8413896560668945,0.008024971275563874
3582,2,0,0.009284148454243584,-4.670119285583496,0.0471097977962481
358,2,0,0.000216511430442466,-8.437650680541992,0.005723253639716871
770,2,0,1.6270181025039277e-05,-11.02616024017334,0.0013118990725548001
1721,2,0,0.13580680212343882,-1.8505630493164062,0.19818904456272343
1183,2,0,0.00039157564692941587,-7.844940185546875,0.008008854476736008
2802,2,0,0.00011553233911663765,-9.065844535827637,0.004005619925524516
2345,2,0,0.00018084849452269856,-8.617670059204102,0.005167265858072659
1767,2,0,5.149738291463832e-05,-9.87392807006836,0.002529282426319272
2731,2,0,0.00021115084680282318,-8.462726593017578,0.005642378993090889
4857,2,0,0.08871825278061489,-2.3293864727020264,0.1582965085489342
1650,2,0,0.0005536985421599386,-7.498336315155029,0.009743830791056434
1509,2,0,2.946655418213928e-05,-10.432225227355957,0.0018403524343862164
1611,2,0,0.008239904092523245,-4.790492534637451,0.04411970354543606
2020,2,0,7.274118230576479e-05,-9.52853012084961,0.0030787799253490333
2954,2,0,0.0029347884890086385,-5.82818078994751,0.024891421636481923
336,2,0,0.19591241983137359,-1.4120404720306396,0.24097374963074253
1756,2,0,0.0002727031800183162,-8.206853866577148,0.006523870435505836
4551,2,0,0.042865516862523004,-3.1058762073516846,0.10772733086921608
595,2,0,5.9012662226844464e-05,-9.737699508666992,0.0027332426391450553
2786,2,0,0.0019283730639658085,-6.249148368835449,0.019679374404282718
5320,2,0,0.0018255041643575258,-6.30407190322876,0.019083593703548743
3939,2,0,0.0018996114378977825,-6.264204502105713,0.019514263559388366
1714,2,0,0.0025039216827543727,-5.987390041351318,0.02277841101108829
671,2,0,0.00014157622482778126,-8.862530708312988,0.004496298727411975
4557,2,0,0.0004160528148956244,-7.784282207489014,0.008288661058373427
366,2,0,9.194319891505393e-05,-9.2942476272583,0.0035177390693110883
2487,2,0,3.0214630467125107e-05,-10.407154083251953,0.001866828238799597
3216,2,0,5.355257668661639e-05,-9.834793090820312,0.002586268897326273
4838,2,0,0.000742833060778371,-7.204296112060547,0.011503942189546666
3219,2,0,2.8925033744572422e-05,-10.450774192810059,0.0018210057532949272
4620,2,0,0.9616728332993101,3.222515344619751,0.8172756495823567
2475,2,0,8.603756393935435e-05,-9.360640525817871,0.0033873674858549683
507,2,0,0.0055004427705876505,-5.197411060333252,0.03529809387573946
1290,2,0,0.0050943413325271894,-5.27451753616333,0.03382968070621076
4325,2,0,9.662932750459038e-05,-9.244531631469727,0.003618626336210399
1301,2,0,0.0010666928607986294,-6.842124938964844,0.014108454346411918
1948,2,0,0.00018606140910301192,-8.589247703552246,0.005251334916952967
2694,2,0,0.001211698226352424,-6.71451997756958,0.015158238003758043
5787,2,1,0.5192618012575498,0.07708535343408585,0.42619953062690663
2795,2,0,0.0006373078422650007,-7.3576202392578125,0.010550135859780103
1955,2,0,0.00021428946957403007,-8.447968482971191,0.005689838118266132
5845,2,1,0.15069973147642504,-1.7291234731674194,0.2094348530815686
284,2,0,0.005787674578421375,-5.1462202072143555,0.036306689630049696
1160,2,0,0.0055662416257793185,-5.185453414916992,0.035531247619958795
4530,2,0,0.0009821801131109122,-6.924753189086914,0.013467255440670728
3558,2,0,0.00017903581645672758,-8.627745628356934,0.00513778640041351
2790,2,0,0.13840082437261964,-1.8286361694335938,0.20018541319347102
4918,2,0,0.0002543556624702766,-8.276522636413574,0.006271127352375876
1663,2,0,0.002002315366511727,-6.211446762084961,0.02009885231043407
447,2,0,0.02198031025874865,-3.7953827381134033,0.07531804583751785
1772,2,0,0.00025559767169588743,-8.271650314331055,0.006288482181760148
3,2,0,0.00019311721751058558,-8.552020072937012,0.005363509954321737
3050,2,0,0.0003329300835629362,-8.007245063781738,0.007305409006874478
5283,2,0,0.11710200800626074,-2.0201642513275146,0.18325358656732557
3674,2,0,3.535416033986264e-05,-10.250059127807617,0.002041599499684762
5752,2,1,0.000746932769232944,-7.198788166046143,0.011539747942589508
2238,2,0,0.0008843678248300078,-7.029752731323242,0.012693785239594125
91,2,0,0.0004907565585135483,-7.6190714836120605,0.009100863652109738
3537,2,0,0.0035911174557704244,-5.625694274902344,0.027856181811286695
5171,2,0,0.0013627127001359237,-6.596914291381836,0.01619366431588377
2680,2,0,0.004065889492380827,-5.501048564910889,0.0298489347476483
593,2,0,0.0002270565735111975,-8.390084266662598,0.005879844212253062
27,2,0,0.0006683859977375918,-7.309976100921631,0.01083782802527578
3282,2,0,0.0030619216171565013,-5.785645961761475,0.025487548638379723
4005,2,0,0.000613191015349814,-7.396220684051514,0.010322603671339015
4743,2,0,0.002440833510727688,-6.012971878051758,0.022455636584243897
470,2,0,0.0001506916485778871,-8.800124168395996,0.004658587936566142
213,2,0,6.977508890819508e-05,-9.57016372680664,0.003006695865878487
2081,2,0,0.026871662393858117,-3.5894436836242676,0.08392438700245425
4740,2,0,9.082110034899698e-05,-9.306528091430664,0.003493253409485879
4072,2,0,0.00020562845786025193,-8.48923397064209,0.005558122867029888
2451,2,0,0.0016184056549315012,-6.424694061279297,0.017836552880320468
1061,2,0,0.002067432859922274,-6.179378032684326,0.020462540547875992
1783,2,0,0.0001099180620830429,-9.115665435791016,0.003893753198249084
1143,2,0,4.5165248297605436e-05,-10.00513744354248,0.0023472055704791155
1516,2,0,0.00016399191220261704,-8.715529441833496,0.004887923409774271
3892,2,0,0.06916833834522014,-2.5995352268218994,0.13881641525083213
233,2,0,0.00028769601390069054,-8.153318405151367,0.006724938514789968
5424,2,0,0.00027246902139321506,-8.20771312713623,0.006520692413428016
3317,2,0,0.018324932500098166,-3.9809978008270264,0.06826337328493512
1784,2,0,0.0009639601019059147,-6.943496227264404,0.013325856492990965
5688,2,1,0.14039292274607598,-1.81203031539917,0.20170732680261472
619,2,0,1.3351883301434908e-05,-11.22383975982666,0.0011720833100127804
4914,2,0,0.0022475937617226025,-6.095644950866699,0.021442790542310387
1852,2,0,0.0005218508785485663,-7.5576066970825195,0.009422757167193202
4776,2,0,5.659440254263521e-05,-9.77954387664795,0.002668906816175244
2256,2,0,0.02045396550296157,-3.8689124584198,0.07244664731549302
521,2,0,0.0003986941624514051,-7.8269171714782715,0.008090999225704974
1711,2,0,0.00026227632875212316,-8.245849609375,0.0063811808258313705
1924,2,0,0.013573917636661863,-4.285938262939453,0.057990672501285555
1468,2,0,0.00014396483149394198,-8.845797538757324,0.0045392531144663245
5289,2,0,4.277099903389985e-05,-10.05960750579834,0.00227551530156268
2205,2,0,5.524367819290209e-05,-9.803701400756836,0.00263245453777144
955,2,0,0.009140874709402124,-4.685816287994385,0.046709222999408176
3133,2,0,0.0005889555915689514,-7.436570644378662,0.010089949469260154
1655,2,0,3.809351559230217e-05,-10.17542839050293,0.002130257809633001
1326,2,0,0.0003457115097279913,-7.969560146331787,0.007463065688930279
119,2,0,8.818586780753525e-05,-9.335975646972656,0.003435228498171909
1899,2,0,0.028584249490909437,-3.5258986949920654,0.08675532847028956
2721,2,0,0.012202125125915692,-4.3938679695129395,0.054715551376520614
4374,2,0,0.0004767232843576977,-7.648097515106201,0.008952664273687752
5238,2,0,0.013966035765858833,-4.2570624351501465,0.058897631716262534
4360,2,0,6.363629623487498e-05,-9.662262916564941,0.0028531586773249606
4729,2,0,0.00019373985990497403,-8.548800468444824,0.0053733225794863285
4830,2,0,0.00023816855129307442,-8.342293739318848,0.006041461250671974
2763,2,0,0.00010264508272168789,-9.184130668640137,0.0037450826025300973
3863,2,0,0.00014907610805853442,-8.810904502868652,0.004630142676328078
4438,2,0,8.949293244629763e-05,-9.321261405944824,0.003464101095311984
3433,2,0,0.000294828923051008,-8.128820419311523,0.0068189890820116285
4497,2,0,0.0005324837679205371,-7.537425518035889,0.00953088651980727
4484,2,0,0.46017539103779004,-0.15963658690452576,0.39353142143288355
1795,2,0,0.0006459837706036546,-7.344089984893799,0.010631059376341791
4331,2,0,0.004238551174680846,-5.459286212921143,0.03054700869453449
1719,2,0,0.000449248634545429,-7.707484722137451,0.008656860553889796
2507,2,0,0.0011200897278576965,-6.7932257652282715,0.014501991721815459
3687,2,0,0.00021107073400641896,-8.463106155395508,0.005641163602466688
1508,2,0,0.0005579547979012727,-7.4906744956970215,0.009786118584359857
1682,2,0,0.015142279452653739,-4.17500638961792,0.061547992414527755
5425,2,0,0.0011205411615321042,-6.792822360992432,0.014505282865051579
4001,2,0,0.0012331318124502832,-6.696964263916016,0.015308558952207263
1253,2,0,0.020966085739406056,-3.8436601161956787,0.07342121127512174
3181,2,0,0.011628394543642978,-4.442608833312988,0.05329431542153709
4769,2,0,2.4860339565646935e-05,-10.602211952209473,0.0016704632803681506
3727,2,0,0.00020440144980737618,-8.495220184326172,0.005539268992048242
848,2,0,0.05809326721963262,-2.7858564853668213,0.12658406817372544
4269,2,0,0.000857104829052036,-7.061092853546143,0.012471537592699112
3229,2,0,0.45714869809032743,-0.17182672023773193,0.3918720363146817
567,2,0,0.0054771754601906485,-5.20167350769043,0.03521534028530339
3539,2,0,2.6460824886676517e-05,-10.53981876373291,0.0017309210855396607
737,2,0,0.000954865891488987,-6.95298433303833,0.013254836837746857
1066,2,0,0.0011727353520454686,-6.7472429275512695,0.014881916739734841
3073,2,0,7.203206061371848e-05,-9.53832721710205,0.0030616638196855023
4165,2,0,0.00020121759569934321,-8.5109224319458,0.005490115656254352
2853,2,0,0.04353356966330436,-3.0897133350372314,0.10861732645206561
2265,2,0,3.3650347564742354e-06,-12.602068901062012,0.0005340560515057455
190,2,0,4.17320689704325e-05,-10.084198951721191,0.0022438693479942275
3999,2,0,2.3583230298437195e-05,-10.654951095581055,0.0016210072261016056
1927,2,0,0.2029185983853611,-1.3681519031524658,0.24558540381859806
3521,2,0,0.0005163320736822924,-7.568243980407715,0.009366253263890513
5517,2,1,0.7445756151269296,1.0698879957199097,0.5669223081987462
2955,2,0,0.0011370497656506215,-6.7781805992126465,0.014625235940114393
2590,2,0,5.5372951722546466e-05,-9.801363945007324,0.0026359598128642813
4310,2,0,0.0014054023487663986,-6.566025257110596,0.016476961683771617
2113,2,0,4.5636996381731226e-05,-9.994746208190918,0.002361135682877461
2096,2,0,0.0002538488354472292,-8.278517723083496,0.006264034751626792
1769,2,0,0.00038471838947566194,-7.862614154815674,0.007929104084875108
5043,2,0,0.2164573595975568,-1.286431908607483,0.25432960825029205
1903,2,0,9.881651519724593e-05,-9.222146987915039,0.0036649871560639983
1379,2,0,0.00012086946492420422,-9.020678520202637,0.004109798276440976
4414,2,0,0.00017438729389543105,-8.654057502746582,0.005061588805404425
2726,2,0,0.00010257844812445298,-9.18478012084961,0.0037436997573436384
5789,2,1,0.020660827283411648,-3.8586385250091553,0.07284170210161972
4920,2,0,1.1070466029443621e-05,-11.411218643188477,0.001053321138588709
2506,2,0,0.011575638529374859,-4.447209358215332,0.05316198239353632
3639,2,0,0.00013091639836086127,-8.940820693969727,0.0043006412437890254
432,2,0,3.717259528358415e-05,-10.199901580810547,0.002100769218723177
4183,2,0,6.063266727057431e-05,-9.710616111755371,0.002775705545997665
3664,2,0,0.0005305072538446756,-7.541146278381348,0.009510858961578002
3885,2,0,0.00037596239884481864,-7.885645389556885,0.007826361160434938
1300,2,0,4.179192695961743e-05,-10.082765579223633,0.0022457017986447845
4816,2,0,0.0006859684166722389,-7.283992767333984,0.010997980318092326
4463,2,0,0.01125211791471462,-4.4758830070495605,0.05234415803142562
4159,2,0,0.0031141867984492222,-5.768668174743652,0.02572935579535155
4577,2,0,0.00012523489188191373,-8.985194206237793,0.004193534189373705
3166,2,0,0.00013400421845786295,-8.917505264282227,0.004358006277637216
936,2,0,0.00024400494272820475,-8.31807804107666,0.006125031171066975
1609,2,0,0.0003761466671646693,-7.885155200958252,0.007828534086538903
5332,2,0,8.838691112124723e-05,-9.333698272705078,0.003439681473659543
4777,2,0,0.0005885125794346658,-7.437323570251465,0.010085657862839189
1985,2,0,0.00032110422198955755,-8.043423652648926,0.007157165867022923
5255,2,0,0.0006026840392952135,-7.413514614105225,0.01022224537404597
5806,2,1,0.12724001642831756,-1.925585389137268,0.19147206232273406
3319,2,0,0.0002725287764016226,-8.207493782043457,0.0065215035270056445
4808,2,0,0.003229404048971605,-5.732223033905029,0.02625599445708522
579,2,0,1.3469376948683011e-05,-11.215078353881836,0.0011779525405009642
4074,2,0,0.02887864875680651,-3.5153489112854004,0.08723360820403286
3936,2,0,0.0016142789021856944,-6.42725133895874,0.017810999913425427
2905,2,0,0.00031759234590478784,-8.054424285888672,0.0071126852967784175
1944,2,0,0.0162114097864891,-4.105695724487305,0.06387309482649964
5526,2,1,0.9719960294749762,3.5470054149627686,0.8433294555929869
2333,2,0,2.422608161294094e-05,-10.628056526184082,0.0016460421441996545
167,2,0,0.0003305602683100518,-8.01439094543457,0.007275888901317647
2463,2,0,0.0041424749708097956,-5.482310771942139,0.030160211129613246
3894,2,0,2.2386260154664252e-05,-10.707040786743164,0.0015735953750593001
3481,2,0,4.3634555073180686e-05,-10.039617538452148,0.0023015675685881696
4580,2,0,0.004507924212508364,-5.397400379180908,0.031610606291027694
3352,2,0,0.0016726896442681666,-6.391648292541504,0.018170009809880552
5645,2,1,0.9953909485075985,5.375113487243652,0.9385823638825956
5698,2,1,0.0054146907544302195,-5.213210105895996,0.03499229877688369
139,2,0,0.00023031515549416098,-8.375831604003906,0.005927588560003996
2406,2,0,0.003112853300819242,-5.769097805023193,0.025723209303960468
2543,2,0,0.0008567867840499379,-7.061464309692383,0.012468926594002283
5796,2,1,0.9875067417313058,4.369994163513184,0.8959454402035334
1686,2,0,5.6816435996784865e-05,-9.775628089904785,0.0026748627383714405
3680,2,0,0.0003393160235628914,-7.988239288330078,0.0073845029732827975
4442,2,0,3.496155194244567e-05,-10.261226654052734,0.002028653471227404
1936,2,0,0.0003971708963585699,-7.830746650695801,0.008073475711794
5000,2,0,0.22627559736150293,-1.2294620275497437,0.26054556933558654
2401,2,0,0.00024155524318331175,-8.328170776367188,0.006090061765317913
1169,2,0,0.014619612531306107,-4.210663795471191,0.060382855705021554
2737,2,0,0.005888893596659485,-5.128780841827393,0.036656583354011146
1295,2,0,0.00014103739369373112,-8.866344451904297,0.004486565529804795
5798,2,1,0.05662650134837021,-2.8129851818084717,0.12488194545068497
4536,2,0,9.142062892648553e-06,-11.602615356445312,0.0009444149392223124
5217,2,0,8.457908574761915e-05,-9.377738952636719,0.0033545794062884576
701,2,0,0.00015559212543887348,-8.76811695098877,0.004744071877886369
3610,2,0,0.0011660246583499313,-6.752988338470459,0.014833915564125302
5493,2,1,0.41545932290272336,-0.34144166111946106,0.36905708696224954
3312,2,0,0.0001548562194652007,-8.772858619689941,0.004731310146141982
350,2,0,1.2657434493149119e-05,-11.277253150939941,0.0011369284423073632
1465,2,0,0.0003102065548592584,-8.077961921691895,0.007018431708878859
3804,2,0,0.00032638256566097136,-8.027113914489746,0.007223622289545545
2833,2,0,0.0002527572236724141,-8.282828330993652,0.006248737599680632
2647,2,0,0.00021410933633152394,-8.448809623718262,0.005687122543459146
730,2,0,3.3372849998222474e-05,-10.307734489440918,0.0019756141611730164
5600,2,1,0.8805636786285129,1.9977788925170898,0.6897463137190117
5595,2,1,0.9902321965903027,4.618847846984863,0.908462650019335
2918,2,0,0.00012812200128675647,-8.96239948272705,0.00424821920461071
3318,2,0,0.001367306237105218,-6.5935444831848145,0.01622433606215398
5723,2,1,0.9989841683204096,6.891031265258789,0.9731935472944637
1539,2,0,0.005869268384220473,-5.132138729095459,0.036588961361674326
2990,2,0,8.338329200858728e-05,-9.391979217529297,0.0033275137117098337
183,2,0,0.09225136843077326,-2.2864503860473633,0.16158924966262223
1134,2,0,0.0010686554054018108,-6.840284824371338,0.01412307105130345
2743,2,0,0.00911421407400468,-4.6887640953063965,0.04663435947107987
1614,2,0,0.00014718707796491457,-8.82365894317627,0.004596711678661854
3919,2,0,7.780184763296708e-06,-11.763922691345215,0.0008614151023692111
2387,2,0,0.0021039765536593844,-6.161819934844971,0.020664386941976334
3648,2,0,0.011727781954097162,-4.433997631072998,0.053542850538069106
3440,2,0,0.0002541074526034133,-8.277499198913574,0.006267654643068237
3019,2,0,2.286202723675908e-05,-10.686010360717773,0.0015925682237556465
4592,2,0,0.01349475892227203,-4.291867256164551,0.05780607785045021
450,2,0,0.004220380677142272,-5.4636006355285645,0.03047416524694779
5027,2,0,0.000991319792560415,-6.9154815673828125,0.013537747358333633
297,2,0,0.1921233662712665,-1.4362716674804688,0.23845308106598553
5259,2,0,0.000417869292174497,-7.779923915863037,0.008309134537784086
4301,2,0,0.0026666132695023917,-5.924275875091553,0.02359424377889405
3294,2,0,0.00013852922635112673,-8.88429069519043,0.004441045086981224
3779,2,0,0.0024376357778538465,-6.014286041259766,0.02243917657912603
2734,2,0,0.0005096605188407371,-7.581255912780762,0.009297591726396043
2358,2,0,0.003531819328258686,-5.642404079437256,0.027599057432362392
952,2,0,8.430377845280323e-05,-9.380999565124512,0.003348362834539329
3016,2,0,0.051321753256861634,-2.91695499420166,0.11853943226825452
5039,2,0,0.0008473787906222687,-7.07251501083374,0.01239149661525963
3725,2,0,0.00018504339254651282,-8.594735145568848,0.005234998584181004
2314,2,0,0.16349579684021456,-1.6324442625045776,0.2187181483350317
4976,2,0,0.004297312457996224,-5.445458889007568,0.030781603182212076
286,2,0,0.0005701450468343984,-7.469049453735352,0.00990645611847133
5204,2,0,0.019879626619856053,-3.897979974746704,0.07133961646913713
2470,2,0,0.0009873031317483817,-6.919545650482178,0.013506803545221024
1623,2,0,0.0012206237428312354,-6.70717191696167,0.015220978173397253
2244,2,0,0.00031800409523741603,-8.053128242492676,0.0071179114945046
4018,2,0,8.151061884019133e-05,-9.414695739746094,0.003284787478658099
3781,2,0,0.00016643505981413928,-8.700738906860352,0.004929158899032293
5197,2,0,0.01831627513235675,-3.9814791679382324,0.0682458997735906
1970,2,0,0.00016057643722813323,-8.736579895019531,0.004829826760550248
2593,2,0,2.2833004836901434e-05,-10.687280654907227,0.0015914157591332104
216,2,0,0.00023380477521011347,-8.360790252685547,0.0059783928912984065
2374,2,0,9.854043231576827e-05,-9.224945068359375,0.003659159845025616
4019,2,0,0.0020644973426691515,-6.180801868438721,0.02044625712782544
4171,2,0,0.00024872641736130334,-8.298908233642578,0.00619200129204436
1883,2,0,0.00028818383910083814,-8.151623725891113,0.00673140289626507
3702,2,0,0.06409701915499466,-2.6811139583587646,0.13334288627964744
4097,2,0,0.011975719341478307,-4.412826061248779,0.05415855743038451
4584,2,0,0.001874342457383143,-6.277621269226074,0.019368275113965213
2847,2,0,0.0003071544999787015,-8.087852478027344,0.00697919720057783
2316,2,0,0.03867245144988224,-3.2131876945495605,0.10197955413366734
298,2,0,0.0007472481625030615,-7.198365688323975,0.011542498906404073
5153,2,0,0.00013269757011184576,-8.927305221557617,0.004333802336722343
4347,2,0,0.44722470190411073,-0.21189042925834656,0.3864361124830188
4528,2,0,0.0016959815936123065,-6.377796173095703,0.018311601398569324
3678,2,0,1.2024707041344252e-05,-11.328535079956055,0.0011041678736810965
4229,2,0,0.00010194752412802071,-9.190950393676758,0.003730587061072421
3506,2,0,0.00035456781368901723,-7.94425630569458,0.007570815785380266
2137,2,0,5.179475955819016e-05,-9.868169784545898,0.002537588109136469
3225,2,0,0.00024464718706099096,-8.315448760986328,0.006134173844679057
5008,2,0,0.008113584075833126,-4.8060688972473145,0.043746266865612636
5808,2,1,0.1815429708286349,-1.5059285163879395,0.23130830999986557
251,2,0,0.000155700318293377,-8.76742172241211,0.004745945894252184
725,2,0,6.808305165879837e-05,-9.594714164733887,0.0029649806799600877
3497,2,0,0.0006570541021804343,-7.327086925506592,0.010733624660119123
1585,2,0,0.0005213678623961072,-7.558533191680908,0.009417822351387297
3105,2,0,0.0006156047543977838,-7.392289638519287,0.010345551553352605
5222,2,0,0.00010025808511446422,-9.207662582397461,0.003695300663656123
5742,2,1,0.001274837379764585,-6.663661003112793,0.015597761653955598
4503,2,0,0.00017033969620915663,-8.677545547485352,0.0049945192227600094
828,2,0,0.8493851416768134,1.72978675365448,0.6561010669469463
4660,2,0,0.2871999279685963,-0.9090223908424377,0.29729088149305005
4068,2,0,0.33161662292336264,-0.7008823752403259,0.3226918976230995
4710,2,0,0.006606805895805492,-5.013026237487793,0.039062529753672276
3690,2,0,0.0020571865236807996,-6.184356689453125,0.020405658470314107
3222,2,0,0.00017063946380404437,-8.675786972045898,0.0049995100248385405
2149,2,0,4.4658922381564274e-05,-10.016411781311035,0.002332184327907976
2332,2,0,2.865777087683539e-05,-10.460057258605957,0.0018113998182172607
1730,2,0,9.715783111173258e-05,-9.239076614379883,0.003629870087412871
2718,2,0,0.0007269265905323222,-7.225957870483398,0.011364186655293125
4168,2,0,2.3603727764463128e-05,-10.654082298278809,0.0016218099765607848
4605,2,0,0.0018289316248862907,-6.302192687988281,0.019103683110067042
775,2,0,0.0001442131026567769,-8.844074249267578,0.004543699967997345
5347,2,0,4.444347911964881e-05,-10.021247863769531,0.0023257704538219245
1799,2,0,0.00039139520307219974,-7.845401287078857,0.008006763771031428
3947,2,0,0.007899118579763754,-4.833073616027832,0.04310597781377942
2808,2,0,2.127220250439143e-05,-10.758088111877441,0.001528475859686702
3172,2,0,0.031359977967966655,-3.4303605556488037,0.09117432010141728
5790,2,1,0.030365697181097464,-3.4636054039001465,0.08961411114193131
2764,2,0,0.0073632147463460525,-4.903868198394775,0.04146964103266227
5300,2,0,0.009222937497225853,-4.676795959472656,0.04693901693722775
2069,2,0,0.00446274125973814,-5.407519340515137,0.03143427936268006
2324,2,0,0.009649538275155514,-4.631148815155029,0.048118454353251634
4925,2,0,0.0017796642388790884,-6.329549312591553,0.018813267900996834
806,2,0,0.001997492045626496,-6.213863372802734,0.02007170372923179
4395,2,0,0.0038368077657266126,-5.55927038192749,0.028901485525741122
262,2,0,5.503608238035566e-05,-9.807466506958008,0.002626818114618272
3791,2,0,0.0013122601011621247,-6.63469123840332,0.015853700901872676
4522,2,0,0.00015748851551583524,-8.756000518798828,0.004776837883598321
2059,2,0,0.0002643051229095641,-8.238142013549805,0.006409135704851855
569,2,0,0.00011610220405879366,-9.06092357635498,0.004016841556120337
1227,2,0,0.0004683336573002351,-7.665861129760742,0.0088631501031587
4935,2,0,0.007605192890811577,-4.8712897300720215,0.04221514073369117
2120,2,0,0.002663352310793091,-5.925502777099609,0.02357811595545846
5459,2,1,0.2945323081587312,-0.873472273349762,0.30154733301613146
362,2,0,2.8689244282285205e-05,-10.458959579467773,0.0018125330331200218
2695,2,0,0.00026313268055570534,-8.242588996887207,0.006392992010494723
3320,2,0,0.0024244886679322818,-6.019707202911377,0.02237140060083301
2015,2,0,0.00025032132792977347,-8.29251480102539,0.00621449830389845
1380,2,0,0.007232058513020095,-4.92197322845459,0.041060801503306876
4767,2,0,0.00022982006221776506,-8.377984046936035,0.0059203535606390835
4387,2,0,5.528916109689229e-05,-9.802878379821777,0.002633688218685222
4615,2,0,0.00015393844000918336,-8.778803825378418,0.004715357478717436
386,2,0,0.0004961983822574588,-7.608038425445557,0.009157830944939717
4340,2,0,0.0003919485537863037,-7.843987941741943,0.008013173811549824
418,2,0,0.0003844611968911559,-7.863283157348633,0.007926100863381727
4446,2,0,0.0006535760048008724,-7.332397937774658,0.010701483071658602
4295,2,0,0.0016976810769679504,-6.376792907714844,0.01832189838136476
5342,2,0,0.00051327574201392,-7.574183940887451,0.00933484711430184
3852,2,0,0.0016702588153457354,-6.3931050300598145,0.018155182131664973
3075,2,0,0.00010033622399280907,-9.206883430480957,0.003696938363619177
3896,2,0,0.0012284354957805435,-6.700784683227539,0.015275722144623886
1750,2,0,0.0005163022989578415,-7.568301677703857,0.009365947700137808
1675,2,0,0.016312024036168722,-4.0994062423706055,0.06408808666797279
3864,2,0,6.656453231399835e-06,-11.919917106628418,0.0007880883838129318
3167,2,0,6.261745569336176e-05,-9.678403854370117,0.0028270670903221048
1667,2,0,0.00040080514233902865,-7.821634292602539,0.008115235360464343
2564,2,0,0.028507522034429772,-3.528665542602539,0.08663028543998978
3629,2,0,0.004732437076447065,-5.348571300506592,0.03247500497442549
5630,2,1,0.9494896258819303,2.933745861053467,0.7913647893542558
4264,2,0,0.00034188920209658904,-7.980681896209717,0.0074161892949131504
5682,2,1,0.9988703795278138,6.784743309020996,0.9715645892134221
1260,2,0,0.002381803218221243,-6.03751277923584,0.022150197761894305
199,2,0,0.005717990779167983,-5.158403396606445,0.036064162134777075
1349,2,0,0.003034789580739785,-5.794573783874512,0.025361282894159023
3360,2,0,9.306300704039371e-05,-9.282140731811523,0.0035420460614233994
3379,2,0,0.00024983921152363006,-8.294443130493164,0.006207704416756801
377,2,0,6.218733467151583e-05,-9.685297012329102,0.002815997031403317
3494,2,0,0.00013111116124450494,-8.93933391571045,0.004304276748622533
2687,2,0,5.654018910260556e-05,-9.780502319335938,0.0026674510382182796
2135,2,0,1.601161641710378e-05,-11.042180061340332,0.0012999733839977922
2994,2,0,0.002381190329192954,-6.037770748138428,0.022147008714784425
2351,2,0,0.04438164530551009,-3.069532632827759,0.10973761907614243
1281,2,0,0.00020772973113554377,-8.47906494140625,0.005590297112936548
2760,2,0,1.3975294504128686e-05,-11.178205490112305,0.0012029769879069675
3493,2,0,6.890971594800969e-05,-9.58264446258545,0.002985416456451372
1009,2,0,0.05944026961407568,-2.761503219604492,0.128128913019842
258,2,0,0.00040371913905424346,-7.814387321472168,0.008148599288245215
2430,2,0,1.9620110489817435e-05,-10.838935852050781,0.0014596448191894402
1542,2,0,2.6925074257496488e-05,-10.522425651550293,0.0017481606636043287
979,2,0,6.444380675677677e-05,-9.649652481079102,0.002873710222938334
5056,2,0,0.00027453370839558035,-8.200161933898926,0.0065486736263608986
739,2,0,4.819603777743731e-05,-9.940185546875,0.0024356424870559034
3772,3,0,0.8624419804125624,1.8357220888137817,0.616764175080726
3897,3,0,0.057229492453169176,-2.801753520965576,0.0644260390273483
1657,3,0,0.006602288350898151,-5.013714790344238,0.015085516606368391
5135,3,0,0.006569814514596247,-5.018678188323975,0.015035483166535413
3565,3,0,0.0006091078365447651,-7.4029059410095215,0.0030110921823394182
3987,3,0,0.00025003914605182625,-8.2936429977417,0.001646011384864616
4127,3,0,0.0025794941564101664,-5.957579135894775,0.008000334627096695
1822,3,0,0.017714389488696594,-4.015504837036133,0.029298903987137078
1966,3,0,0.0006717907815888778,-7.304891586303711,0.003217816042752855
2776,3,0,0.06921698411552045,-2.5987799167633057,0.07325662416609041
4826,3,0,0.00012011310966971848,-9.026956558227539,0.001000665248639577
723,3,0,9.443334691044537e-05,-9.267521858215332,0.0008498763199521844
5068,3,0,0.13043941875513404,-1.8970791101455688,0.1129601475216089
120,3,0,0.00041084403363002265,-7.796885967254639,0.0023054463447907026
4201,3,0,0.002284465394228794,-6.079336166381836,0.007369698139293188
4733,3,0,0.001102903708400391,-6.8087053298950195,0.004502377022512812
1043,3,0,0.0015398074281021102,-6.474556922912598,0.005643671490942789
3882,3,0,0.0007994247819362688,-7.1308183670043945,0.00362043222398184
1546,3,0,0.00038042271985643797,-7.873847007751465,0.0021882268266510225
462,3,0,0.00041789478701178125,-7.779862880706787,0.002332208830383566
4338,3,0,0.00018771632127220555,-8.580390930175781,0.0013549734606334996
3605,3,0,0.016490355868054824,-4.088351726531982,0.027923310111592003
2153,3,0,9.05066602833019e-05,-9.309996604919434,0.0008257157193710988
3239,3,0,0.00717169900093207,-4.930415153503418,0.015950092919905706
4783,3,0,0.020478370391571958,-3.8676950931549072,0.032294784751827184
347,3,0,0.0056737777721696326,-5.166210174560547,0.013620695132430341
2248,3,0,0.0012846665790039193,-6.655970573425293,0.0049923501849226245
4210,3,0,0.00048565322177563795,-7.62952995300293,0.002582418561446779
4253,3,0,0.0013498989361151402,-6.606374740600586,0.005162595149110899
1652,3,0,0.0030669386847870087,-5.784003734588623,0.00899292810095243
4494,3,0,0.0007947720713672855,-7.136660099029541,0.00360613986052308
618,3,0,0.013999130210253334,-4.254662036895752,0.02501388927718275
476,3,0,0.0641614100388463,-2.6800410747528076,0.06959479117830805
1950,3,0,0.005227918986035911,-5.248500347137451,0.012889456570346468
4835,3,0,0.00044329577026183865,-7.720829963684082,0.002427440034469717
4567,3,0,0.013572372628291671,-4.286053657531738,0.024498860676969714
2645,3,0,0.42876260618923984,-0.28690147399902344,0.27555269300484825
1225,3,0,0.0001585639268949222,-8.749194145202637,0.0012083013369755078
942,3,0,3.919275986695174e-05,-10.146979331970215,0.00046769781410715196
3576,3,0,0.0004050492879639521,-7.811096668243408,0.0022833400922821026
1812,3,0,0.0004467412178757324,-7.7130842208862305,0.0024402199133635363
4376,3,0,0.0006547789785375496,-7.330557823181152,0.003162353651467595
5355,3,0,0.00760355198688859,-4.871507167816162,0.016590750872785352
1537,3,0,0.00029906526020620586,-8.11454963684082,0.001858645637523141
5803,3,1,0.9984249153954208,6.451869964599609,0.9737329323772347
1412,3,0,0.010363979149591859,-4.5590009689331055,0.020435972742934957
218,3,0,0.00015556067605838512,-8.768319129943848,0.0011927175995603795
4512,3,0,0.0010536791708182038,-6.854413032531738,0.00436527730959855
4034,3,0,0.029384665880523676,-3.497457265853882,0.04115357594997209
3455,3,0,0.08626595222035928,-2.360104560852051,0.08505919362405154
812,3,0,0.00019749153790093435,-8.529617309570312,0.001402474830861111
766,3,0,0.00033655053702066976,-7.996425628662109,0.0020136842191079596
2054,3,0,0.0013374283906074686,-6.615668296813965,0.005130259748847268
5665,3,1,0.9955650370013057,5.413791179656982,0.9482098719156647
5505,3,1,0.403376148112417,-0.39141735434532166,0.26160256797389936
1673,3,0,0.08531162302626069,-2.3722727298736572,0.08441786275221057
243,3,0,0.15838033879321403,-1.6703288555145264,0.1293449844082689
1577,3,0,0.15176814187540758,-1.7208000421524048,0.1255313107238525
1218,3,0,0.0011821098249024692,-6.739271640777588,0.004718886510593912
1943,3,0,0.00043674031895704656,-7.735734939575195,0.002403035529305712
587,3,0,0.011280264148000029,-4.473356246948242,0.021634173177769958
1452,3,0,0.00644199878324195,-5.038453578948975,0.01483775523597458
2038,3,0,0.9701632927360986,3.481724977493286,0.8312351733021927
1165,3,0,0.0019429918136608664,-6.241581439971924,0.006605414984923333
372,3,0,5.734640137648784e-05,-9.766343116760254,0.0006056803689165908
3636,3,0,0.016163629238383756,-4.108695983886719,0.027550480967932136
4790,3,0,0.029423436980903866,-3.496098756790161,0.04119002077448518
2360,3,0,0.0028118252347475573,-5.871105670928955,0.008480452706430603
3526,3,0,0.0009985379744752807,-6.908219337463379,0.004209203501304072
1120,3,0,0.0016629162208548858,-6.397518157958984,0.005945202509610395
1292,3,0,0.001672627536637116,-6.391685485839844,0.005968673314914185
1697,3,0,0.0004661163754056956,-7.670608997344971,0.002511503285432147
4585,3,0,0.00014770009922833102,-8.820178985595703,0.001151463131321171
2765,3,0,0.06329786152716461,-2.6945137977600098,0.06896063853486663
620,3,0,0.0018979034847394832,-6.265105724334717,0.0065013391839389215
2103,3,0,0.017636538943596475,-4.019988536834717,0.02921237066557237
3034,3,0,0.00027732304977607806,-8.19005012512207,0.0017658520843362537
1348,3,0,0.002349253201561837,-6.051305770874023,0.007510361350219399
3341,3,0,0.00032544917455082785,-8.02997875213623,0.001968377831411111
1734,3,0,2.548768740397218e-05,-10.577289581298828,0.00034915503353772053
3976,3,0,0.0010640631495051004,-6.844595909118652,0.0043943687770155735
944,3,0,0.0005128600506999809,-7.5749945640563965,0.002679658544981786
4543,3,0,0.025633105699136887,-3.6379032135009766,0.03754805266602149
3003,3,0,0.00010741141012228596,-9.138736724853516,0.0009275357315954144
3176,3,0,0.060216894277149345,-2.7476961612701416,0.06667604075282046
755,3,0,0.00013351355204329178,-8.921174049377441,0.0010751678847156527
4261,3,0,0.014414031178783284,-4.225034236907959,0.025509647907972544
759,3,0,0.0005593338870820354,-7.488204479217529,0.0028419951641491387
3776,3,0,0.007947560259219125,-4.826910972595215,0.017092523210715114
1760,3,0,0.0892444506038388,-2.3228952884674072,0.08704783092043937
296,3,0,6.925161118954291e-05,-9.5776948928833,0.0006884679708789266
5516,3,1,0.8397391174998627,1.6562882661819458,0.5875627030501064
3268,3,0,0.007437202664346258,-4.893795490264893,0.016345430340057816
1562,3,0,0.009664943507055972,-4.629538059234619,0.01949813722376015
2469,3,0,0.001749986837668804,-6.346395492553711,0.006154082930138742
3063,3,0,8.162060070843915e-05,-9.413347244262695,0.000769755398412922
5275,3,0,0.00018290453319543768,-8.606363296508789,0.0013312995799792165
1620,3,0,0.0058690569363212325,-5.132174968719482,0.01393496160907913
3728,3,0,0.00013680943290052494,-8.896784782409668,0.0010931167399236
449,3,0,0.00014759859065339385,-8.820866584777832,0.0011509258317288467
5684,3,1,0.3462482028882378,-0.6355718970298767,0.23083980035550497
1555,3,0,0.0017818103862710605,-6.328341960906982,0.006229576699930352
4080,3,0,0.005326866676216622,-5.229650974273682,0.013053456007563594
1245,3,0,0.006013013367375246,-5.107798099517822,0.014164430105646723
3789,3,0,0.05513372087354746,-2.8412818908691406,0.06282573163959648
4092,3,0,0.031720697159186684,-3.418551206588745,0.043322339370803806
4277,3,0,0.013349406416627853,-4.302844047546387,0.02422764639452442
4599,3,0,8.038188610277109e-05,-9.428641319274902,0.000761802548877315
1391,3,0,0.0020166574778502557,-6.2042951583862305,0.006773776912033041
5533,3,1,0.9977905318551613,6.112791538238525,0.9671497617329837
970,3,0,0.0008081737199666359,-7.119925022125244,0.0036472347669626905
2199,3,0,0.0008161406148597051,-7.110107421875,0.0036715598234186523
1854,3,0,0.1755798458369117,-1.5465863943099976,0.13911364552764688
4644,3,0,0.0008302190616556475,-7.092990398406982,0.0037143578539041073
3131,3,0,0.0006120676095482034,-7.398055553436279,0.003021003586065428
963,3,0,0.0018939332327438064,-6.2672038078308105,0.006492136382639568
3221,3,0,0.0021475478966079715,-6.1412787437438965,0.007068062540599816
1286,3,0,0.00017693280876663519,-8.63956356048584,0.0013016379948536025
3731,3,0,0.03417159771498661,-3.3415913581848145,0.04554243464632465
4433,3,0,0.7787694021407828,1.2585093975067139,0.5208831243920954
5203,3,0,0.04395105764661377,-3.0797324180603027,0.053934176805629265
2368,3,0,0.8159359668360194,1.489052176475525,0.5597753902619336
4486,3,0,0.011614444309879868,-4.443823337554932,0.02206307258256629
5503,3,1,0.024328707307225424,-3.6914687156677246,0.03625449081933322
3267,3,0,0.004660643438368305,-5.3639302253723145,0.011928615258588652
2230,3,0,0.0020179630614684083,-6.203646659851074,0.006776742529857087
5663,3,1,0.5904226762302461,0.365712970495224,0.37211958154124936
5697,3,1,0.9937744224742495,5.0728440284729,0.9355762107560834
5706,3,1,0.9995567568368795,7.720948696136475,0.9887407926492283
5623,3,1,0.9972206204551043,5.882744312286377,0.9618033317237482
2264,3,0,0.0011378174306059528,-6.777504920959473,0.004598415540440436
5193,3,0,0.012311131878900641,-4.38486385345459,0.022944326727028376
2165,3,0,0.00016443503462186846,-8.712830543518066,0.0012384948570325854
4533,3,0,0.026054930837352625,-3.621147871017456,0.037961709942603866
5527,3,1,0.9953926392425589,5.375482082366943,0.9469163951043398
3652,3,0,0.000392567236629957,-7.842410087585449,0.002235372347118937
69,3,0,2.1413783224673495e-05,-10.75145435333252,0.00031019411222107555
2629,3,0,0.07862089342691561,-2.4612340927124023,0.07986105879254699
3340,3,0,0.00043287981340221397,-7.744617462158203,0.0023886083800562377
1209,3,0,0.00010107739427552874,-9.199522972106934,0.0008900347301883494
3871,3,0,0.03366055579942564,-3.3571884632110596,0.04508391432293197
1593,3,0,0.0023966807057584586,-6.031270980834961,0.007612530417196135
1550,3,0,0.00025734726615528314,-8.264826774597168,0.0016785075616846735
4457,3,0,0.033947100907078094,-3.3484151363372803,0.04534128678136162
4782,3,0,0.0002488208189757738,-8.298528671264648,0.0016405644001444228
4739,3,0,0.005759738543504551,-5.151086807250977,0.013759465565732081
5434,3,0,5.970692315996209e-06,-12.028641700744629,0.00013024835053179583
75,3,0,0.00027416934113133807,-8.20149040222168,0.0017522007583858337
534,3,0,0.026232678058747252,-3.614166498184204,0.03813535558763117
1841,3,0,1.383713405221318e-05,-11.188140869140625,0.00023056201746870318
4721,3,0,0.0002774391467719901,-8.189631462097168,0.001766353670593759
537,3,0,0.6307617189254581,0.5354859828948975,0.3994488195555442
689,3,0,2.621965570179145e-05,-10.548974990844727,0.0003559360012192159
378,3,0,0.00018119214735185315,-8.615771293640137,0.0013228264621584173
744,3,0,0.012443733820505991,-4.374016284942627,0.02311016613639605
2492,3,0,0.00017537244600280695,-8.648423194885254,0.0012938348488048034
4723,3,0,0.0006533521137190463,-7.332740783691406,0.003157680677034052
1739,3,0,2.525430356931038e-05,-10.586488723754883,0.0003469798752208118
2026,3,0,9.852849932846366e-05,-9.225066184997559,0.0008747319172525899
2818,3,0,0.00017335493762490376,-8.659996032714844,0.0012837123690384936
5522,3,1,0.44615769459925714,-0.21620753407478333,0.28524551532461756
5205,3,0,0.0002298391267197415,-8.377901077270508,0.0015545522426011205
4715,3,0,0.03495201244873845,-3.318201780319214,0.046238367394245916
4703,3,0,0.0014100240979095424,-6.562737464904785,0.005317155587826148
5819,3,1,0.6177377876131379,0.4799572825431824,0.3904317523443834
17,3,0,0.00020955834784095316,-8.470298767089844,0.0014600806706268846
3155,3,0,0.03607526121464919,-3.2854058742523193,0.047231234008704735
4290,3,0,0.0008608830039547375,-7.056690692901611,0.003806770364042947
535,3,0,0.051074855703950005,-2.9220376014709473,0.0596710102003889
2820,3,0,0.0001206933666282928,-9.022136688232422,0.0010039449331853097
2585,3,0,3.106062564986642e-05,-10.379538536071777,0.0003993551196625681
940,3,0,0.013053990432149021,-4.325521469116211,0.02386598268099083
4297,3,0,0.0324491666528392,-3.3950932025909424,0.04398786576312983
2860,3,0,0.0014114636496754794,-6.561715602874756,0.005320829579511141
4440,3,0,0.0006306018537088235,-7.3682050704956055,0.003082720870660846
4382,3,0,0.0010595955830432836,-6.8488078117370605,0.004381863913722451
3021,3,0,0.00032405069050618927,-8.034286499023438,0.0019626353098546588
484,3,0,0.0003801018998550407,-7.874691009521484,0.0021869748592009347
4994,3,0,0.0002681582057681416,-8.223665237426758,0.0017260395034024443
2560,3,0,7.210600917448824e-05,-9.537301063537598,0.0007076148704767921
2688,3,0,0.00012496088809811948,-8.987384796142578,0.0010279118800841486
388,3,0,0.0003373713117044793,-7.993988990783691,0.002017014630042609
259,3,0,0.00044978983281080407,-7.70628023147583,0.0024515013330272182
4859,3,0,0.08138306508465311,-2.4237020015716553,0.08175549122987885
403,3,0,4.3311727658148443e-05,-10.047043800354004,0.0005005474915613835
550,3,0,0.002706184156668521,-5.909505844116211,0.008263818593833709
3584,3,0,0.0007971385207591001,-7.1336846351623535,0.0036134125825026072
808,3,0,0.010367129241934272,-4.558693885803223,0.020440150664463745
1851,3,0,0.0007502506861626132,-7.194352626800537,0.0034679740932437248
5385,3,0,0.07446926108310613,-2.5199809074401855,0.07697619843964071
1964,3,0,0.04444987906023973,-3.067924976348877,0.05434506987373652
2092,3,0,0.004664310174334208,-5.363140106201172,0.01193494545935696
2134,3,0,7.883119116053119e-05,-9.44812297821045,0.0007517909650956307
4972,3,0,0.24337270609649692,-1.1342767477035522,0.17617518980970232
3138,3,0,0.0015822313135529873,-6.447335720062256,0.005748437682563637
5025,3,0,0.001869352553534711,-6.28029203414917,0.006435019108679224
5731,3,1,0.7534746256285274,1.1172304153442383,0.4968931626531263
4482,3,0,0.005076818193625421,-5.277980804443359,0.012637029855458752
904,3,0,0.0039036124155717535,-5.5419416427612305,0.01058385180318044
5395,3,0,0.007106673055734269,-4.939589023590088,0.015852536547208446
335,3,0,0.6337562023407562,0.5483651161193848,0.40155022624388037
1770,3,0,0.014726925536026572,-4.203241348266602,0.025880400437781923
1931,3,0,0.15362337210181753,-1.7064604759216309,0.12660492748554386
3346,3,0,0.14828544775013738,-1.7481123208999634,0.12350798155482427
1962,3,0,0.00022007798004705618,-8.421308517456055,0.001509433555910222
1142,3,0,0.0004137649135411602,-7.789798736572266,0.002316550955169095
752,3,0,0.009309027687683739,-4.667418003082275,0.01901204236369117
2186,3,0,0.00040556374454506845,-7.809826850891113,0.002285306793276536
2312,3,0,0.00700461446689218,-4.954156875610352,0.01569882480249367
1441,3,0,0.0026180395933613388,-5.9427080154418945,0.008080938724122683
5352,3,0,0.006696678249654103,-4.999424457550049,0.015230487333124213
5391,3,0,0.001484443889805574,-6.511229515075684,0.0055055255829542125
4802,3,0,0.00042437213625592983,-7.764475345611572,0.002356666618029417
2614,3,0,0.00014034154321022877,-8.871291160583496,0.0011121983464864463
606,3,0,0.0053776846085192885,-5.220105171203613,0.013137293220358157
5748,3,1,0.31373309392746346,-0.7827240228652954,0.21356394277588092
461,3,0,0.00024278174920481344,-8.323104858398438,0.0016134364073365466
2057,3,0,0.13567908880881013,-1.851651668548584,0.11609058335665122
1547,3,0,0.018699315565191724,-3.9603919982910156,0.030383068624443402
1510,3,0,0.0010208805435425186,-6.886068344116211,0.004272771577162109
1273,3,0,0.09786775790143061,-2.221143960952759,0.09270217457334622
3187,3,0,0.0006865720855513466,-7.283112525939941,0.0032656383266740866
2576,3,0,0.04256822814749901,-3.1131463050842285,0.052787212535862216
3777,3,0,0.0022263486661951463,-6.10516357421875,0.007242406238259909
2766,3,0,0.0010315517334475491,-6.875658988952637,0.0043029732084934385
72,3,0,0.000143609041109103,-8.848272323608398,0.0011297132868042308
3778,3,0,0.16177842575140042,-1.645054817199707,0.13129153605974242
5107,3,0,0.00041037490852098725,-7.798028945922852,0.002303660451182815
4663,3,0,0.001983540814709205,-6.22088623046875,0.00669834185343738
511,3,0,0.038001713585663836,-3.231381416320801,0.0489110825323891
3051,3,0,0.04709622317967028,-3.0073211193084717,0.0565008695919589
480,3,0,8.064730921156018e-05,-9.425344467163086,0.0007635099260930168
981,3,0,0.11336392819432502,-2.0568313598632812,0.10253064031608324
3374,3,0,0.0013735422202998126,-6.588987827301025,0.0052236354937754605
3357,3,0,0.09893995370125895,-2.2090587615966797,0.09339524765853666
3120,3,0,0.001552162587354547,-6.466552734375,0.005674278585646968
2844,3,0,0.019048462548710433,-3.9415366649627686,0.03076283280897473
2956,3,0,0.0037332700652358093,-5.586730480194092,0.010269822258478717
4623,3,0,0.003437613692848589,-5.669534206390381,0.00971334847584979
5602,3,1,0.0025081782532805855,-5.985687255859375,0.007850155793872885
3464,3,0,0.000677005806703316,-7.297153472900391,0.0032347268484734103
3513,3,0,0.01801064651270891,-3.99861741065979,0.029627060200387256
4697,3,0,3.477245620455791e-05,-10.266650199890137,0.000431183807939922
2807,3,0,0.001591854095274957,-6.441262722015381,0.005772073363484842
2450,3,0,5.077339569625532e-05,-9.888087272644043,0.0005576140765199925
4884,3,0,0.0007147071028758664,-7.242922782897949,0.0033557540014339427
1129,3,0,0.02827805247665301,-3.5369837284088135,0.040106612489164924
5384,3,0,0.0011494713677882723,-6.767302989959717,0.004630258547612256
4845,3,0,0.0009749318980954724,-6.9321675300598145,0.004141536980771318
1916,3,0,0.00022407919080672192,-8.403286933898926,0.0015280046565756833
4844,3,0,0.00011824167727300593,-9.042661666870117,0.0009900527705536918
147,3,0,0.0016938322126951997,-6.379066467285156,0.006019768187575451
4058,3,0,0.011143651044331243,-4.4856791496276855,0.02145763099441613
5240,3,0,0.019001025823855728,-3.9440784454345703,0.03071137217074644
2907,3,0,0.020625866700774532,-3.860367774963379,0.03245076332655379
1751,3,0,0.0031457205985056633,-5.758561611175537,0.009148329757421933
5536,3,1,0.04199400347242353,-3.1273272037506104,0.05230743298915449
4017,3,0,0.0008601434152632953,-7.05755090713501,0.0038045541401261138
1139,3,0,9.257222267694765e-05,-9.287428855895996,0.0008384660577287346
1098,3,0,0.00013140265856341032,-8.937112808227539,0.0010635974030867236
4495,3,0,0.0007920763138055521,-7.1400604248046875,0.00359784653354455
2084,3,0,0.01797603872696709,-4.000576019287109,0.029588818628397667
5539,3,1,0.277023911178033,-0.9592723250389099,0.1941054002316506
1813,3,0,0.08652664957600108,-2.356801748275757,0.08523403144250748
679,3,0,0.003994675535854906,-5.518790245056152,0.010749879535179214
2282,3,0,0.00765330526736574,-4.864934921264648,0.016663778105316294
1980,3,0,0.6877900848682086,0.789807915687561,0.4415353451627315
2921,3,0,0.050685652453804866,-2.9300971031188965,0.05936443507106826
3798,3,0,0.001290128578018224,-6.651722431182861,0.005006711162017914
4647,3,0,0.26663269075952295,-1.0117746591567993,0.188585040024217
2537,3,0,6.648908314113043e-05,-9.618406295776367,0.0006696943604152575
1963,3,0,0.00827970275232346,-4.7856340408325195,0.017570220896874638
5100,3,0,0.004352392331446834,-5.4326677322387695,0.011390422955644878
5001,3,0,1.2919453260697815e-05,-11.256763458251953,0.00022005922049735292
4101,3,0,0.00011620532160614054,-9.060035705566406,0.0009784434874511552
803,3,0,0.6115434116362123,0.45380452275276184,0.3862103046473593
4209,3,0,0.0010407080751753943,-6.866812705993652,0.004328806764523353
5206,3,0,0.0038323470166136213,-5.56043815612793,0.010453031200540884
2620,3,0,0.13764837260511534,-1.834960699081421,0.11725957024412166
4084,3,0,0.7759624152840824,1.2422902584075928,0.5181318250475976
5353,3,0,0.004513214884336424,-5.396222114562988,0.01167272102325673
44,3,0,0.0009030732865073766,-7.008803367614746,0.003932195503663352
813,3,0,0.06779570042497224,-2.6210532188415527,0.07223563939063614
1440,3,0,0.006816525871196594,-4.981565475463867,0.015413590181566642
3846,3,0,0.0013414576272801485,-6.612656116485596,0.005140718004748913
3707,3,0,0.0001615649021593541,-8.73044204711914,0.0012237786706389418
2399,3,0,7.730112071530725e-05,-9.467724800109863,0.0007418503193426307
4069,3,0,9.184023753141077e-05,-9.295368194580078,0.0008339582109813851
3018,3,0,7.345294153310467e-05,-9.518792152404785,0.0007165650835950637
4798,3,0,7.572192529197378e-05,-9.488367080688477,0.0007315239816665333
5707,3,1,0.9632282877056143,3.265561580657959,0.8096147567174171
394,3,0,0.0007532763916169469,-7.190324783325195,0.0034774465533536467
1256,3,0,0.009881138259619088,-4.607197284698486,0.019790514676431902
3085,3,0,0.00032172902901052644,-8.041479110717773,0.0019530843077867398
21,3,0,4.9653652688957115e-05,-9.910388946533203,0.0005492314813698692
691,3,0,0.02050151106241359,-3.866542100906372,0.03231928067083999
149,3,0,0.0010942854098741019,-6.816558837890625,0.004478519216579157
4696,3,0,0.06280211757508017,-2.7029056549072266,0.06859538646244641
1313,3,0,0.0005243941231750436,-7.5527424812316895,0.002720376651954666
4970,3,0,0.024384439983540087,-3.6891233921051025,0.03631021974624439
4458,3,0,0.0001461595450467547,-8.830665588378906,0.0011432959121960259
4879,3,0,6.1209738578130625e-06,-12.003783226013184,0.00013246703389003302
2986,3,0,0.0016075271155055041,-6.4314494132995605,0.005810470436583613
2471,3,0,0.005841793710911915,-5.1368584632873535,0.01389129571458028
2371,3,0,0.0002198474904589369,-8.422356605529785,0.0015083604705423983
3028,3,0,0.018112708623491777,-3.9928627014160156,0.029739697544092315
495,3,0,0.00011533585738287695,-9.067546844482422,0.0009734667657151714
1872,3,0,0.0006226716028104196,-7.380868434906006,0.003056386722685422
2642,3,0,0.05156120919949559,-2.9120476245880127,0.0600530766788229
4154,3,0,0.03263890270183851,-3.3890669345855713,0.04416040530516524
2433,3,0,0.0005684528978345467,-7.4720234870910645,0.0028733281284948693
3547,3,0,0.00025412344320173755,-8.277436256408691,0.0016642097197644794
4537,3,0,0.002089038601461674,-6.168960094451904,0.006937259260970775
2770,3,0,0.0011466645782114697,-6.769750595092773,0.004622598950023076
4899,3,0,0.00027135039031848913,-8.211828231811523,0.0017399555828872858
1220,3,0,4.4607548037258534e-05,-10.017562866210938,0.0005106715596915312
79,3,0,0.035698161073931985,-3.2963051795959473,0.04689903957108608
5472,3,1,0.9863963615094126,4.283720970153809,0.8946756977872624
1810,3,0,0.00045369121416732915,-7.6976399421691895,0.0024659024613583602
554,3,0,0.7471437109101718,1.0834362506866455,0.49115269071123124
3429,3,0,0.2522949827576511,-1.086409568786621,0.18094620117360544
4471,3,0,0.0023173079316876604,-6.065029144287109,0.007441164368050944
1466,3,0,0.016840176514325924,-4.067004203796387,0.028319792989026284
5390,3,0,0.0002454450564613093,-8.3121919631958,0.0016254266903226854
1269,3,0,6.23533070052786e-05,-9.682631492614746,0.0006411123168027028
1459,3,0,0.0012048572288284429,-6.720188617706299,0.004780186089191807
4410,3,0,0.004168642690290691,-5.475987434387207,0.011063647428094526
5712,3,1,0.19885719082625114,-1.3934522867202759,0.15205076546281812
4076,3,0,0.00013953185968630882,-8.87707805633545,0.0011078379543024818
2152,3,0,8.119488529194398e-06,-11.721235275268555,0.000160503576770767
3706,3,0,0.00022232221354989354,-8.411160469055176,0.0015198631412951789
1840,3,0,0.003201494125397798,-5.740931034088135,0.009257575894208923
2291,3,0,0.0002644089649851334,-8.237749099731445,0.0017096265984906074
4877,3,0,0.0002413899376191277,-8.328855514526367,0.001607153580364128
5760,3,1,0.960612047370743,3.194110631942749,0.8020177174711921
1825,3,0,0.033159416544009564,-3.372706890106201,0.044632074299545785
3796,3,0,0.0089160427805985,-4.710947036743164,0.01846811946656378
1102,3,0,0.0001458157105203197,-8.83302116394043,0.0011414693064038548
4425,3,0,0.006025503488583032,-5.105710506439209,0.014184253659426738
1453,3,0,0.004221585216870037,-5.463314056396484,0.011158275876155244
3419,3,0,0.07558642324928663,-2.503882884979248,0.07775707919989912
4435,3,0,0.00017231751855001246,-8.665999412536621,0.0012784925545529517
4730,3,0,0.00019177970717329564,-8.558971405029297,0.0013748134068125735
1058,3,0,0.002534463900794883,-5.975235462188721,0.007905669219817767
3780,3,0,0.12575449356077376,-1.9390296936035156,0.1101349792364859
400,3,0,0.0007088319267841851,-7.251183032989502,0.003337032271122644
4048,3,0,0.0009798920393850757,-6.927087783813477,0.0041557988841226775
5073,3,0,0.007117373882546851,-4.938073635101318,0.015868610851456272
1649,3,0,0.01664454798629373,-4.078887939453125,0.028098409307232307
3977,3,0,0.004226073685929374,-5.462246894836426,0.011166280496453492
1474,3,0,0.0013206556466900273,-6.628305435180664,0.005086613934354663
4964,3,0,0.00237223025357669,-6.0415496826171875,0.007559942205857949
2076,3,0,0.003162594906435088,-5.753194808959961,0.009181448698598178
4594,3,0,0.0014281389765738951,-6.549953937530518,0.005363299567874362
4948,3,0,0.002584859716984159,-5.955495834350586,0.008011578270582076
4901,3,0,0.051718614969287556,-2.9088335037231445,0.060176486825555396
1199,3,0,0.0006483865294260952,-7.340374946594238,0.0031413925986085783
786,3,0,0.15682061328787777,-1.682077169418335,0.1284485502907836
5176,3,0,0.0073603783345229925,-4.904256343841553,0.016231524407658415
2006,3,0,0.011095256278046672,-4.4900803565979,0.021394919891829293
4450,3,0,0.0009429519321395138,-6.965551853179932,0.0040490122747817445
4875,3,0,0.9688014628782835,3.4356884956359863,0.8268008349602097
2520,3,0,0.000520255868085145,-7.560669422149658,0.0027058012197122634
479,3,0,0.0003709719579570247,-7.899013042449951,0.0021512017286420748
4553,3,0,7.128068940114585e-05,-9.548813819885254,0.0007021041781436223
3646,3,0,0.002042602450318852,-6.19148588180542,0.006832593828554187
2933,3,0,0.029906822174600466,-3.4793055057525635,0.04164309280846701
5365,3,0,0.0006898264881054549,-7.278380393981934,0.003276122422876055
5348,3,0,0.019546722144642432,-3.9152073860168457,0.0313008275611584
4432,3,0,0.0005206837546145151,-7.559846878051758,0.0027073100201925574
70,3,0,0.011899145288567083,-4.419318199157715,0.02242525468893758
978,3,0,0.0002445291876505793,-8.31593132019043,0.0016213081753704629
1208,3,0,0.0004185428375414102,-7.778312683105469,0.0023346612843866453
1967,3,0,0.0007213011782465349,-7.233732223510742,0.0033767073159325354
4868,3,0,0.003297525818387947,-5.71127986907959,0.009444228280989347
1159,3,0,0.0008031180167428038,-7.1262054443359375,0.003631758054947283
30,3,0,0.0030818545155387863,-5.779137134552002,0.009022449820481874
3555,3,0,0.0006080956414831535,-7.40457010269165,0.0030076990676697656
2397,3,0,0.09519397988894088,-2.2518038749694824,0.09096454228103643
1072,3,0,0.0022100232631677777,-6.112539768218994,0.007206454586516726
5440,3,0,0.000463467804235027,-7.676310062408447,0.0025018161903537692
4789,3,0,0.00015945575037612457,-8.743584632873535,0.0012129106269865863
1110,3,0,0.004500116198347853,-5.399141788482666,0.011649853494848606
3471,3,0,0.0007881051831275678,-7.145090579986572,0.0035856129229709147
3397,3,0,0.0005453969688961705,-7.513451099395752,0.0027937866164708045
3008,3,0,0.01369395947045845,-4.277011871337891,0.024646136001874028
4658,3,0,0.02031606100725818,-3.8758182525634766,0.032122711950027465
5172,3,0,0.015635361257580464,-4.14246129989624,0.026942348492658683
5202,3,0,0.0001792833480454466,-8.626363754272461,0.001313351018830212
402,3,0,0.00011524592868636475,-9.068326950073242,0.0009729513361001154
66,3,0,0.0006968612708280215,-7.2682271003723145,0.003298730516215018
1878,3,0,0.0002467948202470799,-8.306706428527832,0.001631487346839409
2751,3,0,0.0008538438415507568,-7.064908027648926,0.003785651958379581
4811,3,0,1.6046928125980752e-05,-11.039977073669434,0.0002549794071148381
4160,3,0,0.0006557531998512204,-7.329070091247559,0.0031655423277722797
5431,3,0,0.0004089765914990698,-7.801443576812744,0.0022983333388360934
867,3,0,0.009607659860080206,-4.63554048538208,0.019420306673210687
2884,3,0,0.00016670363528059696,-8.699126243591309,0.0012500683486207048
1378,3,0,0.06988172064913376,-2.588507652282715,0.0737319585267185
3509,3,0,0.03965667733403265,-3.1870315074920654,0.05033231580606436
553,3,0,0.00033371117013733726,-8.004900932312012,0.0020021428086200105
3989,3,0,0.0009670928483964797,-6.940248489379883,0.004118949244118543
1473,3,0,0.025289621794749712,-3.6517462730407715,0.03720956502271663
523,3,0,0.0013877816294204084,-6.578660011291504,0.005260232745994094
5833,3,1,0.9904187473665085,4.638319492340088,0.9153197310681185
3948,3,0,0.006233890533420891,-5.0715012550354,0.014513023199170024
2297,3,0,0.004679316759129754,-5.359912872314453,0.011960835579820892
974,3,0,0.0005079410120563233,-7.58463716506958,0.0026622032777818333
2789,3,0,0.00022550663070145408,-8.39693546295166,0.0015346040242533335
4050,3,0,0.00012131771842409668,-9.016976356506348,0.0010074681890344334
5744,3,1,0.023036856129013773,-3.7473535537719727,0.03495067148492834
2541,3,0,0.2137312277354411,-1.302579402923584,0.16018502502970872
5811,3,1,0.9994936962093159,7.587867259979248,0.9876881906440684
5657,3,1,0.999550844498963,7.7076921463012695,0.9886400607708856
2803,3,0,7.102515946418172e-05,-9.55240535736084,0.000700393845802259
931,3,0,0.00016712141331066556,-8.696622848510742,0.0012521941426093131
4993,3,0,0.007982929212950697,-4.822434902191162,0.017143701587873046
5029,3,0,0.13697749879573565,-1.8406240940093994,0.11686178279102913
3443,3,0,0.0019114482066135393,-6.257980823516846,0.00653268790031137
133,3,0,0.0002639414933189126,-8.239519119262695,0.0017075749231188749
2587,3,0,0.0014907504624390004,-6.506983757019043,0.005521345670710745
1896,3,0,0.01456120171033443,-4.214726448059082,0.025684360551611274
4051,3,0,0.09691449082861667,-2.2319881916046143,0.09208420414381943
888,3,0,0.000517645095517513,-7.56570291519165,0.0026965864853900146
5717,3,1,0.05555594412840459,-2.8332059383392334,0.06314964326526788
603,3,0,0.0027068521488380743,-5.9092583656311035,0.008265197018423704
4237,3,0,7.834504667726882e-05,-9.454309463500977,0.0007486393298233844
175,3,0,0.0006808560041847046,-7.291478633880615,0.0032471848685962073
4795,3,0,0.013060319618323041,-4.325030326843262,0.023873759425237093
2762,3,0,0.021290536040363545,-3.827972173690796,0.033149144348509504
1702,3,0,0.004556704149445087,-5.3865885734558105,0.011748488115997659
5239,3,0,0.0034860686111473434,-5.65548849105835,0.009805592945206068
2083,3,0,7.163906098408795e-05,-9.543798446655273,0.0007044995435364007
3723,3,0,0.003051447786340193,-5.789083003997803,0.00896221837207375
3421,3,0,0.005433085135856854,-5.2098002433776855,0.013228393928505885
3325,3,0,5.652487849864564e-05,-9.780773162841797,0.0005997735218680388
174,3,0,0.025785510436935867,-3.6318187713623047,0.03769776258000616
2894,3,0,0.00016155843196193932,-8.73048210144043,0.0012237454010627549
114,3,0,0.009597977615236456,-4.636558532714844,0.019407136385103066
5083,3,0,0.00367753389826217,-5.601828575134277,0.01016605649844163
1524,3,0,0.001252279562099052,-6.681536674499512,0.004906784665669248
4026,3,0,0.013874526133244358,-4.263729095458984,0.024864056020895774
2496,3,0,0.0012625975082752568,-6.673320770263672,0.004934121603816817
4611,3,0,0.046555920944127256,-3.0194265842437744,0.05606392459521841
4792,3,0,0.00048265968543966697,-7.635715961456299,0.002571613206059012
1745,3,0,8.065330802969131e-05,-9.425270080566406,0.0007635484935795186
909,3,0,0.020608598214368997,-3.861222982406616,0.03243252083423113
4645,3,0,0.011981791741010722,-4.412312984466553,0.022529854088863533
1130,3,0,6.215200025872017e-05,-9.68586540222168,0.0006397058170093881
1720,3,0,0.02158468795929554,-3.8139500617980957,0.033455912992621205
1645,3,0,0.0006304927799028762,-7.368378162384033,0.0030823593964058407
2363,3,0,0.09605697175398502,-2.2418248653411865,0.09152685484227131
4308,3,0,0.000400733889936112,-7.821812152862549,0.002266810989960665
1186,3,0,0.0017939481964458794,-6.321540832519531,0.006258254759469464
2693,3,0,0.009658327859855268,-4.630229473114014,0.019489156438641565
5327,3,0,0.008580685385552799,-4.749623775482178,0.017997659277823354
2206,3,0,0.004292970817777222,-5.446474075317383,0.011285254261892693
827,3,0,0.08240197176888815,-2.4101500511169434,0.08244952844644214
734,3,0,0.00020505127773117073,-8.492045402526855,0.0014386926174159878
145,3,0,0.009473158826565277,-4.649774551391602,0.0192369557540248
5200,3,0,0.22038467797559194,-1.2634260654449463,0.16379684204911177
1529,3,0,0.000260602285717288,-8.252254486083984,0.0016928853169624796
4037,3,0,0.03985216576806522,-3.181910514831543,0.05049891970016272
2048,3,0,1.873603504894839e-05,-10.885043144226074,0.0002832819144308291
4045,3,0,6.488285110101062e-05,-9.642862319946289,0.0006586636069907301
1235,3,0,0.0009331075234382315,-6.9760565757751465,0.0040203264295924175
2791,3,0,0.008865432927936515,-4.716690540313721,0.01839750061210046
3189,3,0,0.000149686604542386,-8.806817054748535,0.0011619542139785566
3049,3,0,0.00023379362940188425,-8.360837936401367,0.0015726545466701457
3527,3,0,0.003339554783628183,-5.698572635650635,0.009525356149908131
5679,3,1,0.16005054394733054,-1.657852053642273,0.13030283130660217
1816,3,0,0.00033390784201023924,-8.004311561584473,0.0020029432555841546
1158,3,0,0.00013091564935143412,-8.940826416015625,0.0010609194859647778
2065,3,0,0.00042281932030402593,-7.7681427001953125,0.0023508143992507697
1691,3,0,0.002563370158258129,-5.963865756988525,0.007966500332466174
3180,3,0,8.828010247884349e-05,-9.334907531738281,0.0008118663629011086
2787,3,0,7.863695735214431e-05,-9.450590133666992,0.0007505325143022707
3773,3,0,8.224901910725349e-05,-9.40567684173584,0.0007737751556005443
1341,3,0,0.0013638786341590788,-6.596057891845703,0.005198728437433081
5269,3,0,0.011392934491987354,-4.463303565979004,0.02177924266324079
4906,3,0,6.644636209296791e-05,-9.619049072265625,0.0006694020907951005
2200,3,0,0.00029102719040853656,-8.141802787780762,0.001824601882602179
5049,3,0,0.01101538352608449,-4.4973859786987305,0.02129122044274332
2052,3,0,0.03866864025548047,-3.213290214538574,0.04948617572902727
275,3,0,0.0002734600454768093,-8.204081535339355,0.0017491235019018246
3173,3,0,0.03340076869826566,-3.3652050495147705,0.044849958984104626
3382,3,0,0.00013056458675087023,-8.943511962890625,0.0010589871106298464
28,3,0,0.00047255929461120923,-7.656874656677246,0.002534994217533406
1845,3,0,0.0001547301695478183,-8.773673057556152,0.0011883911006520746
4143,3,0,0.031606505328257505,-3.4222755432128906,0.04321756446832086
833,3,0,1.8104886661840427e-05,-10.919310569763184,0.0002767631404330187
5396,3,0,0.0006193278767597869,-7.386256217956543,0.003045250657813717
42,3,0,0.0009401964618532507,-6.968481063842773,0.0040409928781052805
2644,3,0,0.000995074017659456,-6.911697864532471,0.004199306873527433
958,3,0,5.126165966420698e-05,-9.87851619720459,0.0005612506845933175
2886,3,0,0.0005497067988766223,-7.505575656890869,0.0028087366457880004
156,3,0,0.00042087479997419925,-7.772754192352295,0.00234347613655963
2147,3,0,0.0003481363028571816,-7.962568283081055,0.0020604563331257275
3784,3,0,0.1463458026923181,-1.7635538578033447,0.12237649381755449
3907,3,0,0.03746288131214232,-3.2462220191955566,0.04844406011692652
5145,3,0,0.002470935994167585,-6.0006842613220215,0.0077711759617850665
173,3,0,7.843826521394898e-05,-9.453120231628418,0.000749244143886548
5471,3,1,0.03582226533960764,-3.29270601272583,0.04700849036110719
4539,3,0,0.038450516184930485,-3.2191739082336426,0.04929844173381286
264,3,0,0.141448179483324,-1.8033136129379272,0.11950407486023161
1499,3,0,0.019960096280921682,-3.8938581943511963,0.031743736570012115
1232,3,0,1.8470367115237066e-05,-10.899324417114258,0.00028054670305556766
2752,3,0,0.005310416571998095,-5.232760429382324,0.013026260990075466
4732,3,0,0.019468108915255817,-3.9193174839019775,0.031216248828296163
2521,3,0,0.0001244831494790021,-8.991215705871582,0.0010252420732402001
973,3,0,0.0006131071559590107,-7.396357536315918,0.0030244810377742164
5432,3,0,0.004301697275255964,-5.444434642791748,0.011300728832384402
4650,3,0,0.0033373288138536603,-5.699241638183594,0.009521067819667429
826,3,0,0.00412802617595316,-5.485819339752197,0.010990782419474788
5545,3,1,0.9983463121773124,6.403092384338379,0.9728716651535603
4770,3,0,4.9494902127583374e-05,-9.913591384887695,0.0005480381574290922
1312,3,0,0.02465568016007512,-3.677783250808716,0.036580845940407385
3993,3,0,0.00010440639565455121,-9.167115211486816,0.0009098356079016837
4956,3,0,0.0018747359062831392,-6.277410984039307,0.006447549059916006
1665,3,0,0.08255248028319988,-2.408161163330078,0.08255183565441929
2119,3,0,0.0005982090647624924,-7.420971870422363,0.0029744602217250077
1370,3,0,0.0015704384798645716,-6.45482873916626,0.005719407945911517
565,3,0,0.001950017312899134,-6.237965106964111,0.00662156041894842
3391,3,0,0.001825998623438376,-6.303800582885742,0.00633367826983836
5379,3,0,0.0007534328968082031,-7.190116882324219,0.003477936182605929
2279,3,0,0.08014836659104732,-2.4403328895568848,0.0809110473660405
2098,3,0,0.00021774820142375683,-8.431953430175781,0.00149857010947101
5,3,0,0.016608505574661377,-4.081092357635498,0.028057528097746
3653,3,0,0.002520156904036527,-5.980910778045654,0.00787547732579369
5006,3,0,0.00029411021526112375,-8.131261825561523,0.0018376948676824452
4547,3,0,0.0005666628687100919,-7.475179195404053,0.0028671904772703148
3748,3,0,0.002496726625629285,-5.990274906158447,0.007825911342002216
1445,3,0,0.0001404404720288539,-8.870586395263672,0.001112730552730965
5489,3,1,0.9912644112253245,4.731575965881348,0.920104292717124
4684,3,0,0.0015568792476878136,-6.4635138511657715,0.005685942101150265
997,3,0,0.005033674652615785,-5.286558628082275,0.01256450307630154
446,3,0,0.000806288377104897,-7.122262477874756,0.003641466961665807
2105,3,0,0.00020770438031656266,-8.47918701171875,0.0014513008858495434
2610,3,0,0.0053166818749495375,-5.231575012207031,0.013036621942559128
4191,3,0,0.0002792740302469854,-8.183037757873535,0.0017742721532790257
5672,3,1,0.8345974547447108,1.6185673475265503,0.5813371319800504
4040,3,0,0.0005535819204269454,-7.498547077178955,0.002822146421918513
4640,3,0,0.0008372371223509354,-7.08456563949585,0.0037356045962440763
2037,3,0,4.285943683763698e-05,-10.057541847229004,0.0004969909951054076
4144,3,0,0.0017889522320264416,-6.324334621429443,0.006246458453547005
1586,3,0,0.0012764375224475516,-6.662405014038086,0.0049706763744614925
237,3,0,0.03606058949736589,-3.285827875137329,0.04721833053949967
3159,3,0,0.001232079271924449,-6.697819232940674,0.004853051919898719
5075,3,0,0.04159113178713456,-3.13738751411438,0.05196956576533021
5626,3,1,0.9949866696754706,5.290628910064697,0.9439420717574377
2303,3,0,0.0022421958587429645,-6.098054885864258,0.0072772225275126575
5069,3,0,2.7521987140682695e-05,-10.500497817993164,0.000367852683548734
5486,3,1,0.9646473775247569,3.3063900470733643,0.8138547482860854
4719,3,0,0.00022921345472241722,-8.380627632141113,0.0015516789782589956
4608,3,0,0.00021637955756905998,-8.438260078430176,0.0014921708525388014
1396,3,0,0.00018873536286393743,-8.574975967407227,0.0013599619294586917
3149,3,0,0.0044455719699123325,-5.411391258239746,0.01155439449318978
5345,3,0,0.002605615496287724,-5.947477340698242,0.008055000785412759
3266,3,0,0.013690301822048018,-4.27728271484375,0.02464171190942978
3927,3,0,0.0004536659149469562,-7.697695732116699,0.0024658092037833507
2996,3,0,0.8498056616316224,1.7330776453018188,0.6001481318036194
2161,3,0,0.001387609164148085,-6.578784465789795,0.005259790219190186
5278,3,0,0.07215142789897327,-2.5541014671325684,0.0753448008305137
5274,3,0,0.0014268020080790516,-6.550891876220703,0.0053599004456317085
518,3,0,0.00018720118978164942,-8.583139419555664,0.0013524484437499216
1594,3,0,0.004272540975048009,-5.45126485824585,0.011248985666923828
1501,3,0,0.011122427138833034,-4.487607002258301,0.021430139667692735
4054,3,0,0.0005033422923700149,-7.59373664855957,0.0026458351883266056
4524,3,0,0.0016870052159948358,-6.383111953735352,0.006003340693600423
2923,3,0,0.0034948623667663153,-5.652960300445557,0.009822288569541718
2184,3,0,0.008177894387341301,-4.79810905456543,0.01742448138297742
5403,3,0,0.00043803179401887584,-7.732780933380127,0.002407852714179343
2234,3,0,0.03388064866305648,-3.3504433631896973,0.045281663059296484
4153,3,0,0.002022065769893286,-6.201611518859863,0.006786057712219136
953,3,0,0.00023301940702638756,-8.364155769348145,0.0015691182469928595
2335,3,0,0.9884933805052997,4.453259468078613,0.9050491621923513
1571,3,0,0.016238932002344924,-4.103971481323242,0.027636628718549362
36,3,0,9.413862333608819e-05,-9.270648002624512,0.0008480742660530686
3456,3,0,0.0001566203864098612,-8.761528968811035,0.0011982273523088562
3272,3,0,0.00635893818316365,-5.051514625549316,0.014708568579749589
1088,3,0,0.0014788404653267853,-6.515017032623291,0.005491450988712082
3114,3,0,0.03383472040823086,-3.3518474102020264,0.045240432086828854
3351,3,0,0.0010074922742437855,-6.899282932281494,0.004234734737336121
3785,3,0,9.063569342906565e-05,-9.308571815490723,0.0008265149371179981
4748,3,0,0.010346279961394565,-4.560728073120117,0.020412490749242677
1981,3,0,0.0010254268028682318,-6.881620407104492,0.0042856508788028744
623,3,0,0.24984930877754002,-1.0994161367416382,0.1796399355680832
1789,3,0,0.0013081246973480182,-6.637851715087891,0.005053888360813716
1247,3,0,0.0010651534237562767,-6.843570709228516,0.0043974179009220035
1147,3,0,0.022764289243905653,-3.7595348358154297,0.03467253395477981
5728,3,1,0.0015806908662941732,-6.4483113288879395,0.005744649662770258
1920,3,0,0.004915105057085436,-5.3105149269104,0.01236411851077457
4569,3,0,0.008069850650757725,-4.811517715454102,0.01726915851370796
1222,3,0,7.66631161668546e-05,-9.47601318359375,0.0007376866538092497
594,3,0,0.11970058614357483,-1.9952685832977295,0.10644483310107192
2311,3,0,0.019314389478870077,-3.927401542663574,0.031050537717937365
2211,3,0,0.0020292539620421187,-6.198055744171143,0.006802363620386227
1487,3,0,0.0015151059544230327,-6.490753650665283,0.005582238353299418
1724,3,0,0.00013259777274375148,-8.928057670593262,0.0010701554866219072
3910,3,0,8.689366546953956e-05,-9.350738525390625,0.0008031859086716787
4166,3,0,0.0007330815645009934,-7.217520236968994,0.003413986954500329
5232,3,0,0.016457011070637573,-4.090409755706787,0.02788537293920073
5476,3,1,0.979740492428579,3.8786635398864746,0.8657803014490039
1893,3,0,0.005289308408339104,-5.236764430999756,0.012991324684158574
4263,3,0,0.0032098774626000276,-5.738307476043701,0.009273942607094725
834,3,0,0.00017062091624757506,-8.675895690917969,0.001269934177691864
5515,3,1,0.4765171109407002,-0.09400071203708649,0.30247472427223815
5782,3,1,0.7456359187709829,1.0754708051681519,0.4897999176799572
3390,3,0,0.0017282630166982255,-6.358908653259277,0.00610229130268392
1748,3,0,0.007940946141978935,-4.827750205993652,0.017082944331756268
1766,3,0,0.013235146502636042,-4.311555862426758,0.02408808083360967
1945,3,0,0.002066572221894984,-6.179795265197754,0.006886716697500088
2966,3,0,0.0012014889761953046,-6.722991466522217,0.004771133212302183
3867,3,0,0.0027684381739980783,-5.886699676513672,0.008391808486045238
1419,3,0,0.00047453369467050554,-7.652703285217285,0.002542172140517749
1078,3,0,0.0030132443135708654,-5.801720142364502,0.008886263263105473
5745,3,1,0.9979964722209939,6.210840225219727,0.9692020530319854
171,3,0,0.0009701234589885628,-6.937116622924805,0.004127688778329215
5574,3,1,0.9768724582680441,3.7433319091796875,0.8547293335348519
4490,3,0,0.2232197854610445,-1.2470005750656128,0.16533144749870513
5134,3,0,0.0008674121485296786,-7.049128532409668,0.003826308662938459
2030,3,0,0.01228283436241495,-4.38719367980957,0.022908859853781178
3900,3,0,0.01590110798375094,-4.125337600708008,0.027249107074728596
641,3,0,0.0007441264461704629,-7.202555179595947,0.0034487632084517516
2043,3,0,0.0004600891951891405,-7.683629989624023,0.0024894329970069897
1580,3,0,4.840658453753639e-05,-9.935826301574707,0.0005398239149211857
5636,3,1,0.5641048848013228,0.25783854722976685,0.3551580274708969
4306,3,0,0.025926782265651892,-3.6262099742889404,0.03783627698050702
1803,3,0,0.00020015502623810708,-8.516218185424805,0.0014152853837451542
3634,3,0,0.004166155226459577,-5.476586818695068,0.01105919170429184
1137,3,0,0.0009690758860688881,-6.938198089599609,0.00412466883915198
2646,3,0,0.008775358554512842,-4.726993560791016,0.018271483936652767
2034,3,0,0.0005883291874753452,-7.43763542175293,0.0029410659009236908
1238,3,0,0.00033914963020863177,-7.988729953765869,0.0020242214600508413
5800,3,1,0.99293497733668,4.94550895690918,0.9301598143997863
5506,3,1,0.25064604761918235,-1.0951696634292603,0.18006560248359255
4317,3,0,0.027688120901171457,-3.558673143386841,0.0395430036910708
2086,3,0,0.006866729798295842,-4.97417688369751,0.015489975360233593
1902,3,0,0.31802126918233325,-0.7628802061080933,0.2158375918742366
2750,3,0,0.034229291052143035,-3.3398447036743164,0.04559405807842982
3207,3,0,0.00011920429339627969,-9.034552574157715,0.0009955182458735658
5284,3,0,5.890948690620469e-05,-9.739449501037598,0.0006168446835099609
1181,3,0,0.006620157449479064,-5.010993957519531,0.015113013442375794
5223,3,0,0.0024886393749978465,-5.993527412414551,0.007808767770970482
2725,3,0,9.414481761021473e-05,-9.27058219909668,0.0008481121588794659
562,3,0,0.0016390192529783362,-6.412016868591309,0.005887256087445026
3572,3,0,0.0014474149638550463,-6.536527633666992,0.005412192619868716
2035,3,0,0.009468072829223666,-4.6503167152404785,0.019230005722354875
651,3,0,0.12226838280666832,-1.97112238407135,0.10801567088727701
5105,3,0,0.08582928307743791,-2.365657091140747,0.08476599768595125
5017,3,0,0.0031942954147531873,-5.743189334869385,0.009243510707586269
2464,3,0,0.02240231885693091,-3.7759337425231934,0.03430146289301122
88,3,0,0.001617082532893582,-6.42551326751709,0.00583382027189623
721,3,0,0.008390056273514246,-4.772282600402832,0.017727525613132337
5231,3,0,0.00994967946059984,-4.600215435028076,0.01988276523721731
4140,3,0,4.1229811417193264e-05,-10.096307754516602,0.0004840754445614192
5337,3,0,0.04217301266560217,-3.1228866577148438,0.05245722434859585
2472,3,0,9.839386015334465e-05,-9.226433753967285,0.00087392006793632
731,3,0,0.00017131979126818877,-8.671807289123535,0.0012734629004223373
5620,3,1,0.9997569804059693,8.322125434875488,0.9924885448460629
3997,3,0,0.0031635000061248125,-5.752907752990723,0.009183223485520819
2032,3,0,0.012599012044042361,-4.361457824707031,0.023303623950059287
3441,3,0,0.000533239531448357,-7.536006450653076,0.0027514072152492472
5705,3,1,0.999978143272223,10.730979919433594,0.9985296243482613
5285,3,0,0.00015733601758032196,-8.756969451904297,0.0012019413486149897
838,3,0,0.00028081459487898895,-8.177535057067871,0.001780907551442827
2484,3,0,0.00021932700003680653,-8.424727439880371,0.001505935900434764
5583,3,1,0.00017135769388783697,-8.671586036682129,0.001273654143726705
3260,3,0,0.00016159417533723368,-8.730260848999023,0.0012239291871520503
4848,3,0,0.00386786215158087,-5.551177978515625,0.010518324593789891
67,3,0,0.015333998451417667,-4.162230014801025,0.02659238123587498
3754,3,0,0.00020754739299735003,-8.47994327545166,0.0014505562885993
4456,3,0,0.0006249969382844016,-7.377138614654541,0.0030641196986356213
3115,3,0,0.05812739162940626,-2.7852330207824707,0.06510605612569433
3847,3,0,0.008544936631129875,-4.7538347244262695,0.017947153352938956
774,3,0,0.00015027538241673972,-8.80289077758789,0.0011650550294745878
4737,3,0,0.041325274929204944,-3.1440775394439697,0.05174602981141263
1669,3,0,0.024819981291584477,-3.670973062515259,0.0367442987942639
3853,3,0,0.00025266542424007813,-8.283191680908203,0.0016577241436324334
2924,3,0,0.001995262287027889,-6.214982509613037,0.006725088342656308
3045,3,0,0.006211079807556749,-5.07519006729126,0.014477213588845716
492,3,0,0.0015118568067694828,-6.492903709411621,0.0055741334732558965
4590,3,0,0.0017757168946515574,-6.33177375793457,0.006215155583100018
1402,3,0,0.00021245198587492472,-8.456582069396973,0.0014737341808473451
345,3,0,3.774089271185493e-05,-10.184728622436523,0.0004558578547207109
2182,3,0,0.0007127060797447633,-7.245728492736816,0.003349383192751783
192,3,0,0.0006063203974545764,-7.407495498657227,0.0030017436183424444
5129,3,0,0.0013834375449872985,-6.581799507141113,0.0052490808493566915
1444,3,0,8.547127568335563e-05,-9.367244720458984,0.0007942339675177638
2422,3,0,0.00027147718766853463,-8.211360931396484,0.0017405072529930322
2643,3,0,0.21215943163283196,-1.3119577169418335,0.15932952110367088
3499,3,0,0.1456886838254876,-1.7688236236572266,0.12199239505395991
3767,3,0,0.3353553224833623,-0.6840619444847107,0.22504099008312017
912,3,0,0.0034403869364049095,-5.66872501373291,0.009718639401230975
2002,3,0,0.045609766118460994,-3.0409507751464844,0.055294852676203314
4285,3,0,0.0004594206374980628,-7.685084819793701,0.002486979139378868
5214,3,0,0.0012380871981982268,-6.692948818206787,0.004869062708787245
4362,3,0,1.8495061367445456e-05,-10.897988319396973,0.00028080147483203357
1275,3,0,0.011393143950470693,-4.463284969329834,0.02177951190950397
2612,3,0,0.0004758402519768544,-7.649952411651611,0.002546916818857824
1566,3,0,0.0020280327688206442,-6.1986589431762695,0.006799594760030616
3940,3,0,0.12704568753459103,-1.9273364543914795,0.11091617917351726
1193,3,0,0.005163913154982551,-5.260883331298828,0.012782826594366845
3660,3,0,0.020138435020940232,-3.8847811222076416,0.03193388017628076
2254,3,0,0.0161811852990161,-4.107592582702637,0.027570577275565562
134,3,0,0.5788661522489336,0.3181205689907074,0.3645947014169304
5366,3,0,0.0002151462506834732,-8.443977355957031,0.0014863932039454039
3594,3,0,0.38429697471294766,-0.4713491201400757,0.2512465905006691
1231,3,0,0.0006066429410946368,-7.406963348388672,0.0030028260813225456
5210,3,0,0.002463322225425747,-6.003777980804443,0.007754981636164131
5097,3,0,0.0014252993275701829,-6.551947116851807,0.005356078778420589
3516,3,0,0.37462873892455845,-0.5124099850654602,0.2460338304381194
668,3,0,0.00034206215670691873,-7.980175971984863,0.0020359985183712056
1940,3,0,0.0006679567998559021,-7.310618877410889,0.0032053564456446426
10,3,0,0.0001363316341104651,-8.900283813476562,0.0010905234148793819
928,3,0,0.009174003605420976,-4.682165145874023,0.018826030335799222
5544,3,1,0.9967624583106464,5.729698181152344,0.9577934406275086
2670,3,0,0.8956246199372722,2.1495275497436523,0.6657640741205054
5372,3,0,0.00479283976834809,-5.335827827453613,0.012155815158996669
5452,3,1,0.10685988578553633,-2.123224973678589,0.09845270260452885
1912,3,0,0.3768226431145714,-0.503056526184082,0.2472148356679232
2224,3,0,0.07391147865954655,-2.528101682662964,0.07658501020757381
1535,3,0,0.001827039248872517,-6.303229808807373,0.00633611988204374
4963,3,0,0.00019379972132323913,-8.548491477966309,0.0013846259228997683
2898,3,0,0.00014006160085635558,-8.87328815460205,0.0011106916893533956
4386,3,0,0.005991448988165172,-5.111412525177002,0.014130172466259335
1777,3,0,0.004815043944702178,-5.331183433532715,0.012193773143564459
2935,3,0,0.0008226688905213744,-7.102133750915527,0.0036914350767398543
346,3,0,8.203056195817438e-05,-9.408336639404297,0.0007723788898366662
3218,3,0,0.00016990739385516014,-8.680087089538574,0.0012663266952822883
5627,3,1,0.1140181574452895,-2.0503387451171875,0.10293735254782554
211,3,0,5.91243058131092e-05,-9.735809326171875,0.0006183715442409978
2503,3,0,0.000712761776734714,-7.245650291442871,0.0033495605977665933
1873,3,0,0.5863139100063209,0.3487478792667389,0.36942988209478717
1421,3,0,0.00021403157050235307,-8.449172973632812,0.0014811620993854559
384,3,0,0.00044052478208574775,-7.727103233337402,0.0024171385748315223
2744,3,0,0.001442258048813483,-6.540102005004883,0.005399133102986692
4418,3,0,0.0005288893284523342,-7.5442023277282715,0.0027361672415587932
3287,3,0,0.0003568957742012098,-7.937709808349609,0.0020954857598224287
2259,3,0,1.2357439039412986e-05,-11.301239967346191,0.0002135088850582121
4675,3,0,0.0348289307200783,-3.32185697555542,0.04612894752744706
1140,3,0,0.0016873939464343906,-6.382881164550781,0.006004276658861827
3234,3,0,0.0026577825411847476,-5.9276018142700195,0.008163641652646913
3881,3,0,0.0065904553158493825,-5.0155205726623535,0.01506729450699163
2962,3,0,0.0002805868486323044,-8.178346633911133,0.001779927361417257
5334,3,0,0.0034341996365268657,-5.670531272888184,0.009706833055126988
5095,3,0,0.0030348198777752308,-5.7945637702941895,0.008929197717664553
499,3,0,0.006806061521816657,-4.983112335205078,0.015397645344567015
1976,3,0,0.07122762767642497,-2.5679829120635986,0.07469022343167298
3787,3,0,0.001953633466242707,-6.236108779907227,0.006629863372618093
5092,3,0,0.0005770515787328244,-7.457001686096191,0.002902724658475212
1115,3,0,0.01571015185399163,-4.137613296508789,0.027028854573511084
4087,3,0,4.3777181656388924e-05,-10.036354064941406,0.0005041950674287022
4129,3,0,0.015605549086759887,-4.144400119781494,0.02690782827428815
189,3,0,0.060808127301263226,-2.7372963428497314,0.06711719547038714
647,3,0,0.0009139407422374472,-6.996830463409424,0.003964192577970431
2872,3,0,0.00226698128153395,-6.087036609649658,0.007331515447393916
4709,3,0,0.009937314722042805,-4.601471424102783,0.019866138944397236
3924,3,0,0.0024641284935988453,-6.0034499168396,0.0077566973253155895
5822,3,1,0.9982774787670153,6.362242221832275,0.9721293031685354
713,3,0,0.005359545413448062,-5.223502159118652,0.013107398030348058
310,3,0,0.0005545142607810195,-7.49686336517334,0.0028253682307619087
2824,3,0,0.000968663264483971,-6.938624382019043,0.004123479044539689
2190,3,0,0.0024093518731093397,-6.025985240936279,0.007639714654260043
1393,3,0,0.2106375806777068,-1.3210865259170532,0.15850033765921073
5795,3,1,0.9106098893788396,2.3211045265197754,0.6911895464192905
2150,3,0,0.26769784570538824,-1.0063343048095703,0.18915142269716015
3210,3,0,0.004361856109613017,-5.43048620223999,0.011407128983008942
1146,3,0,2.7355565922343043e-05,-10.506563186645508,0.00036634013271280564
570,3,0,0.0005917636329369736,-7.431811332702637,0.0029526948632319755
5331,3,0,0.000260994658403983,-8.250749588012695,0.001694614547286107
5086,3,0,0.2046011178616711,-1.3577814102172852,0.15520259070601516
46,3,0,0.00025437191121023425,-8.276458740234375,0.00166531376059987
749,3,0,0.00306716613263681,-5.783929347991943,0.008993378623008719
5569,3,1,0.8697396745752531,1.8986589908599854,0.6268217663755242
4980,3,0,0.0006805313207397195,-7.291955947875977,0.003246135177794212
2003,3,0,0.0009529250689165555,-6.955020904541016,0.00407797434341878
765,3,0,0.000988152891199938,-6.918684482574463,0.004179499458145111
5080,3,0,0.004191180107327973,-5.4705729484558105,0.011103978349207278
438,3,0,0.0005333007809775447,-7.535891532897949,0.0027516215018502806
4329,3,0,0.00022231627830536965,-8.411187171936035,0.0015198356033953354
4813,3,0,0.0025898028091413733,-5.953580379486084,0.008021929870416033
5362,3,0,0.0003159347070973824,-8.059659004211426,0.0019291496934400784
3425,3,0,0.0008311839739245443,-7.091827869415283,0.003717282507315465
78,3,0,0.00045644315936566434,-7.691589832305908,0.002476036634136477
525,3,0,0.00030849008827768163,-8.083512306213379,0.0018981892761965066
779,3,0,0.0306114393732774,-3.455291748046875,0.04229925934370265
2899,3,0,0.0005660585427917057,-7.4762468338012695,0.0028651169496929367
1849,3,0,0.0005449054147780109,-7.514353275299072,0.0027920790808781495
3658,3,0,0.3413976239921419,-0.657072126865387,0.22825580915575344
4255,3,0,0.0007310873074687805,-7.220246315002441,0.0034076897445766323
4897,3,0,0.00048190850289718756,-7.637274265289307,0.0025688983708468294
4778,3,0,0.00016011500624049253,-8.739458084106445,0.0012163125855473795
202,3,0,0.010136682289026616,-4.581406116485596,0.020133392375255365
2240,3,0,0.004977905519667878,-5.297755718231201,0.012470448042986892
5618,3,1,0.9976190554619347,6.037874221801758,0.9654932106082866
4922,3,0,0.0004891733009857418,-7.622304439544678,0.0025950970137069112
2029,3,0,0.0001583613047999474,-8.750473022460938,0.0012072529454325992
4013,3,0,0.0018604411292429503,-6.285079479217529,0.006414251550377341
2302,3,0,0.00020823183834292334,-8.47665023803711,0.0014538013144406664
188,3,0,0.0018287566612243224,-6.30228853225708,0.006340148443466473
5408,3,0,0.015574813158023006,-4.146402835845947,0.02687221555672352
5669,3,1,0.9982981867238737,6.3743577003479,0.972351510199659
348,3,0,3.368055099759058e-05,-10.298556327819824,0.0004219392485950639
4559,3,0,0.0007732113892010333,-7.1641845703125,0.003539551399278715
5184,3,0,0.0008578789997790815,-7.060189247131348,0.003797764832552604
5020,3,0,0.003766755569119004,-5.577767372131348,0.010331918763972723
2623,3,0,0.002697776909140363,-5.912625789642334,0.00824646042364614
4583,3,0,0.027625454670423003,-3.5610034465789795,0.03948290346994564
4818,3,0,0.021479644479621474,-3.8189358711242676,0.0333465232618758
5558,3,1,0.9782421942234037,3.8057847023010254,0.8599201696116875
4064,3,0,0.0010846778293517043,-6.825387001037598,0.00445185077190298
5726,3,1,0.8964112821707403,2.157970905303955,0.6670396526899562
5015,3,0,0.0296764754964133,-3.4872748851776123,0.041427492348379495
2334,3,0,0.001263265721619214,-6.672791004180908,0.004935889496722468
3503,3,0,0.013127366866914358,-4.3198418617248535,0.023956064698838538
2983,3,0,0.0011635986128274655,-6.755073547363281,0.0046687193353132355
3599,3,0,0.00013256161631324873,-8.928330421447754,0.001069957361045725
5256,3,0,0.0070029397500801375,-4.954397678375244,0.015696296349342425
4287,3,0,0.0004280253979298901,-7.755899906158447,0.002370407753833701
516,3,0,0.017881702887330247,-4.00593376159668,0.02948445377301233
4311,3,0,0.2223723479759371,-1.2518945932388306,0.1648730056134819
230,3,0,0.0029122890524839362,-5.835899353027344,0.008684011603691123
3659,3,0,0.001177925086423374,-6.742822170257568,0.004707567922944441
5788,3,1,0.7052233048279023,0.8722963929176331,0.4553996708050654
1900,3,0,0.00018187222170328192,-8.612024307250977,0.0013261946352985635
2863,3,0,0.00011045096880217416,-9.110828399658203,0.0009452780860024066
5624,3,1,0.8257477043149496,1.555785059928894,0.5709186131398288
2628,3,0,3.558342183551633e-05,-10.243595123291016,0.00043798959037828517
2839,3,0,0.05767099677125097,-2.793600082397461,0.064760820463931
815,3,0,0.05978647925896919,-2.7553274631500244,0.0663540393693374
1482,3,0,0.00034817264704425915,-7.962463855743408,0.002060602258196739
3759,3,0,0.0028057657281952554,-5.873269081115723,0.008468099545342537
1259,3,0,0.38160058663696506,-0.48276007175445557,0.24979061366649652
2163,3,0,0.0006439384042535471,-7.347263336181641,0.0031267675785973193
729,3,0,0.006807799097933952,-4.982855319976807,0.01540029350023957
2784,3,0,0.0008303096476877633,-7.092881202697754,0.0037146324674118764
1625,3,0,9.550927983638437e-06,-11.558862686157227,0.0001792247610167254
2274,3,0,0.000770246219868253,-7.16802978515625,0.0035303469390836366
2867,3,0,6.211715980651938e-05,-9.686426162719727,0.0006394622435994864
2998,3,0,0.0014042738505296052,-6.566829681396484,0.005302467745859577
4915,3,0,7.53167674990733e-05,-9.493732452392578,0.000728863544951707
2253,3,0,0.002865125346779079,-5.852273941040039,0.008588740051244059
3937,3,0,0.00018844495415122929,-8.576516151428223,0.0013585411901036284
3377,3,0,9.517349871062484e-06,-11.562384605407715,0.0001787963971322343
2266,3,0,0.0001679466602045254,-8.691696166992188,0.0012563882553413873
3201,3,0,0.0039797231810283825,-5.522555351257324,0.010722704125498786
1511,3,0,0.0006968815266472971,-7.268198013305664,0.0032987955065466924
2455,3,0,0.0028100542492852714,-5.871737480163574,0.008476843203898429
4722,3,0,0.45953745753364245,-0.16220487654209137,0.2927861992676114
2982,3,0,0.003531446797483944,-5.642509937286377,0.009891599633336997
412,3,0,0.00021345014202477536,-8.45189380645752,0.0014784300208926888
5601,3,1,0.9674043841191502,3.3904387950897217,0.8223530175874608
5076,3,0,0.0015160223635895481,-6.490148067474365,0.00558452327932159
655,3,0,0.0019904616056338692,-6.217396259307861,0.006714140184737616
3410,3,0,0.06135800056107522,-2.727708578109741,0.06752630168163158
3990,3,0,0.031518536998099235,-3.4251534938812256,0.043136766284993515
4606,3,0,0.0014820561616134512,-6.512841701507568,0.005499530242216463
977,3,0,0.00035431641421620905,-7.944965839385986,0.0020851999209269465
1023,3,0,0.0014546763970796983,-6.531516075134277,0.005430556042296481
4346,3,0,0.03872210079237577,-3.21185302734375,0.04953213567201141
2237,3,0,0.0015550073040133973,-6.464718818664551,0.005681314474853315
4714,3,0,0.000362565351902374,-7.921943187713623,0.0021180107146310137
382,3,0,3.589452147399633e-05,-10.23488998413086,0.00044058715315407654
2885,3,0,0.0002398608382416533,-8.335211753845215,0.0016002375454874714
4369,3,0,0.006649601976494355,-5.006526470184326,0.0151582691096085
831,3,0,0.018946090099877452,-3.9470298290252686,0.030651723333278525
3444,3,0,0.00012780560313303032,-8.964872360229492,0.0010437419878579655
2505,3,0,0.015911908631990355,-4.124647617340088,0.0272615385171174
536,3,0,0.0032806682504794163,-5.716422080993652,0.009411593266852094
4941,3,0,0.006758602443371733,-4.990157604217529,0.015325228734922201
496,3,0,0.006981409531335573,-4.957498550415039,0.015663772666752365
1215,3,0,0.0018584976356640496,-6.286126613616943,0.0064097180469217165
5004,3,0,0.005183952969711329,-5.2569899559021,0.012816258300690274
1325,3,0,1.1007154937605472e-05,-11.416954040527344,0.00019736583764863927
1534,3,0,0.09478393938632357,-2.2565736770629883,0.09069686579116447
2740,3,0,0.0019859654117669674,-6.219662189483643,0.006703878609133003
1321,3,0,0.005789979831427106,-5.145819664001465,0.013808122900324554
5032,3,0,9.330141077447159e-05,-9.279582023620605,0.0008429453022512832
2697,3,0,0.00010232492834399966,-9.187254905700684,0.0008974792630368096
4047,3,0,0.0013368597751685855,-6.61609411239624,0.0051287830305708675
5430,3,0,9.07656894916592e-05,-9.307138442993164,0.0008273197493590826
750,3,0,0.03867793843021681,-3.2130401134490967,0.04949417082869433
2457,3,0,0.6960844717563444,0.8287212252616882,0.44806572834072395
2580,3,0,0.023805695912962575,-3.7137367725372314,0.03572944902023789
4371,3,0,0.0074521456933064716,-4.891773223876953,0.01636754084906414
3204,3,0,0.0019018032961405976,-6.263049125671387,0.006510372598566091
3534,3,0,0.00249583848865779,-5.990631580352783,0.007824029533618902
2239,3,0,0.0029539060423214567,-5.82166862487793,0.008767659950414723
1463,3,0,0.00013527328720390282,-8.90807819366455,0.001084768641183504
4062,3,0,0.0319098566200844,-3.412410259246826,0.043495629353297524
3545,3,0,0.00457110357887791,-5.383419036865234,0.011773522375625222
4004,3,0,0.00022977448912685761,-8.378182411193848,0.0015542555251472172
355,3,0,0.00047539368457397743,-7.6508917808532715,0.0025452956122561706
1874,3,0,0.0023136353767432825,-6.066618919372559,0.00743318929864458
1471,3,0,0.00043320572129719925,-7.7438645362854,0.002389827936391122
871,3,0,0.0017803140828284356,-6.329183578491211,0.006226036975302319
1038,3,0,0.055498252588677716,-2.834306001663208,0.06310543029414147
3480,3,0,0.001171795133882452,-6.748045921325684,0.004690964443566568
2204,3,0,0.005078369519822432,-5.277673721313477,0.012639633937663422
5442,3,1,0.2806144128932168,-0.9414159655570984,0.1960106468986173
2989,3,0,0.00016244912572814933,-8.724983215332031,0.0012283213000927387
2875,3,0,0.0029153964593576238,-5.834829807281494,0.008690270815967188
1016,3,0,0.00040360158108949327,-7.81467866897583,0.002277801362899976
4110,3,0,0.0010040274169164968,-6.902731418609619,0.00422486421965399
4271,3,0,0.004661995171733431,-5.363638877868652,0.011930949062354689
1083,3,0,0.0004523238383853664,-7.70065975189209,0.0024608596515798085
3299,3,0,0.006862984706903256,-4.97472620010376,0.015484283586773203
732,3,0,0.0028955828284626672,-5.841669082641602,0.008650322899957213
5117,3,0,0.0007554038330648,-7.187502384185791,0.0034840994748498123
405,3,0,0.0018305462568670835,-6.301308631896973,0.006344345014456087
2775,3,0,0.0022101757347907005,-6.112470626831055,0.007206790758458074
5794,3,1,0.002120587541871773,-6.153939247131348,0.007007936455776493
5779,3,1,0.4267708545774864,-0.2950383126735687,0.27445023993146345
5562,3,1,0.9998829567249953,9.052849769592285,0.9954149692856605
2707,3,0,6.325181275185644e-05,-9.668323516845703,0.0006473723534269554
4874,3,0,0.0003150696316147726,-8.06240177154541,0.0019255642253193951
4961,3,0,0.09457704226163481,-2.2589874267578125,0.09056167897623464
3858,3,0,0.0025448544858790996,-5.971133708953857,0.007927561433955612
1679,3,0,0.00982907166376865,-4.612533092498779,0.019720295966883912
1958,3,0,0.013151121788555186,-4.318009853363037,0.02398519214579926
255,3,0,8.760936738447356e-05,-9.342535018920898,0.0008076724175642488
2228,3,0,0.0013487308069853243,-6.607241630554199,0.005159570393703972
3011,3,0,0.001976966717117537,-6.224212646484375,0.006683318269773817
2277,3,0,0.01000885887258205,-4.5942254066467285,0.019962246619337
704,3,0,0.0004561884796951592,-7.692148208618164,0.0024750995941662194
5346,3,0,2.835528434784132e-05,-10.47066879272461,0.0003753826291748469
4674,3,0,0.0008979517651243512,-7.014495849609375,0.003917072946646404
1189,3,0,0.002275418071233915,-6.083313465118408,0.007349952099369579
2151,3,0,0.00012048695985632939,-9.023848533630371,0.0010027788787109846
859,3,0,0.02742535647107107,-3.56847882270813,0.03929069868532156
2050,3,0,6.034206712596667e-05,-9.715420722961426,0.0006269935725095115
5751,3,1,0.5786292154778248,0.31714871525764465,0.3644417139146818
2684,3,0,0.001049488588658473,-6.858402252197266,0.004353510760030433
7,3,0,9.464493127838245e-05,-9.265283584594727,0.0008511689139620053
939,3,0,0.00012986813107327235,-8.948861122131348,0.001055148612694519
1925,4,0,0.009404501264056273,-4.65711784362793,0.01898069142936924
4474,4,0,0.003993755499088357,-5.519021511077881,0.010468487698258843
3125,4,0,0.9177947621459598,2.412754774093628,0.7323719116201521
3262,4,0,0.1394482000620989,-1.8198806047439575,0.12369229798647145
4945,4,0,0.004277930294461432,-5.44999885559082,0.010981322018360964
4349,4,0,0.0012312580571265546,-6.698486804962158,0.004609665008469205
4589,4,0,0.003172019368209495,-5.750209808349609,0.00891742799956646
1627,4,0,0.021152231448964772,-3.8346307277679443,0.03327570368041008
5221,4,0,0.000768579279845999,-7.1701979637146,0.003316992221768442
219,4,0,0.007695949414738283,-4.859335422515869,0.016515434405786383
2995,4,0,0.023385674997593878,-3.7319681644439697,0.03566808583145636
1629,4,0,0.0058536916245279826,-5.134811878204346,0.013656958712345754
5692,4,1,0.5181030497638394,0.07244386523962021,0.34694303840268237
935,4,0,0.0011280891817449755,-6.786101341247559,0.004336479640988721
783,4,0,0.0024203093067505046,-6.02143669128418,0.007385950876381065
5192,4,0,0.1777605787037782,-1.5315940380096436,0.14729209309606991
2911,4,0,0.00101654422143713,-6.890329360961914,0.004032413687254413
5578,4,1,0.995149780167078,5.323869228363037,0.9545958562146666
4389,4,0,0.004026115209053014,-5.510919094085693,0.010527438807179374
4268,4,0,0.002852536892011639,-5.856689929962158,0.00828186460038718
2089,4,0,0.05638691249367429,-2.817479133605957,0.06557999041393324
2611,4,0,0.17820191762533494,-1.528577446937561,0.14755766158905317
3876,4,0,0.004700283603309581,-5.35542106628418,0.011724585235675388
508,4,0,0.0009884118224109473,-6.918422222137451,0.003954155205416613
3500,4,0,0.011748281429971271,-4.432230472564697,0.022147051074431847
1755,4,0,0.01688981970891243,-4.064010143280029,0.028477583478754332
2813,4,0,0.00365279734545414,-5.608602523803711,0.009838097520588285
287,4,0,0.018053779501795403,-3.9961814880371094,0.029821838792196975
3248,4,0,0.20838592477289833,-1.3346822261810303,0.16546996949353707
117,4,0,0.002252749533557538,-6.093348503112793,0.007025695882525842
2452,4,0,0.0031197237133986535,-5.766886234283447,0.008814787141957332
4041,4,0,0.3946629147267707,-0.4277534484863281,0.2723265433884026
1956,4,0,0.03770357868332159,-3.239567518234253,0.04962823337752232
3170,4,0,0.04915247934910998,-2.9624264240264893,0.05962639123876941
5146,4,0,0.002834724477471484,-5.862971782684326,0.00824580494103021
3568,4,0,0.005056806561434298,-5.2819504737854,0.012336089263351543
4862,4,0,0.010051220394543234,-4.589959144592285,0.019876687799931368
3829,4,0,0.000922302756541413,-6.9877142906188965,0.0037675350939812627
2339,4,0,0.005527054767008337,-5.1925578117370605,0.013122711645200855
2252,4,0,0.005180425374128797,-5.257674217224121,0.012544985595614492
728,4,0,0.0027829938954476966,-5.881441116333008,0.0081406850027537
3553,4,0,0.06932398401212843,-2.5971202850341797,0.0756962393335764
3274,4,0,0.13264687789031018,-1.8777556419372559,0.11936502837222787
4538,4,0,0.007607773707016635,-4.87094783782959,0.01638384224598739
872,4,0,0.011593099181161921,-4.445684432983398,0.021943889324191432
368,4,0,0.0726115603786921,-2.547248363494873,0.07817675583199069
4411,4,0,0.011750634549096615,-4.432027816772461,0.022150125292798188
4693,4,0,0.03918108414851625,-3.199591875076294,0.050965620773622385
3413,4,0,0.0034793993129842186,-5.657410144805908,0.009510603640629561
2700,4,0,0.00340417152833647,-5.6793437004089355,0.00936697037989027
5399,4,0,0.005136946874127557,-5.266146183013916,0.012471690857632192
2488,4,0,0.0013976888784498233,-6.571536540985107,0.0050361644220107285
2227,4,0,0.0017560899875939786,-6.342907905578613,0.005905628840618458
3306,4,0,0.001710609348081831,-6.3691935539245605,0.00579852025659476
3452,4,0,0.001484929531957835,-6.510901927947998,0.005253506834019216
4910,4,0,0.016392734397208775,-4.094388484954834,0.02789477603564171
2155,4,0,0.2561378770658632,-1.066139817237854,0.1931006642370882
3580,4,0,0.008138115342075732,-4.803025245666504,0.017168422616260694
4240,4,0,0.05179560873142997,-2.9072647094726562,0.061829984149017664
2617,4,0,0.005305265681752021,-5.233736038208008,0.012754391632276542
4380,4,0,0.002732948028563285,-5.899637699127197,0.008038417471364369
4909,4,0,0.05682592459242701,-2.809258222579956,0.06593372434007183
2652,4,0,0.17767232671228114,-1.5321979522705078,0.1472389744507249
2917,4,0,0.004119445163956589,-5.487908840179443,0.010696652228402144
4460,4,0,0.22922071544507552,-1.2127166986465454,0.17760596055558886
4398,4,0,0.001360854200657073,-6.598280906677246,0.004943166002511542
5814,4,1,0.015728433837898965,-4.136431694030762,0.02710725590438998
2571,4,0,0.2019758611869473,-1.3739906549453735,0.16170297724508853
1013,4,0,0.001713513109468878,-6.367494583129883,0.0058053844530422455
5414,4,0,0.06136963199230843,-2.727506637573242,0.06954904878071773
4055,4,0,0.0055199617953823246,-5.193849086761475,0.013111003959888949
4033,4,0,0.005302915950227732,-5.2341814041137695,0.012750464344778289
3794,4,0,0.006280357177786463,-5.064028263092041,0.014341154432408689
4975,4,0,0.007067595482721316,-4.9451422691345215,0.01556708247707118
3671,4,0,0.0012079616117513592,-6.717612266540527,0.004548605611164872
1656,4,0,0.3565854091700248,-0.5902155041694641,0.25036966041570224
185,4,0,0.001728197203888061,-6.358946800231934,0.005840042032282456
5267,4,0,0.002730633102414504,-5.900487422943115,0.008033673163929979
908,4,0,0.0006159204933564999,-7.3917765617370605,0.00284151655295749
2729,4,0,0.016828022842788507,-4.0677385330200195,0.02840542300829892
5237,4,0,0.004497239698091063,-5.399784088134766,0.011369952085684927
1928,4,0,0.018028892953080355,-3.997586250305176,0.029793384707333604
5479,4,1,0.9309060738249941,2.600691556930542,0.7573718496136393
4352,4,0,0.04077769585458324,-3.157987594604492,0.052393669995936754
2039,4,0,0.07033081391946167,-2.5816187858581543,0.07645940809259363
5441,4,0,0.0019827084252713296,-6.221306800842285,0.006427287137581616
4195,4,0,0.00400142385772825,-5.517095565795898,0.010482470722721618
517,4,0,0.003199344677226098,-5.741604804992676,0.008970852846195481
4940,4,0,0.008150849926228393,-4.801448822021484,0.01718706368307259
1556,4,0,0.04364926076433559,-3.0869383811950684,0.05492014104529017
4078,4,0,0.16703838019107056,-1.6067639589309692,0.14080139874627057
5528,4,1,0.8285074660893612,1.5750861167907715,0.6034767107116329
2041,4,0,0.006461003892025562,-5.035488605499268,0.0146264785398451
3183,4,0,0.010440178402965728,-4.55159854888916,0.020406936123428636
3017,4,0,0.0072725826752025,-4.91634464263916,0.015879227486051525
2736,4,0,0.00859683711797529,-4.747726917266846,0.01783434189967678
519,4,0,0.004626087258490741,-5.3714070320129395,0.01159555284663274
5531,4,1,0.5347959151463255,0.13940900564193726,0.3576450058293216
96,4,0,0.004311638773682938,-5.4421162605285645,0.011041447442909809
3573,4,0,0.004041876471431882,-5.506996154785156,0.010556098996687
2195,4,0,0.0010764350655362576,-6.833023548126221,0.00419686563679302
2957,4,0,0.03075773249659459,-3.4503731727600098,0.04310951355093628
1696,4,0,0.006438102555483281,-5.0390625,0.01459044461241499
217,4,0,0.0028655558607395513,-5.852123260498047,0.008308176727617895
1860,4,0,0.005790432756235287,-5.145740985870361,0.013554226295143945
3353,4,0,0.028961413842351104,-3.512401819229126,0.041352475562787025
3827,4,0,0.0024086012939551573,-6.026297569274902,0.0073610319037203135
2516,4,0,0.0008255363295541279,-7.09865140914917,0.0034868557751261283
5591,4,1,0.8512489828782599,1.7444307804107666,0.6314830938399301
3720,4,0,0.0067750496730045115,-4.987710475921631,0.015116705831326464
4694,4,0,0.18033010683358627,-1.5141125917434692,0.14883659356468645
1991,4,0,0.0064406377359100785,-5.038666248321533,0.014594435520239854
3607,4,0,0.0030537536637544405,-5.788325309753418,0.008684551496466408
1020,4,0,0.005310479541291666,-5.232748508453369,0.012763104042153719
768,4,0,0.016232153745301115,-4.104395866394043,0.027705333785867006
2169,4,0,0.021599491114502208,-3.813249349594116,0.0337608361996339
1036,4,0,0.0064152545149513945,-5.042640686035156,0.014554455035226462
3079,4,0,0.28480735503143956,-0.920738935470581,0.20946620063313479
2262,4,0,0.003412472360137988,-5.6768999099731445,0.009382866731410193
3411,4,0,0.011003244970142382,-4.498500823974609,0.021163806260847386
1983,4,0,0.017023001529782103,-4.056020259857178,0.028632822020862286
186,4,0,0.031417874099617014,-3.4284563064575195,0.04374721697714023
2188,4,0,0.0025626143797265258,-5.964161396026611,0.007685950009394837
4113,4,0,0.001656829507418317,-6.401191234588623,0.005670739598576258
1289,4,0,0.5295081274101475,0.11816982924938202,0.35423468696130683
1339,4,0,0.1785568476936984,-1.526155710220337,0.1477711479250145
1531,4,0,0.0008094380752869566,-7.11836051940918,0.0034392162535642696
2431,4,0,0.0021719113667531182,-6.129973411560059,0.00684897842399621
2082,4,0,0.002908714707482294,-5.837131023406982,0.00839514279059462
1617,4,0,0.13313830938365637,-1.8734909296035767,0.11967937825115423
5181,4,0,0.0011603842536160053,-6.757843017578125,0.004422781556430318
4625,4,0,0.0007044133504503165,-7.257440567016602,0.0031209855653888514
1226,4,0,0.0031304951456428086,-5.763428688049316,0.008835971148994076
1922,4,0,0.002483045464423525,-5.99578332901001,0.007518854648360142
918,4,0,0.0028432219955392478,-5.8599700927734375,0.008263016047331132
4198,4,0,0.0021055819974098717,-6.161055564880371,0.006702472830541637
490,4,0,0.0070252610087795575,-4.951192855834961,0.015502270349225257
306,4,0,0.003118562771663788,-5.76725959777832,0.008812502598151523
357,4,0,0.0010960845905645753,-6.814914226531982,0.004250210360643676
5035,4,0,0.001209324126062788,-6.7164835929870605,0.004552186522610331
458,4,0,0.003870769700689881,-5.550423622131348,0.010243084119862859
3055,4,0,0.05184483376993782,-2.9062628746032715,0.061870700339493684
431,4,0,0.016569991055024796,-4.083453178405762,0.02810322273004103
5815,4,1,0.022593554746823088,-3.767237901687622,0.03482806466476374
1666,4,0,0.14596389189878686,-1.7666141986846924,0.12779338399246096
941,4,0,0.5090543125799155,0.0362212099134922,0.34121718916570093
4093,4,0,0.012293610646682928,-4.386305809020996,0.02285447783862644
1340,4,0,0.00469513118683575,-5.356523036956787,0.011715645212798923
1500,4,0,0.00810087275530413,-4.807649612426758,0.01711385443116513
2525,4,0,0.0010719544150737841,-6.8371992111206055,0.004184660260925429
3695,4,0,0.003179257195022778,-5.747923374176025,0.008931592671548966
5087,4,0,0.00104533208288159,-6.862374782562256,0.0041118179895450494
4252,4,0,0.002773863249660979,-5.88473653793335,0.008122069026229488
23,4,0,0.1679840440746471,-1.5999826192855835,0.14137698918764854
4466,4,0,0.015017279916447477,-4.183422565460205,0.026252632627353546
5422,4,0,0.0022778160636512637,-6.0822577476501465,0.007080097197212968
1283,4,0,0.004556533283137165,-5.386626243591309,0.011474013809212447
591,4,0,0.0008348555408157993,-7.087416648864746,0.003514305342014672
1634,4,0,0.001492000918113373,-6.506144046783447,0.005270950923855037
4677,4,0,0.1234349488881722,-1.960296630859375,0.11342035735832698
5323,4,0,0.0029966501469263084,-5.8072590827941895,0.008571121902046312
2804,4,0,0.004768720683433313,-5.340897083282471,0.011843046620845895
3991,4,0,0.0032341458348314157,-5.730751037597656,0.00903869186419937
2801,4,0,0.0037263774345527054,-5.588585376739502,0.00997561693334322
1870,4,0,0.00872879495254846,-4.73236083984375,0.01802384529833277
2939,4,0,0.0023335312854435145,-6.0580363273620605,0.007200364160184339
4871,4,0,0.06221147286929335,-2.712985038757324,0.0702101344294443
2783,4,0,0.04923645297852845,-2.9606311321258545,0.059696937062021845
1862,4,0,0.0007306467714198152,-7.220849514007568,0.0032017477142020205
2384,4,0,0.048543519316787534,-2.9755332469940186,0.05911372120684741
2175,4,0,0.0011514719564787595,-6.765562057495117,0.004399039005799756
1877,4,0,0.12225052434160863,-1.971288800239563,0.11264846607244411
326,4,0,0.0018376372946671616,-6.297435283660889,0.0060955843942485
2950,4,0,0.352194656132125,-0.6094062328338623,0.24785536800727895
3598,4,0,0.0019095978466460533,-6.258951187133789,0.006261082129011326
4893,4,0,0.0022199251516955513,-6.108059406280518,0.006954177244435247
3578,4,0,0.001133439972715225,-6.7813639640808105,0.004350829879244745
1538,4,0,0.0009729095438289852,-6.934246063232422,0.003910742567560826
3024,4,0,0.0015449455167521123,-6.47122049331665,0.005400768881921921
1373,4,0,0.0008604311398140594,-7.057216167449951,0.0035891653683026276
4286,4,0,0.0018326385085916713,-6.300164222717285,0.006084015265623107
3322,4,0,0.005597659344569493,-5.179793357849121,0.01323900031876814
4562,4,0,0.0015548096478464443,-6.464846134185791,0.00542480456017149
1752,4,0,0.019567170687898226,-3.9141409397125244,0.03153005757146085
4284,4,0,0.004382403217341505,-5.4257659912109375,0.011167200834252475
542,4,0,0.013609878416919532,-4.2832560539245605,0.024523105783126904
2967,4,0,0.006685101464994417,-5.001166343688965,0.014977028135017601
3103,4,0,0.06730294534967471,-2.6288764476776123,0.07415462193542387
337,4,0,0.008234173998399187,-4.791193962097168,0.017308812819584515
1658,4,0,0.12188234306721855,-1.9747244119644165,0.11240815321364596
472,4,0,0.0012380476932789264,-6.692980766296387,0.004627394194065212
2705,4,0,0.09172740012161736,-2.2927234172821045,0.09202910044523109
6,4,0,0.0010338278294256297,-6.873452663421631,0.004080166952472459
740,4,0,0.1853694085450846,-1.480384111404419,0.15185427739614343
4138,4,0,0.0011691671948522065,-6.750293731689453,0.004446125359485195
5120,4,0,0.006418109149207106,-5.0421929359436035,0.014558953736530444
5207,4,0,0.08893750520018155,-2.3266775608062744,0.09006106458576732
4020,4,0,0.03751999154683703,-3.2446393966674805,0.049460949833965775
5490,4,1,0.055814584095653735,-2.828287363052368,0.0651176127638197
4099,4,0,0.0037449651065868993,-5.583590984344482,0.010010224395095276
1361,4,0,0.0014771205874820157,-6.5161824226379395,0.005234213883679807
407,4,0,0.015284213057654095,-4.16553258895874,0.026574862469596196
1729,4,0,0.0016833039118190043,-6.385312080383301,0.005733798134303081
5010,4,0,0.002256334247573797,-6.091754913330078,0.007033486998345004
710,4,0,0.002306800372383043,-6.069584369659424,0.007142773612914162
910,4,0,0.03865830752837315,-3.2135682106018066,0.05049420831735346
4680,4,0,0.010222771660278369,-4.572862148284912,0.02011132684821956
5825,4,1,0.9843123141147181,4.13906717300415,0.9016619820422878
3409,4,0,0.023185490538841075,-3.740770101547241,0.03545664027370253
374,4,0,0.0033534054355954285,-5.694419860839844,0.009269491340536885
816,4,0,0.0028723654558915836,-5.849742889404297,0.008321924741821238
4267,4,0,0.012647276739715333,-4.357585430145264,0.023308055190391225
2504,4,0,0.0008163556764191815,-7.109843730926514,0.0034597223489430465
996,4,0,0.21136153551418904,-1.3167378902435303,0.16721285735272773
4396,4,0,0.022749273500730485,-3.7602100372314453,0.034993912146400616
4541,4,0,0.005761822395357633,-5.150722980499268,0.013507649352586259
1628,4,0,0.0017357688807005556,-6.354567527770996,0.005857877701993444
5743,4,1,0.29287483872125125,-0.8814623355865479,0.2140579960801748
2550,4,0,0.08548640837928366,-2.37003493309021,0.08760317210708572
3918,4,0,0.00341642820383032,-5.675737380981445,0.009390438118641061
4629,4,0,0.56796744226512,0.2735631465911865,0.3795081616237214
3845,4,0,0.004559650974174294,-5.385939121246338,0.01147947385670074
2313,4,0,0.00775171048427749,-4.852059841156006,0.016598410392538288
785,4,0,0.00624774835513827,-5.0692667961120605,0.014289381411507833
1915,4,0,0.0353177256611458,-3.3074138164520264,0.0474342740471846
1723,4,0,0.0023933198009141172,-6.03267765045166,0.0073284514410313075
2344,4,0,0.08246476451834632,-2.4093198776245117,0.08542867394730588
781,4,0,0.0029273970650117364,-5.830709934234619,0.008432665375570603
2855,4,0,0.0063414992376329095,-5.054278373718262,0.014438006359227538
3415,4,0,0.03172594810321992,-3.4183802604675293,0.04404340597715257
1123,4,0,0.012692634247464534,-4.353959560394287,0.02336593918163071
3757,4,0,0.001003860990338221,-6.902897357940674,0.0039972140354250976
1929,4,0,0.04595099799315026,-3.03313946723938,0.056909090083925314
4137,4,0,0.0019276968029854058,-6.249499797821045,0.0063024053683069054
1429,4,0,0.003438376643691163,-5.6693115234375,0.009432398124853678
612,4,0,0.0023226232491034065,-6.062732696533203,0.007176887773533097
5057,4,0,0.01250615999254719,-4.368948936462402,0.023127551592596062
220,4,0,0.0007447798378864731,-7.201676845550537,0.00324489308655919
869,4,0,0.0009741983736803758,-6.932920932769775,0.003914359770560161
459,4,0,0.0066288933456257896,-5.009666442871094,0.014889449289350383
3508,4,0,0.0007054983465555751,-7.2559003829956055,0.003124343686959772
34,4,0,0.008072881875036016,-4.811139106750488,0.017072790753488044
505,4,0,0.004725634555459796,-5.3500165939331055,0.01176852811299291
1351,4,0,0.00045167108024968646,-7.702104568481445,0.002287670649482882
2177,4,0,0.025148973051433977,-3.6574676036834717,0.037507053151154865
3968,4,0,0.0049855022175341384,-5.296223163604736,0.012214880614460983
1427,4,0,0.012133548171817717,-4.39957332611084,0.02264786730537787
3141,4,0,0.002625088895308868,-5.940011978149414,0.007816036246947895
5523,4,1,0.009237148702887542,-4.675241947174072,0.018745753441530344
108,4,0,0.0011271573369707121,-6.786928653717041,0.004333978423119847
2100,4,0,0.0440580558217166,-3.0771889686584473,0.05527565417407762
3691,4,0,0.026298734955637608,-3.611583709716797,0.0386846407094672
2819,4,0,0.009890075996403921,-4.606284141540527,0.01965514776882273
735,4,0,0.0019043402409617603,-6.26171350479126,0.006249055683488539
4509,4,0,0.001969294113179824,-6.228108882904053,0.0063969338926293815
1901,4,0,0.0017638550175008818,-6.3384881019592285,0.005923830792385872
5174,4,0,0.0009048863708615177,-7.006795883178711,0.003717702653294242
5419,4,0,0.004279707918071102,-5.449581623077393,0.010984496377847581
3617,4,0,0.019883529172599966,-3.897779703140259,0.031881874581137
4670,4,0,0.04522611233150783,-3.049799919128418,0.0562860240199643
1408,4,0,0.0026530090482972495,-5.929404258728027,0.007873865371993322
1513,4,0,0.006970456190779925,-4.959079742431641,0.015418186904425606
253,4,0,0.0031827272124299796,-5.746829032897949,0.00893838010489177
2166,4,0,0.0006621986644088832,-7.319282531738281,0.0029890809747069105
3591,4,0,0.001892109701550516,-6.268168926239014,0.006221039813613655
3666,4,0,0.011262833863167895,-4.474920272827148,0.02150867424171601
3564,4,0,0.002668377847597624,-5.923612594604492,0.007905618191388984
4008,4,0,0.001587484286614868,-6.444015979766846,0.005504092721963466
1004,4,0,0.0013456777593019533,-6.609510898590088,0.004904627109866797
2197,4,0,0.010358498095773253,-4.559535503387451,0.020296101178993844
5718,4,1,0.8355078352279381,1.6251767873764038,0.6118409151562052
2138,4,0,0.023480964227994092,-3.727804183959961,0.03576853816554052
3000,4,0,0.003508777967761353,-5.648972511291504,0.00956643713497948
4469,4,0,0.0010700597221516015,-6.838970184326172,0.0041794944237746115
3887,4,0,0.015910661747929017,-4.124727249145508,0.027324297317847815
3213,4,0,0.0036620466715338944,-5.606064319610596,0.009855430737393627
1034,4,0,0.010075741692653354,-4.587497711181641,0.019910302491512242
1258,4,0,0.046232571050025734,-3.026735305786133,0.05715031243664471
380,4,0,0.0005574723886323897,-7.49153995513916,0.0026502492932069946
4163,4,0,0.011781467368188166,-4.429376125335693,0.022190388987085603
1668,4,0,0.006150152648393617,-5.085109233856201,0.014133927079149667
5575,4,1,0.9842836827127261,4.137214660644531,0.9015468730003838
1526,4,0,0.0018978655476385381,-6.265125751495361,0.006234231296289945
3273,4,0,0.009444467591087325,-4.652836799621582,0.019036605689411637
1051,4,0,0.010741874446471695,-4.522805690765381,0.020814008021261227
3979,4,0,0.02750448895679863,-3.565516233444214,0.039902593549422744
4634,4,0,0.21609060200559255,-1.2885956764221191,0.16997574211762018
943,4,0,0.013138231247024686,-4.319003582000732,0.02393122661387221
3150,4,0,0.003341679004260491,-5.697934627532959,0.009246910497410336
4649,4,0,0.026875808677163417,-3.589285135269165,0.03926965952747523
2449,4,0,0.21257238346072524,-1.3094888925552368,0.16792108343615292
3486,4,0,0.001437161907046289,-6.543646812438965,0.005135000128984458
1595,4,0,0.002509763046963233,-5.985054016113281,0.007575142010106127
1530,4,0,0.0008310406306656705,-7.092000484466553,0.0035030798786179645
1250,4,0,0.0038939643393752542,-5.544425964355469,0.010285760889770889
1817,4,0,0.0015498815532657662,-6.4680256843566895,0.005412802220293363
5609,4,1,0.14622862143803828,-1.764492154121399,0.12795914381365886
1572,4,0,0.0009469385363019781,-6.961328983306885,0.003837539541109261
1070,4,0,0.115870780508889,-2.032127618789673,0.10845875639547191
5201,4,0,0.0017627706025898412,-6.339104175567627,0.005921290292956382
2934,4,0,0.00602497517536275,-5.105798721313477,0.013933418640071187
2661,4,0,0.005136342557235629,-5.26626443862915,0.01247067077370848
2249,4,0,0.0008389840913121447,-7.082479476928711,0.003526436197578176
4299,4,0,0.01064593459550428,-4.531874179840088,0.020684948119920662
2281,4,0,0.00517750431830319,-5.258241176605225,0.012540067328132683
1381,4,0,0.0008073362723501559,-7.120962619781494,0.0034329752976267666
681,4,0,0.33823059931612126,-0.6711892485618591,0.23987642258832076
3581,4,0,0.0018162160521606118,-6.309182167053223,0.006045939373777757
5769,4,1,0.20172473111910225,-1.3755494356155396,0.16155503326176018
2148,4,0,0.0038686871450373133,-5.550963878631592,0.010239248499828582
5565,4,1,0.738648386177069,1.0389553308486938,0.5111125374892599
2160,4,0,0.4619233999320198,-0.15260185301303864,0.3121408367222071
341,4,0,0.00390772701513061,-5.540884017944336,0.010311046458667088
1449,4,0,0.1074070039383998,-2.1175053119659424,0.1028103050267902
5805,4,1,0.9450497475367236,2.8448092937469482,0.7873974321800613
3331,4,0,0.0304768785877057,-3.459836006164551,0.042836930664937864
3220,4,0,0.019697115184042994,-3.9073894023895264,0.031674778962388815
142,4,0,0.007403777978039655,-4.898333549499512,0.0160775761734197
1998,4,0,0.04279844396637901,-3.1075122356414795,0.054176970354977996
1887,4,0,0.12810638241306405,-1.9178063869476318,0.11644760427193081
1334,4,0,0.0010852095961570098,-6.824896335601807,0.004220723043097213
3915,4,0,0.041987174712715625,-3.1274969577789307,0.05346416547714291
1909,4,0,0.001848461214984231,-6.29155158996582,0.006120602305569686
454,4,0,0.002662598788380116,-5.92578649520874,0.007893684909058502
4683,4,0,0.006923261787049455,-4.965920925140381,0.015345615587104015
2749,4,0,0.02189131131546903,-3.7995309829711914,0.03407568614505211
153,4,0,0.003224051580279856,-5.733887195587158,0.009019037966099567
4788,4,0,0.03645015641294121,-3.2746784687042236,0.048481093460266154
847,4,0,0.0008369204623297794,-7.084944248199463,0.0035203749359257563
646,4,0,0.0018727436372892588,-6.278476238250732,0.006176565661191906
3314,4,0,0.08664650063410453,-2.3552863597869873,0.08843237461788407
2255,4,0,0.0338731107157504,-3.3506736755371094,0.04608381500678636
5298,4,0,0.0025864300995731655,-5.9548869132995605,0.007735653028493005
4044,4,0,0.019152841910453407,-3.9359655380249023,0.03106660364009499
4866,4,0,0.008746665754850705,-4.730297565460205,0.018049440861226354
1905,4,0,0.030024192745162572,-3.4752676486968994,0.04239594109865469
5265,4,0,0.007318402005428417,-4.910017967224121,0.015948624706578075
3681,4,0,0.007185139533640522,-4.928529262542725,0.015746410611736344
3865,4,0,0.0011070573702142935,-6.8049421310424805,0.004279872911260092
4666,4,0,0.003994036230198695,-5.518950939178467,0.010468999748610297
694,4,0,0.0013555920734441818,-6.602160453796387,0.004929818291514584
4617,4,0,0.0032395966132466986,-5.729061603546143,0.009049296911974957
1579,4,0,0.005243662183274609,-5.245477676391602,0.012651250666326335
3098,4,0,0.024384343560752284,-3.6891274452209473,0.036714684956725495
3644,4,0,0.005689644584536738,-5.1634016036987305,0.013389827098148063
4648,4,0,0.00024309514167068194,-8.32181453704834,0.0014833224765086316
299,4,0,0.007577345254819673,-4.874986171722412,0.016338321806039457
2461,4,0,0.004045742319175782,-5.506036281585693,0.010563123379779276
5755,4,1,0.9285498346311494,2.5646238327026367,0.7526994976370047
4021,4,0,0.44394011865786026,-0.2251863032579422,0.3013307361976776
4472,4,0,0.003042277778267569,-5.792101860046387,0.008661808534792747
718,4,0,0.023464831513721796,-3.7285079956054688,0.035751540224059505
2295,4,0,0.0030624878851016565,-5.785460472106934,0.008701843458840773
3836,4,0,0.0035703512829210644,-5.631514549255371,0.009682992624356715
3025,4,0,0.021882348662684487,-3.7999496459960938,0.03406603564636047
1824,4,0,0.0007186516953219647,-7.237414836883545,0.003164930573745335
3926,4,0,0.001869619485693916,-6.280148983001709,0.006169377935400752
3194,4,0,0.01627898805465455,-4.101467132568359,0.027760645711901864
1048,4,0,0.002183079960533242,-6.124833106994629,0.006873511840653829
2981,4,0,0.003126520070125932,-5.764703273773193,0.008828156036556623
682,4,0,0.0017707598122932652,-6.334574222564697,0.005939995761285783
5644,4,1,0.9650640276866131,3.3186774253845215,0.8377000512931756
456,4,0,0.0023987497147608906,-6.0304059982299805,0.007340035396829048
1327,4,0,0.0038857978410195694,-5.546533584594727,0.010270743949497075
365,4,0,0.004750037174721841,-5.344841480255127,0.011810758618621426
1249,4,0,0.0008829238540023612,-7.031388282775879,0.0036544458350256923
5475,4,1,0.27614901463217545,-0.9636449217796326,0.20453331287853135
4399,4,0,0.004781235877077914,-5.338263511657715,0.011864653020065345
3783,4,0,0.0023291958576009252,-6.059900283813477,0.007191037434059585
4309,4,0,0.004086377207901851,-5.496001720428467,0.01063683404628793
1597,4,0,0.010642645469193624,-4.532186508178711,0.020680517142914197
559,4,0,0.01868917287659797,-3.960944890975952,0.0305442482651066
3808,4,0,0.002176835906938633,-6.127703666687012,0.006859800621105165
2293,4,0,0.001445739152883414,-6.5376877784729,0.005156366687090546
5590,4,1,0.9391183308713821,2.736009359359741,0.774361250959287
3279,4,0,0.0038994002630844894,-5.543025493621826,0.010295751354561771
4214,4,0,0.004639636785698984,-5.368468761444092,0.011619163679493302
4350,4,0,0.006697623524539159,-4.999282360076904,0.014996507907811004
1758,4,0,0.02970706948560184,-3.486212968826294,0.04208579059495187
2381,4,0,0.0013929303991618328,-6.574951648712158,0.00502419276422752
2539,4,0,0.020043071790180993,-3.889625072479248,0.03205863899105278
5635,4,1,0.9961701188377873,5.561084270477295,0.9612771975002666
3124,4,0,0.002303012952050111,-6.071231365203857,0.007134597328483161
3849,4,0,0.002615703561495873,-5.943603038787842,0.007796554820725757
998,4,0,0.001372130837252293,-6.590017318725586,0.004971717145364834
983,4,0,0.004571018961024707,-5.383437633514404,0.011499373010230218
4549,4,0,0.5842454983075311,0.34022632241249084,0.3905634703588165
4591,4,0,0.0014817210147193118,-6.513068199157715,0.00524558354773726
3327,4,0,0.1862748946287466,-1.4743990898132324,0.15239497401415114
3815,4,0,0.0813346856557156,-2.424349308013916,0.08460978435054009
3550,4,0,0.007693793962454166,-4.859617710113525,0.01651222322608765
2567,4,0,0.19099976911020727,-1.4435269832611084,0.15520912123934985
5603,4,1,0.8024615864678553,1.401750922203064,0.5740918598022255
0,4,0,0.007961264331907318,-4.825174331665039,0.01690860266485708
3407,4,0,0.05883263740567354,-2.7724242210388184,0.06754050843175974
3665,4,0,0.006846030439311874,-4.977216720581055,0.015226525018987955
5662,4,1,0.9750805347532621,3.6668708324432373,0.8681952053728942
4959,4,0,0.029704334428072167,-3.4863078594207764,0.04208311124875278
5038,4,0,0.15473919865162583,-1.697904109954834,0.1332543516619587
2214,4,0,0.006234112088840032,-5.071465492248535,0.014267706364959599
5103,4,0,0.0012162003018438374,-6.710806846618652,0.004570239574083786
5610,4,1,0.9837220809594984,4.101533889770508,0.8993062630573947
2909,4,0,0.0007029055300041767,-7.259584903717041,0.0031163161780171124
3431,4,0,0.0007305075266909875,-7.22104024887085,0.0032013213778037094
109,4,0,0.6822285626991463,0.7640323638916016,0.4630417075710227
1706,4,0,0.001959699204544528,-6.233002662658691,0.006375184286885973
1027,4,0,0.0035002570012175813,-5.651412487030029,0.00955025805215673
3975,4,0,0.0029505585089325756,-5.822805881500244,0.00847908226836394
4222,4,0,0.0029595696615836893,-5.819747447967529,0.008497110947443286
901,4,0,0.0012697701625359874,-6.667648792266846,0.0047098403759229576
2768,4,0,0.0008574499534753619,-7.060689926147461,0.003580474485518177
3504,4,0,0.03724865316071799,-3.2521793842315674,0.049213249438274875
2465,4,0,0.06374643420749643,-2.6869730949401855,0.07140885011260703
2984,4,0,0.38333861072846076,-0.475401371717453,0.2657635818903324
1052,4,0,0.2628842697113982,-1.0310310125350952,0.19696116732886154
2796,4,0,0.011666830752353408,-4.43927001953125,0.022040522031663196
967,4,0,0.001772088671181425,-6.333822727203369,0.005943104575444802
711,4,0,0.00656852309835898,-5.018876075744629,0.014795129177585513
3387,4,0,0.002900943224015635,-5.839814186096191,0.008379512417901875
643,4,0,0.003448577478222342,-5.666338920593262,0.009451871604614895
3570,4,0,0.010598208029709559,-4.5364155769348145,0.020620611073972818
3982,4,0,0.019134003645901884,-3.9369688034057617,0.031045458176964923
1843,4,0,0.0016735052195337257,-6.391160011291504,0.005710494420663294
2124,4,0,0.006853624359201675,-4.976100444793701,0.015238253183299504
724,4,0,0.00699492982681042,-4.955550193786621,0.015455760384630006
8,4,0,0.00047893141804533754,-7.643474102020264,0.0023833427163851796
1202,4,0,0.010860838139415947,-4.511671543121338,0.020973543923275474
5703,4,1,0.001740024270481683,-6.352114677429199,0.005867891189167363
2733,4,0,0.5645408869706363,0.25961190462112427,0.37720983182023254
4488,4,0,0.0012392900472836296,-6.691976547241211,0.004630635042693299
1037,4,0,0.0027951088422949496,-5.877085208892822,0.008165356659720808
1153,4,0,0.0026624202537296002,-5.925853729248047,0.007893316123490413
3015,4,0,0.12623334931073457,-1.9346811771392822,0.11523703783098017
5411,4,0,0.0027042711855856175,-5.910214900970459,0.0079795587239576
642,4,0,0.003322214649499217,-5.703795909881592,0.009209375464304908
2651,4,0,0.004650221002167523,-5.366179466247559,0.01163759251510777
5774,4,1,0.7816588883481432,1.275359869003296,0.5523176185974287
4227,4,0,0.0031949559404157906,-5.742981910705566,0.008962281707133164
4175,4,0,0.002525496646823968,-5.97878885269165,0.007608203039026037
3819,4,0,0.015577869443154806,-4.146203517913818,0.02692733656357341
3355,4,0,0.00876683499441948,-4.727973937988281,0.018078308904199602
3959,4,0,0.024460815588968458,-3.685917854309082,0.03679427405240982
1796,4,0,0.010007432075330627,-4.594369411468506,0.019816597771818288
3529,4,0,0.0031812570973654094,-5.747292518615723,0.008935504803472783
2799,4,0,0.014845108809447942,-4.195128440856934,0.026043850284628953
1573,4,0,0.10776616304745901,-2.113764524459839,0.10305223667779721
5466,4,1,0.9874067466149927,4.3619208335876465,0.914660811351349
513,4,0,0.0656365158360422,-2.655733346939087,0.07287343784994266
2701,4,0,0.0426618430524628,-3.110851764678955,0.05405723738569551
3530,4,0,0.0008841917278709448,-7.029952049255371,0.003658110465722535
2117,4,0,0.0009322726340364223,-6.97695255279541,0.0037959327583340727
4742,4,0,0.011127919573155634,-4.487107753753662,0.021329750309228828
1297,4,0,0.0027403123970060022,-5.896939277648926,0.008053502142457957
3611,4,0,0.05139189977622085,-2.915515184402466,0.061495622141999974
4094,4,0,0.40527147201697766,-0.38354790210723877,0.2785052478216475
4568,4,0,0.0012897133187714592,-6.652044773101807,0.004761351628089997
1205,4,0,0.001176172651126527,-6.744312763214111,0.004464706682792477
1081,4,0,0.2977268922511151,-0.8581457734107971,0.2168183602116753
4032,4,0,0.018451333167999368,-3.9739949703216553,0.030274744551163944
5151,4,0,0.0009087762616742538,-7.00250244140625,0.003728857605802136
4250,4,0,0.0030046743950122206,-5.804576873779297,0.008587100903738282
3473,4,0,0.0014495364394392217,-6.535060882568359,0.005165813683075824
65,4,0,0.005606393223859404,-5.178225517272949,0.013253353825224768
960,4,0,0.03290684033121,-3.3806142807006836,0.04517065745626149
2831,4,0,0.00795801869300732,-4.82558536529541,0.016903817737507543
3941,4,0,0.03297320383233202,-3.378530979156494,0.045233634073866893
1355,4,0,0.004102414320775819,-5.492068767547607,0.010665862854972235
1685,4,0,0.011107212370199215,-4.4889912605285645,0.021302228822147513
4618,4,0,0.004659904685206941,-5.364089488983154,0.011654442061396712
2210,4,0,0.0458714808696409,-3.034954786300659,0.05684088758576865
5324,4,0,0.9187847516965302,2.4259488582611084,0.7341793549784966
4762,4,0,0.0027525941339902756,-5.892455101013184,0.008078631634299284
761,4,0,0.0009665843693706582,-6.940774917602539,0.0038929693370432826
4822,4,0,0.0010743144455599468,-6.834997653961182,0.004191090954870262
4747,4,0,0.0021911457640836156,-6.1211371421813965,0.006891205691905889
4867,4,0,0.039665994400774576,-3.1867868900299072,0.05140117753997411
1479,4,0,0.012744114373712121,-4.349859714508057,0.023431558837141465
3283,4,0,0.022237840009323166,-3.78347110748291,0.034447875698214586
5713,4,1,0.9686074659070427,3.4292893409729004,0.8479598203886657
4465,4,0,0.0035650844497977013,-5.632996082305908,0.009673047023881312
443,4,0,0.33176823881826,-0.7001984119415283,0.2361912354833263
4043,4,0,0.012330228148023453,-4.383294582366943,0.022901626339193414
4493,4,0,0.11609986116216248,-2.029893398284912,0.10861016653594871
2412,4,0,0.019241802887442313,-3.9312407970428467,0.03116637285712324
1185,4,0,0.012240883234390076,-4.390657424926758,0.022786509539099338
4332,4,0,0.004635399695664337,-5.369386672973633,0.01161178259069533
5234,4,0,0.0035200649287526697,-5.645749568939209,0.009587849556165479
2991,4,0,0.00342943606353229,-5.671924114227295,0.009415315893367566
1932,4,0,0.002345814687034004,-6.052773952484131,0.00722676049954914
5282,4,0,0.00898771343539265,-4.702868461608887,0.018393116078293012
82,4,0,0.0010722347709635138,-6.836937427520752,0.0041854244093327796
2136,4,0,0.0015996463100463453,-6.436371803283691,0.005533477779182278
3890,4,0,0.0261779454535554,-3.6163113117218018,0.03856168779228392
5295,4,0,0.8753522858274213,1.9491349458694458,0.6641766534672244
784,4,0,0.006494204676242693,-5.030329704284668,0.014678648022942052
4500,4,0,0.0031276750444407427,-5.7643327713012695,0.008830427063054
277,4,0,0.0015383587567715988,-6.475499629974365,0.00538469306699691
1707,4,0,0.0035471521338440917,-5.638056755065918,0.009639150721433348
2662,4,0,0.16451588940795364,-1.6250041723251343,0.1392629150119721
4095,4,0,0.006833122797277002,-4.979116916656494,0.015206581024003844
4896,4,0,0.4339345471014329,-0.26581600308418274,0.2953735953004763
390,4,0,0.0014839916147694106,-6.511534690856934,0.005251191230053838
2510,4,0,0.1354804340933382,-1.8533467054367065,0.12117388201581288
2270,4,0,0.0026503040842588838,-5.930427074432373,0.00786827094083619
2476,4,0,0.001135715034467033,-6.779356479644775,0.004356925109343453
434,4,0,0.08282309161502308,-2.4045934677124023,0.0856876773411724
660,4,0,0.0031131507354153387,-5.7690019607543945,0.008801849150481841
2215,4,0,0.0038080941118576266,-5.5668110847473145,0.010127369428397086
9,4,0,0.000817454812538656,-7.108497142791748,0.0034629757010553276
1681,4,0,0.08999043712917802,-2.313751697540283,0.090805757998952
1823,4,0,0.003819844828473892,-5.563718318939209,0.010149108486262076
5832,4,1,0.09036523001784824,-2.3091835975646973,0.09107026126717457
2538,4,0,0.0010116512240094548,-6.8951592445373535,0.004018850078595726
223,4,0,0.032776004252854866,-3.3847334384918213,0.045046384237285936
3618,4,0,0.005408762030969718,-5.214311599731445,0.012926845135988773
1515,4,0,0.0009675730166729117,-6.939751625061035,0.003895749677681896
1145,4,0,0.006596086423205272,-5.014660835266113,0.014838226145416026
2739,4,0,0.0011351785524796932,-6.779829502105713,0.004355488128436593
3751,4,0,0.0009287927356629154,-6.980695724487305,0.0037860313157310776
2517,4,0,0.0003468709416610636,-7.966210842132568,0.001902057078574016
2346,4,0,0.1038933486512172,-2.1546945571899414,0.10043236641038583
990,4,0,0.040854057887055144,-3.1560370922088623,0.052461539648376534
5622,4,1,0.8916912764790399,2.1081342697143555,0.6885456295932455
3949,4,0,0.0036054594701565574,-5.621694087982178,0.009749174331367965
4328,4,0,0.0028238746614290653,-5.866817474365234,0.00822380643426914
3151,4,0,0.0014325106748352158,-6.546893119812012,0.005123397338712201
2063,4,0,0.004523449741285515,-5.393946647644043,0.011416003141719722
86,4,0,0.04813932745540565,-2.9843192100524902,0.05877237623515722
3470,4,0,0.0035276968232248224,-5.643576145172119,0.009602316027866332
2024,4,0,0.05101842628828629,-2.9232025146484375,0.06118560365925355
2589,4,0,0.0009208653381301352,-6.9892754554748535,0.003763433167177366
703,4,0,0.0018289203083231833,-6.302198886871338,0.006075403666172187
5416,4,0,0.4522445324898858,-0.19160592555999756,0.3063054879976118
1522,4,0,0.013479602032301679,-4.293006420135498,0.024360265994342867
5450,4,1,0.011139968246705451,-4.486013412475586,0.021345756613415243
1060,4,0,0.00415314245754159,-5.4797282218933105,0.010757457100773816
1448,4,0,0.0069598000346837345,-4.960620403289795,0.015401814145783718
3178,4,0,0.00627251757193426,-5.0652852058410645,0.014328715092585615
2920,4,0,0.5432195587989871,0.17331074178218842,0.3631183912526274
5534,4,1,0.980040421402131,3.8938846588134766,0.885349992133022
1701,4,0,0.0019656499647002154,-6.229964733123779,0.006388677204860941
1587,4,0,0.1910428758202266,-1.4432480335235596,0.15523474119929934
5439,4,0,0.09798871403120257,-2.2197747230529785,0.09638846827403927
5041,4,0,0.001679188602279543,-6.387763977050781,0.005724015959383821
1559,4,0,0.014592963157750346,-4.212515354156494,0.025736722552173665
672,4,0,0.19698217610075747,-1.4052636623382568,0.15875571470749913
1616,4,0,0.0017650719995343925,-6.337797164916992,0.005926681294760882
4373,4,0,0.009572564159265787,-4.639235496520996,0.019215324718239085
5532,4,1,0.05757654908738886,-2.795339345932007,0.06653667881347816
1080,4,0,0.0038561639415158147,-5.554218769073486,0.010216170049918483
1434,4,0,0.1313256240041687,-1.8892884254455566,0.11851852570826393
5617,4,1,0.9819271526715676,3.9951064586639404,0.8923522321836874
772,4,0,0.008769798239195416,-4.727632999420166,0.018082548432583622
3236,4,0,0.0029446432745178076,-5.8248186111450195,0.008467238441495288
5173,4,0,0.003290560697036892,-5.7134013175964355,0.009148189562545867
5598,4,1,0.659084221975712,0.6592158675193787,0.44484571171993154
582,4,0,0.0037139655805730116,-5.5919342041015625,0.009952478385185407
666,4,0,0.05331287661489185,-2.876790761947632,0.06307975499372674
4009,4,0,0.037260727605181884,-3.251842737197876,0.04922428369018042
4991,4,0,0.04376409781756278,-3.084190845489502,0.05502011164132603
2672,4,0,0.001725507602582003,-6.360507011413574,0.005833700738169478
2131,4,0,0.14883186776896923,-1.7437924146652222,0.129585707596709
5664,4,1,0.9955125271445234,5.401968002319336,0.956908681336536
4305,4,0,0.006099258748683414,-5.093470096588135,0.014052559111774013
3096,4,0,0.07157879246656675,-2.5626866817474365,0.07740104221357877
1794,4,0,0.0011034317867186047,-6.808226108551025,0.004270081844673975
5614,4,1,0.2189223009057477,-1.2719577550888062,0.17162619119177236
2862,4,0,0.00490044807276713,-5.313516139984131,0.012069597679323113
245,4,0,0.000747953829172764,-7.197421073913574,0.003254548417949497
4791,4,0,0.01454674433529203,-4.215734481811523,0.025680247036210777
1035,4,0,0.008420220385031563,-4.76866340637207,0.017579286327724035
4548,4,0,0.03630260812170787,-3.2788877487182617,0.0483452695078425
4556,4,0,0.0027355810021904604,-5.898672103881836,0.008043812103226387
3349,4,0,0.0073219397481086,-4.909531116485596,0.015953977312967643
2087,4,0,0.009383916051473939,-4.659329891204834,0.01895186325157611
1026,4,0,0.0720467614089439,-2.555665969848633,0.07775292681815124
3128,4,0,0.0005896843818199067,-7.435333251953125,0.0027563723166890365
1288,4,0,0.0016292669408757472,-6.417994499206543,0.005604762073396892
3769,4,0,0.0011791947895238057,-6.741743564605713,0.0044727122364666624
4736,4,0,0.0022177335753029836,-6.109049320220947,0.006949390714226969
1044,4,0,0.020373639812090314,-3.872929334640503,0.03242350598133766
3945,4,0,0.01061023992571969,-4.535268783569336,0.020636838949784696
3214,4,0,0.017313265176177987,-4.038817405700684,0.02896985563894855
2879,4,0,0.0034652293105321003,-5.661505222320557,0.009483622148651229
4752,4,0,0.00417732178618359,-5.473898887634277,0.010800993843808766
3960,4,0,0.1018523495957705,-2.1768102645874023,0.09904152771484837
5225,4,0,0.0033998727454856983,-5.680611610412598,0.009358733401231643
2987,4,0,0.26742628867970275,-1.0077199935913086,0.19955642002934817
146,4,0,0.004613956583947927,-5.374044895172119,0.011574396369874831
1880,4,0,0.05873877856639872,-2.774120569229126,0.06746571853557799
1397,4,0,0.0010908185067483383,-6.819735527038574,0.004235942634415677
654,4,0,0.006231737422356425,-5.0718488693237305,0.014263930300319083
756,4,0,0.05222231283440824,-2.8986101150512695,0.06218254811002105
5260,4,0,0.006908625943658479,-4.968051910400391,0.015323078840191845
1848,4,0,0.11618537507600804,-2.0290603637695312,0.10866666766233761
3255,4,0,0.31548298941677133,-0.7746087312698364,0.22691843630002181
841,4,0,0.004501801947690947,-5.398765563964844,0.011377973887965959
4453,4,0,0.010284951467141609,-4.56673526763916,0.020196070717839635
3088,4,0,0.0018916414884100816,-6.268416881561279,0.006219966205592243
2495,4,0,0.0010083958990759322,-6.898385524749756,0.004009815141749968
2625,4,0,0.006276483743617578,-5.0646491050720215,0.01433500893735174
3962,4,0,0.003294283308776294,-5.71226692199707,0.009155394572088986
2914,4,0,0.0015775911792499822,-6.450277328491211,0.0054801390604622404
5701,4,1,0.9240157000753251,2.498202323913574,0.743938192179943
2963,4,0,0.053209450376116504,-2.8788418769836426,0.06299490206774065
321,4,0,0.009595317258777665,-4.636838436126709,0.019246991779257594
1858,4,0,0.0032181343078668016,-5.735730171203613,0.009007508036092222
4933,4,0,0.05737216330919586,-2.799112319946289,0.06637273255170979
2019,4,0,0.008891363961856975,-4.713743686676025,0.01825609242120606
1368,4,0,0.006115192229361344,-5.090845108032227,0.01407805566363264
1073,4,0,0.009229750414899093,-4.676050662994385,0.018735337014369576
5605,4,1,0.9743493993770684,3.6372029781341553,0.8657990700327451
1651,4,0,0.002402848501834089,-6.0286946296691895,0.007348774270841725
3243,4,0,0.49565127095746225,-0.01739535480737686,0.3328265274202089
3675,4,0,0.014114097624084065,-4.246366500854492,0.025148849789173974
2712,4,0,0.48152499219636646,-0.0739336907863617,0.324092098569212
3168,4,0,0.027844849145509606,-3.5528674125671387,0.04024338938707449
94,4,0,0.0034266243946858193,-5.6727471351623535,0.009409940981466663
4633,4,0,0.016325503451805664,-4.09856653213501,0.027815532038317676
4073,4,0,0.002542669452221168,-5.971994876861572,0.007644216429025325
3154,4,0,0.03801281061861064,-3.2310779094696045,0.0499094429671712
4489,4,0,0.3466433043992187,-0.6338269114494324,0.2446804345087719
87,4,0,0.008183020595160136,-4.7974772453308105,0.01723411542216214
3768,4,0,0.026075896682216083,-3.6203219890594482,0.03845767444197414
4664,4,0,0.02632895431549485,-3.6104042530059814,0.038715373977764415
665,4,0,0.0015949984670771457,-6.439286231994629,0.005522256037649696
2198,4,0,0.009456108823320434,-4.651593208312988,0.01905287835587017
2562,4,0,0.001754905082799948,-6.343584060668945,0.005902849157804381
2604,4,0,0.013742999106182163,-4.273387432098389,0.024689000935876226
3612,4,0,0.18441788803126424,-1.486697793006897,0.15128559715538872
5812,4,1,0.10875746223079569,-2.1034963130950928,0.10371891432866545
754,4,0,0.011811456195162292,-4.4268035888671875,0.022229519134075743
2810,4,0,0.003002189941894581,-5.80540657043457,0.008582154913796654
3930,4,0,0.015891142262175226,-4.125974655151367,0.02730108586458396
5244,4,0,0.0025193239615668842,-5.9812421798706055,0.00759523990241282
3998,4,0,0.0019897039600919385,-6.217777729034424,0.006443091412735693
5561,4,1,0.4859695332458221,-0.056136604398489,0.32682868623449807
2738,4,0,0.0025923635769566776,-5.952589511871338,0.007748014269939508
3261,4,0,0.0014848100506913713,-6.510982513427734,0.005253211873992891
1908,4,0,0.2236396265442902,-1.244580864906311,0.17436953771449637
4851,4,0,0.0004938859615963606,-7.6127119064331055,0.0024351259166718806
3177,4,0,0.8157894541253381,1.48807692527771,0.5888055901455385
2060,4,0,0.004496671875146876,-5.399910926818848,0.01136895350745722
163,4,0,0.0033213021745558046,-5.704071521759033,0.009207614195560212
1494,4,0,0.027477545287510258,-3.566524028778076,0.03987555991108956
5831,4,1,0.801733337802455,1.3971631526947021,0.5733059752827441
1886,4,0,0.044068901873780146,-3.0769314765930176,0.055285072949893425
4797,4,0,0.38104661963220565,-0.48510822653770447,0.26443901482926097
609,4,0,0.013445112899635524,-4.295603275299072,0.024317074291066214
3232,4,0,0.0022464295651268883,-6.096164226531982,0.007011950654297065
5491,4,1,0.1361129593490347,-1.847956895828247,0.12157647221311871
3563,4,0,0.0008207524977743223,-7.104467868804932,0.0034727286327066987
5219,4,0,0.0015684606487714682,-6.456090927124023,0.0054579911569986005
3467,4,0,0.04997750438399722,-2.9449126720428467,0.06031793853467445
325,4,0,0.001345589971783721,-6.609576225280762,0.004904403799801708
327,4,0,0.4696839076361309,-0.12141329795122147,0.31685029252260594
4755,4,0,0.0352413434319807,-3.3096580505371094,0.047363299405402605
4212,4,0,0.003249408860172427,-5.726027488708496,0.009068373858834734
3613,4,0,0.007561287105270166,-4.877123832702637,0.016314276276969502
727,4,0,0.0039923312812379375,-5.519379615783691,0.010465889770578786
3655,4,0,0.03817842309507022,-3.2265584468841553,0.05005976067438929
2257,4,0,0.08315601912421598,-2.4002187252044678,0.08592804363632757
2071,4,0,0.0008474409656735941,-7.072441577911377,0.0035512285765229128
3854,4,0,0.02493736673627542,-3.6661343574523926,0.03728852628616638
3478,4,0,0.002451548916073107,-6.008580684661865,0.007452260638234693
4323,4,0,0.0034213688675518343,-5.67428731918335,0.009399890648955416
4423,4,0,0.001989101837250324,-6.218080997467041,0.006441731767847415
2132,4,0,0.0060924233645077,-5.094598293304443,0.014041614911451148
4117,4,0,0.0018172035406404225,-6.308637619018555,0.006048231850293981
3878,4,0,0.02965334767264287,-3.4880783557891846,0.04203314912563159
5398,4,0,0.028362976871092307,-3.533897638320923,0.040759721663017064
3628,4,0,0.001349076385759719,-6.606985092163086,0.0049132689849889595
2633,4,0,0.00878716662030083,-4.725636959075928,0.018107388532683868
687,4,0,0.0021287541431030837,-6.150087356567383,0.006753812574562074
2424,4,0,0.002155917601458808,-6.137380599975586,0.006813778595000082
5161,4,0,0.015487396842004291,-4.152120113372803,0.026818964804523556
5266,4,0,0.01050635300300426,-4.545213222503662,0.020496533478652126
3747,4,0,0.005691225595186069,-5.163122177124023,0.013392412847376724
4372,4,0,0.026416142090938958,-3.607008695602417,0.038803983382710586
3280,4,0,0.09309763453558727,-2.276386022567749,0.09298974811857953
764,4,0,0.013479519600408647,-4.293012619018555,0.024360162803578646
5047,4,0,0.008087523218574949,-4.809312343597412,0.017094275650229567
422,4,0,0.003289459896039539,-5.7137370109558105,0.009146058514369358
4949,4,0,0.006644416441702003,-5.007311820983887,0.014913658969862659
1246,4,0,0.00501555714636759,-5.290182590484619,0.012266035037913492
2893,4,0,0.003744769416071731,-5.583643436431885,0.0100098603239519
3752,4,0,0.0070414856649608365,-4.948869705200195,0.015527123794097512
4812,4,0,0.02411355145888802,-3.7005722522735596,0.03643223090872517
1882,4,0,0.036156573559644696,-3.2830700874328613,0.04821067267415601
2825,4,0,0.003472693224470041,-5.659346103668213,0.009497838605977676
2112,4,0,0.022608938978644178,-3.7665414810180664,0.03484446531257052
1842,4,0,0.017330025818177257,-4.037832736968994,0.028989263025575262
3522,4,0,0.0031496062254568074,-5.757323265075684,0.008873501691062421
393,4,0,0.027716318839876398,-3.557626247406006,0.040114846619215154
429,4,0,0.001146159504935753,-6.770191669464111,0.004384859968992467
1664,4,0,0.013534478557892419,-4.288887977600098,0.024428918638940058
4038,4,0,0.006174748031358309,-5.0810933113098145,0.014173174988019897
4574,4,0,0.0009728108301333061,-6.934347629547119,0.003910465459837768
5777,4,1,0.9060196263108742,2.265974998474121,0.7117468268852406
2602,4,0,0.8455291049309497,1.6999568939208984,0.6242048240134511
3476,4,0,0.14092945979976335,-1.8075915575027466,0.12462830816981857
5018,4,0,0.5324755425738117,0.1300853043794632,0.35614612431950693
125,4,0,0.0072308500915012515,-4.9221415519714355,0.01581590213237336
3426,4,0,0.008400317507234483,-4.771049976348877,0.01755044073147545
240,4,0,0.004336644187530187,-5.43630838394165,0.011085955880702035
5093,4,0,0.0031831977317381874,-5.746680736541748,0.008939300276620725
1451,4,0,0.021658707090588196,-3.810451030731201,0.03382483159396248
5376,4,0,0.0042203586338476085,-5.463605880737305,0.010878293744059101
2929,4,0,0.0015562871236966117,-6.463894844055176,0.005428400683780915
254,4,0,0.004908562949489511,-5.311853408813477,0.012083492238319874
596,4,0,0.020202041740467018,-3.8815627098083496,0.032234334722147415
1622,4,0,0.0031265022360190227,-5.764708995819092,0.00882812096732774
5763,4,1,0.9932537740475555,4.992002964019775,0.9433871022198413
533,4,0,0.00030437583409525647,-8.096942901611328,0.0017359163666849375
81,4,0,0.011249295975078576,-4.476136684417725,0.02149075040789654
4439,4,0,0.016710461222148826,-4.074868679046631,0.02826791784528286
546,4,0,0.27422558388070223,-0.9732881784439087,0.20343658455475003
5738,4,1,0.2210148364034084,-1.259762167930603,0.172844021171239
1894,4,0,0.23483979548627162,-1.1811816692352295,0.18085513756871885
2887,4,0,0.21248547728688746,-1.31000816822052,0.16787027076361666
3790,4,0,0.6928111927690171,0.8132949471473694,0.47163076802506254
3625,4,0,0.004932842778516332,-5.306894779205322,0.01212502275107033
1809,4,0,0.002770666483599921,-5.885892868041992,0.008115546880300167
1953,4,0,0.03342029476543949,-3.364600419998169,0.04565689854696042
5094,4,0,0.15766766957914025,-1.675685167312622,0.135062067869954
854,4,0,0.004387182718221764,-5.424671173095703,0.011175671718494816
2788,4,0,0.42810400376197333,-0.289590984582901,0.29191961231667096
1829,4,0,0.002764418048189595,-5.888156890869141,0.008102791960298691
4027,4,0,0.006934847478801084,-4.964237213134766,0.015363445160931513
3405,4,0,0.007772261640713754,-4.849391460418701,0.01662894514474638
4056,4,0,0.0027835391655182534,-5.881244659423828,0.008141796131809759
1603,4,0,0.021542358138312782,-3.8159563541412354,0.03369904029206684
3980,4,0,0.003694079558012619,-5.597322940826416,0.009915356675011327
2102,4,0,0.005196610484162519,-5.254538536071777,0.012572221461367706
5168,4,0,0.0012726687882983743,-6.665365695953369,0.004717342442703208
56,4,0,0.13917352017199627,-1.8221714496612549,0.12351848208255593
4223,4,0,0.004109796655903847,-5.49026346206665,0.010679213898480576
514,4,0,0.14562700156378178,-1.7693192958831787,0.1275823457776972
3860,4,0,0.023477596887332874,-3.7279510498046875,0.03576499052724368
4656,4,0,0.03080904857216007,-3.448653221130371,0.043159235417317546
3870,4,0,0.006591891528256231,-5.01530122756958,0.014831670764802
1085,4,0,0.0007831715661355537,-7.1513752937316895,0.00336086411223812
3735,4,0,0.29583529220977456,-0.8672094345092773,0.21574229773463185
158,4,0,0.0013801443625278643,-6.58418607711792,0.00499196308841783
4892,4,0,0.04778138975907815,-2.9921584129333496,0.05846937483536635
3107,4,0,0.0011377914179604145,-6.777527809143066,0.004362484814268425
1489,4,0,0.0021069540521969094,-6.160402774810791,0.006705517517805324
4035,4,0,0.1692833683855068,-1.590714693069458,0.14216681490631816
2173,4,0,0.012407829343694261,-4.376942157745361,0.023001401648845333
1233,4,0,0.04598510495587845,-3.0323617458343506,0.05693833301193049
5388,4,0,0.0035878719643513534,-5.626601696014404,0.009716045354615795
4335,4,0,0.00846630470718621,-4.763158798217773,0.01764599617257818
1698,4,0,0.10120307176741702,-2.1839280128479004,0.09859755799857424
2094,4,0,0.01711916730091988,-4.050289154052734,0.028744679421871873
2699,4,0,0.005156300392463416,-5.26236629486084,0.012504339962812772
3206,4,0,0.003057746978189546,-5.787014484405518,0.008692459316843832
5436,4,0,0.004067938674812421,-5.500542640686035,0.010603415082412871
575,4,0,0.0028978125993949083,-5.840897083282471,0.008373212334335994
2203,4,0,0.0017753239087909057,-6.331995487213135,0.005950670319038445
1007,4,0,0.27405077174125025,-0.9741666913032532,0.20333688916985915
5421,4,0,0.0010125952334928798,-6.894225597381592,0.004021468462651315
5589,4,1,0.9923196967566715,4.861386299133301,0.9382981424273678
4614,4,0,0.0006179190273764619,-7.388535022735596,0.0028479569510527747
2837,4,0,0.03951910946447679,-3.1906497478485107,0.051269414354195485
4118,4,0,0.001038458892639809,-6.868978500366211,0.0040929209405688284
3718,4,0,0.010709074048868545,-4.525897026062012,0.02076992480595602
1588,4,0,0.0012111408925813028,-6.714980602264404,0.004556959376676771
2971,4,0,0.004218038717290265,-5.464158058166504,0.010874133069103726
4540,4,0,0.0032665937923591717,-5.720735549926758,0.009101742243909007
126,4,0,0.9198217996365897,2.4399282932281494,0.7360858651750796
1676,4,0,0.18482190651357988,-1.4840139150619507,0.15152712285627568
4974,4,0,0.002561471382418263,-5.964608669281006,0.007683561046401329
1763,4,0,0.003295066232444527,-5.712028503417969,0.009156909580646806
4573,4,0,0.001497628463412814,-6.502373695373535,0.005284815286194415
5118,4,0,0.0030804352430307083,-5.779599189758301,0.00873732816448888
3078,4,0,0.013569346957395024,-4.286279678344727,0.02447249537744052
115,4,0,0.0053868256312936845,-5.218397617340088,0.012890378673740446
2046,4,0,0.12877574087444557,-1.9118269681930542,0.11687919903628557
1662,4,0,0.0034459433889082185,-5.667105674743652,0.009446844801234344
430,4,0,0.000693088710016061,-7.2736592292785645,0.003085841102450371
4031,4,0,0.03877651201774324,-3.2103922367095947,0.050600967978774544
1746,4,0,0.002772131925760263,-5.88536262512207,0.008118537008915787
1398,4,0,0.12652566893021572,-1.9320335388183594,0.11542624793356818
4758,4,0,0.0037072704864519715,-5.593745231628418,0.009939987328617561
1447,4,0,0.016329317334320408,-4.098329067230225,0.02782003010996189
4228,4,0,0.0038519973007171164,-5.555304050445557,0.010208486429340512
2698,4,0,0.02644478008655229,-3.605895757675171,0.03883306858791428
3817,4,0,0.06731467988670196,-2.6286895275115967,0.07416361098625253
1633,4,0,0.00145799512135073,-6.529233932495117,0.0051868304003427484
3304,4,0,0.06747341704776658,-2.626163959503174,0.07428516466727265
5807,4,1,0.7442154242117518,1.0679949522018433,0.5161936643762252
1644,4,0,0.00379608546538974,-5.569981575012207,0.010105131885228
4895,4,0,0.00894349822889113,-4.7078447341918945,0.01833029216277804
465,4,0,0.002227354113567757,-6.104711055755615,0.006970391798488536
1101,4,0,0.02911662679222389,-3.50689697265625,0.04150559510189133
3966,4,0,0.031127899733002305,-3.43802809715271,0.04346761187942058
865,4,0,0.053074199744359514,-2.8815298080444336,0.06288386577068525
2906,4,0,0.004725695109005247,-5.350003719329834,0.01176863298833105
4365,4,0,0.0034464903543697327,-5.6669464111328125,0.009447888707890343
5160,4,0,0.004976970320619411,-5.29794454574585,0.012200341753501955
4247,4,0,0.0024756617678718183,-5.9987688064575195,0.007503266398646763
5082,4,0,0.0055636424037224285,-5.185923099517822,0.013183029869899695
4705,4,0,0.013647845873176722,-4.280431747436523,0.024570472098304357
3505,4,0,0.13304322740721206,-1.8743150234222412,0.11961857899114402
796,4,0,0.0010651980726997417,-6.843528747558594,0.004166226522916863
4581,4,0,0.014376280631961873,-4.227694988250732,0.025471470227845718
1095,4,0,0.013668106159763877,-4.278927803039551,0.024595731058626367
5329,4,0,0.06456621350077744,-2.673319101333618,0.07204560675635581
311,4,0,0.023992683808807244,-3.705721139907837,0.03630584102741058
5655,4,1,0.9960123171343795,5.520549297332764,0.9602064236582526
4932,4,0,0.19157681638417884,-1.439796805381775,0.15555200264129274
3715,4,0,0.06021366969757005,-2.747753143310547,0.06863695114469773
2251,4,0,0.0012955162878488455,-6.647549629211426,0.004776294538924266
2566,4,0,0.0015170288860794738,-6.48948335647583,0.005332490304783005
4561,4,0,0.0008974244519870577,-7.0150837898254395,0.0036962634762861884
2072,4,0,0.0019151743492365435,-6.2560296058654785,0.006273826996000647
2338,4,0,0.0009751697154973026,-6.9319233894348145,0.0039170849588091835
3622,4,0,0.0019112771892694509,-6.258070468902588,0.00626492139094889
3153,4,0,0.002427693446936274,-6.018383026123047,0.0074016480940971635
4554,4,0,0.13305000626620508,-1.8742562532424927,0.11962291400114773
180,4,0,0.0024998673144178813,-5.989014625549316,0.007554315616259096
1913,4,0,0.0036892653007195688,-5.598631858825684,0.009906360564832352
1354,4,0,0.005749946566700539,-5.152798175811768,0.013488294842181621
5445,4,1,0.8701898531142649,1.9026384353637695,0.6568743256248699
5761,4,1,0.9960347421799949,5.526211261749268,0.9603576784122121
2861,4,0,0.09155764914012884,-2.29476261138916,0.09190982270905322
2208,4,0,0.00204988788418728,-6.187918186187744,0.006578366305953612
1328,4,0,0.004049861871183139,-5.505014419555664,0.010570606481136278
1607,4,0,0.02361044919222195,-3.722172260284424,0.03590483679671623
4979,4,0,0.00175340879881829,-6.344438552856445,0.005899338189043128
1086,4,0,0.0022422673331365926,-6.098022937774658,0.007002891808431778
2974,4,0,0.0015101546710654208,-6.49403190612793,0.005315618813645455
1164,4,0,0.0029271938684597484,-5.830779552459717,0.008432257660849677
3366,4,0,0.05031223156268016,-2.937885046005249,0.060597535788514185
1704,4,0,0.0027516819631316597,-5.892787456512451,0.008076766436189719
1435,4,0,0.0023549037469824084,-6.048897743225098,0.007246265181078107
1207,4,0,0.034411014750715556,-3.3343615531921387,0.046588684705642584
2841,4,0,0.020077932580280615,-3.8878517150878906,0.03209720454873893
4900,4,0,0.012189958065338742,-4.394877910614014,0.02272077798086137
4750,4,0,0.0034190804280725324,-5.6749587059021,0.009395512903503505
5113,4,0,0.005665479418149065,-5.16768217086792,0.013350277217603596
3251,4,0,0.0411250040264561,-3.149144411087036,0.05270204312112137
4839,4,0,0.014610046738466564,-4.211328029632568,0.025757583166175897
5321,4,0,0.00363456185857099,-5.613625526428223,0.009803884707819148
1216,4,0,0.010914788310165763,-4.506661891937256,0.02104571457967986
2435,4,0,0.1277022549089915,-1.9214293956756592,0.11618676901515254
5215,4,0,0.048836842666436384,-2.969200611114502,0.05936090280115253
2969,4,0,0.0010438239384331352,-6.8638200759887695,0.004107674757367443
5654,4,1,0.4297502045878182,-0.2828703820705414,0.29289355996930955
2927,4,0,0.0012921071910049482,-6.650187969207764,0.004767518430752445
2366,4,0,0.001978013193644033,-6.223682403564453,0.006416670149592136
5564,4,1,0.9284253269084387,2.562748670578003,0.7524549371302752
130,4,0,0.0021678972185626057,-6.131827354431152,0.006840151362877805
717,4,0,0.09148119189938676,-2.295682191848755,0.09185607954086238
5449,4,1,0.8189921532766752,1.5095341205596924,0.5924393937007328
320,4,0,0.019821636882067187,-3.9009604454040527,0.031813182829704724
5104,4,0,0.006441858392947579,-5.038475513458252,0.014596356918242933
5293,4,0,0.011919367854161348,-4.417599678039551,0.022370070265149037
1680,4,0,0.0009329746198714765,-6.976199150085449,0.003797928776543141
1850,4,0,0.013767871941058376,-4.271553993225098,0.02471994197940333
5537,4,1,0.18804151698586216,-1.4627864360809326,0.15344858343813855
2468,4,0,0.0014178440277849002,-6.557199001312256,0.005086735126672967
3913,4,0,0.01786353995928569,-4.0069684982299805,0.02960401682710988
55,4,0,0.04388920678657367,-3.081205368041992,0.05512893415178936
5242,4,0,0.0024469412213784505,-6.010466575622559,0.007442496582090275
5369,4,0,0.0018568822571315485,-6.2869977951049805,0.0061400354189721
5660,4,1,0.9526536392318268,3.0017614364624023,0.8052193305713936
5677,4,1,0.9380677740996839,2.7177815437316895,0.772122701503479
2961,4,0,0.12965791102526525,-1.9039868116378784,0.11744720437469638
428,4,0,0.6246655607562669,0.5093989372253418,0.41910393330660667
2910,4,0,0.12388068150868867,-1.9561834335327148,0.11371037788618543
4348,4,0,0.005964774043414187,-5.115901470184326,0.0138365312463765
1780,4,0,0.022673283122613356,-3.7636337280273438,0.03491302311274257
512,4,0,0.018310827208799587,-3.9817821979522705,0.030115025575591745
5288,4,0,0.006881668551587919,-4.971988677978516,0.015281530272919154
4246,4,0,0.0019794774939766928,-6.222940921783447,0.006419982090692138
2139,4,0,0.004916807845693828,-5.310166835784912,0.012097602172154833
650,4,0,0.006707610924424563,-4.997782230377197,0.015012036598193104
31,4,0,0.000973555368899535,-6.933581829071045,0.0039125553083574445
715,4,0,0.016860928697743072,-4.065751552581787,0.028443857555914994
4861,4,0,0.0022255999075699944,-6.1055006980896,0.00696656453671255
5604,4,1,0.29207205849300305,-0.8853417634963989,0.21360121421879516
5653,4,1,0.9913362515869503,4.739906311035156,0.9331844502124155
4485,4,0,0.28609379634403137,-0.9144318699836731,0.210198646553217
2965,4,0,0.0016760365053236769,-6.389646053314209,0.005716518418641315
4846,4,0,0.032166366960056314,-3.4041388034820557,0.04446530293465699
3609,4,0,0.0012932977840408456,-6.649265766143799,0.004770584198077572
2318,4,0,0.034528189541954864,-3.330840826034546,0.04669834149747324
2535,4,0,0.027871677542200282,-3.5518767833709717,0.040270197244791577
598,4,0,0.001454370284693832,-6.531726837158203,0.005177828569439553
1342,4,0,0.01107702213899761,-4.491743564605713,0.02126207507200281
5175,4,0,0.06977480650077036,-2.590153694152832,0.07603834899506344
2402,4,0,0.0043860498240054745,-5.424930572509766,0.011173664105601581
1042,4,0,0.024247786337813774,-3.694883346557617,0.03657236890724685
501,4,0,0.0010462431971676178,-6.861502647399902,0.004114320158298484
1660,4,0,0.06611506449607266,-2.647956609725952,0.07324230755439659
1994,4,0,0.00715422466714617,-4.932872295379639,0.015699334686919673
5508,4,1,0.816298770166238,1.4914697408676147,0.5893808238331897
3264,4,0,0.029260555823242898,-3.5018177032470703,0.04164735806072155
4455,4,0,0.006714457616877422,-4.996755123138428,0.015022677897016036
3920,4,0,0.00218017871623374,-6.126165866851807,0.006867142535923965
3087,4,0,0.02102113932776208,-3.8409814834594727,0.03313290945066179
5012,4,0,0.0050465991435681475,-5.2839813232421875,0.012318770376732357
4637,4,0,0.011112330577339874,-4.488525390625,0.021309032800373006
1430,4,0,0.15176349198772876,-1.7208361625671387,0.13141013171447627
2222,4,0,0.0034822293140388855,-5.656594276428223,0.009515988278783761
3058,4,0,0.0007646562713840003,-7.175319194793701,0.0033051547449684283
3288,4,0,0.010399678471057425,-4.555526256561279,0.02035201409777536
3615,4,0,0.004546461293509756,-5.388849258422852,0.011456366752299562
4258,4,0,0.0035980838874816773,-5.623749256134033,0.009735287257752282
2395,4,0,0.008017999168777903,-4.818016052246094,0.016992147443662446
3583,4,0,0.018105103293508784,-3.993290424346924,0.029880481482215848
176,4,0,0.01648471132864364,-4.088699817657471,0.0280030242152954
4786,4,0,0.03569296623348187,-3.2964560985565186,0.04778226910817409
5762,4,1,0.3057235673885566,-0.8201888799667358,0.22136679743201498
5154,4,0,0.01618846662108679,-4.10713529586792,0.02765369397138794
2171,4,0,0.012578829606669853,-4.363081455230713,0.02322058252132571
4134,4,0,0.004238114477602843,-5.459389686584473,0.01091011485482222
3100,4,0,0.0368443547934844,-3.26351261138916,0.04884314696974679
863,4,0,0.00398637818604551,-5.520877838134766,0.010455027593173363
5834,4,1,0.9850314154708013,4.18671989440918,0.9045820056449905
1021,4,0,0.0011737361377837285,-6.746388912200928,0.004458247880763281
99,4,0,0.0030059845550465913,-5.804139614105225,0.008589708634192252
564,4,0,0.00339388708414971,-5.682379722595215,0.009347258836397958
5058,4,0,0.010174876630164623,-4.577606678009033,0.020045942322842736
5813,4,1,0.02282063669296208,-3.757004976272583,0.035069799433614796
4088,4,0,0.012442104901914369,-4.374148845672607,0.023045409466184302
1821,4,0,0.09404620980109214,-2.265202045440674,0.09365255186913052
3806,4,0,0.0075045623591805275,-4.884711265563965,0.016229209518268253
1907,4,0,0.0012262441198739474,-6.702572345733643,0.004596553471763096
1458,4,0,0.001032642178092611,-6.874601364135742,0.004076898872241002
954,4,0,0.07026469915704549,-2.5826303958892822,0.07640939007277474
1820,4,0,0.018087157994201252,-3.994300365447998,0.02985998302208345
5675,4,1,0.34331188349414193,-0.6485698819160461,0.24277705935534294
2013,4,0,0.06252184946723333,-2.7076773643493652,0.07045320905478145
4475,4,0,0.44447765492015406,-0.22300904989242554,0.30165188945497035
