COMPANY_ID,xgboost_score,xgboost_rank,xgboost_probability,actual,xgboost_in_top10,lightgbm_score,lightgbm_rank,lightgbm_probability,lightgbm_in_top10,review_difference
ESIK-00001,0.009116613,444,0.014481563785439,0,False,5.4282231566941314e-08,691,0.0096358778111059,False,neither
ESIK-00004,0.016747648,316,0.0233019236052118,0,False,1.39242623015873e-05,198,0.0447588257879081,False,neither
ESIK-00011,0.0019265927,836,0.0042817213499119,0,False,4.311629119977932e-08,727,0.0090326306867697,False,neither
ESIK-00012,0.08610522,160,0.0839643319472235,0,False,1.7561099257985275e-06,306,0.0253969183200333,False,neither
ESIK-00015,0.003345855,677,0.0066027804301946,0,False,1.4302487851985576e-08,894,0.0066232352773656,False,neither
ESIK-00019,0.0014678304,910,0.0034584008541146,0,False,1.4262803050956564e-08,895,0.0066180570258039,False,neither
ESIK-00022,0.004204587,617,0.0078982134162892,0,False,2.862170225045553e-07,482,0.0153455736803306,False,neither
ESIK-00026,0.013791603,357,0.0200196156896955,0,False,4.360172587946304e-08,724,0.0090610725516745,False,neither
ESIK-00043,0.0035104556,656,0.0068562167589018,0,False,9.765836081208058e-09,951,0.0059485381888342,False,neither
ESIK-00049,0.0010330206,993,0.0026244212938859,0,False,1.5855184495103224e-09,1119,0.0035622238183339,False,neither
ESIK-00053,0.43229005,84,0.3218433672062562,0,True,0.0005216427694188,120,0.115700854834003,False,xgboost_only
ESIK-00074,0.0021530832,812,0.0046720823706328,0,False,3.0319450955919615e-08,778,0.0081819001150954,False,neither
ESIK-00080,0.0039116116,629,0.0074633738430762,0,False,1.5219259008532093e-07,554,0.0128631712744675,False,neither
ESIK-00085,0.036208987,237,0.0425674893883322,0,False,1.7700135606780362e-06,303,0.0254522896742232,False,neither
ESIK-00089,0.12602066,134,0.1135676332366934,0,False,0.0034447641284825,100,0.1827146172997278,True,lightgbm_only
ESIK-00092,0.0008831654,1032,0.0023203430302323,0,False,2.3945766217989438e-09,1095,0.0040019235344843,False,neither
ESIK-00095,0.015518925,333,0.0219544803649976,0,False,2.2996186434571058e-07,513,0.0144361961373013,False,neither
ESIK-00097,0.0056978865,561,0.0100224823333096,0,False,1.3149055479407592e-08,910,0.0064682996637119,False,neither
ESIK-00098,0.07334808,164,0.0740036709844577,0,False,4.11373877462693e-05,164,0.0598781076914072,False,neither
ESIK-00100,0.012583077,376,0.0186341609286984,0,False,3.919864644153181e-08,741,0.0087941867843129,False,neither
ESIK-00102,0.001301982,943,0.0031475956083033,0,False,1.147329486693621e-08,932,0.0062247133405696,False,neither
ESIK-00118,0.002244463,798,0.0048270206998278,0,False,3.053079140566187e-08,776,0.0081978887206424,False,neither
ESIK-00127,0.0035017508,657,0.0068428797711027,0,False,5.740851938207791e-08,684,0.0097884855059265,False,neither
ESIK-00131,0.03696854,233,0.0432639465441991,0,False,8.509494337130523e-06,222,0.0391573802405246,False,neither
ESIK-00138,0.008362169,469,0.0135348000189339,0,False,1.263631581970973e-07,583,0.0122108639356567,False,neither
ESIK-00143,0.001264758,951,0.0030766916582803,0,False,6.946810481722821e-09,997,0.0054041947120652,False,neither
ESIK-00157,0.0010283622,994,0.0026151189416324,0,False,8.84551409894877e-09,970,0.0057849648859465,False,neither
ESIK-00159,0.0010902482,983,0.0027379799974336,0,False,3.3823246658610915e-08,758,0.0084372447962244,False,neither
ESIK-00164,0.00020131048,1167,0.0007255692897848,0,False,2.5038989562591467e-09,1091,0.0040526642900315,False,neither
ESIK-00165,0.0007397865,1070,0.0020187990045858,0,False,2.463752999119539e-08,808,0.0077182489537531,False,neither
ESIK-00166,0.019391695,299,0.0261305531256314,0,False,1.056080748777574e-06,351,0.0220638050324474,False,neither
ESIK-00168,0.0011590758,968,0.0028728713814468,0,False,2.564306554582378e-09,1088,0.0040800215449466,False,neither
ESIK-00170,0.0007170465,1080,0.0019698665186356,0,False,6.201218637825863e-09,1004,0.0052339894759611,False,neither
ESIK-00182,0.8546524,49,0.7033271310442575,0,True,0.4019094300799726,68,0.4988178025259894,True,both
ESIK-00194,0.0006717911,1090,0.0018714763608048,0,False,8.878119684688952e-09,968,0.0057909645426818,False,neither
ESIK-00195,0.00040675083,1142,0.0012614993211892,0,False,1.3172339719870267e-08,909,0.0064715223232687,False,neither
ESIK-00196,0.0011498716,973,0.0028549349730463,0,False,1.989962347965729e-08,843,0.007268295447329,False,neither
ESIK-00208,0.0020835695,816,0.0045532644218259,0,False,1.2392621185131257e-08,921,0.006361293535403,False,neither
ESIK-00209,0.0034987323,658,0.0068382529547035,0,False,8.168761514417234e-06,226,0.0387240102923082,False,neither
ESIK-00222,0.008083863,477,0.0131808723176784,0,False,1.2566278673750896e-07,584,0.0121918818813327,False,neither
ESIK-00229,0.0030207958,708,0.0060941084429534,0,False,1.1735061231515197e-07,597,0.011960528126136,False,neither
ESIK-00231,0.000984572,1004,0.0025272210530817,0,False,1.7803374011120247e-09,1116,0.0036807116028507,False,neither
ESIK-00234,0.027592395,267,0.0344222176079857,0,False,7.514212502865351e-07,379,0.0200759684400001,False,neither
ESIK-00239,0.46663833,80,0.3461431086531408,0,True,0.4582947660139657,65,0.5151285568803343,True,both
ESIK-00242,0.01881446,302,0.0255206626147206,0,False,6.269790828345163e-08,674,0.0100335455865715,False,neither
ESIK-00244,0.007099026,504,0.0119060615673994,0,False,6.511109709481376e-08,671,0.010140406113011,False,neither
ESIK-00246,0.041260894,221,0.0471442098908099,0,False,1.979861682584219e-06,299,0.0262517755095677,False,neither
ESIK-00256,0.008816274,452,0.0141068069611461,0,False,5.905193131845694e-07,401,0.0187757798497685,False,neither
ESIK-00257,0.028733142,263,0.035529282830511,0,False,3.0642264613435523e-06,268,0.0296080888189173,False,neither
ESIK-00266,0.008793561,453,0.0140783522200704,0,False,2.739933501643618e-07,488,0.0151598071781513,False,neither
ESIK-00268,0.0036913778,644,0.0071318198254226,0,False,3.011739635076798e-08,779,0.008166538674079,False,neither
ESIK-00272,0.0026982068,746,0.005577383206678,0,False,6.971998580574607e-09,995,0.0054097100678688,False,neither
ESIK-00278,0.0025046996,771,0.005261017525525,0,False,1.2774191954477536e-07,579,0.0122480109678068,False,neither
ESIK-00279,0.006511009,525,0.0111265232292738,0,False,3.160122577024325e-07,465,0.0157754136962541,False,neither
ESIK-00281,0.015224774,337,0.0216284802626431,0,False,7.737977965104759e-08,643,0.0106433775640423,False,neither
ESIK-00285,0.003318664,682,0.0065606559191198,0,False,1.5306554907650853e-08,884,0.0067509369592838,False,neither
ESIK-00290,0.0019165749,837,0.0042642334506504,0,False,1.6976931789727418e-08,866,0.0069506137385368,False,neither
ESIK-00294,0.0019033119,838,0.0042410495480828,0,False,3.041648352751864e-09,1072,0.0042813755947083,False,neither
ESIK-00304,0.0007473828,1069,0.0020350723130372,0,False,2.724441489029445e-09,1082,0.0041503671098357,False,neither
ESIK-00309,0.046708457,207,0.0519471326842633,0,False,1.8330055886378864e-05,190,0.0482102150568653,False,neither
ESIK-00317,0.0025235994,770,0.0052921449249462,0,False,1.526758365637572e-08,885,0.0067460947934477,False,neither
ESIK-00319,0.022338998,284,0.0291854719017317,0,False,1.9057574969071293e-07,534,0.0136980386131644,False,neither
ESIK-00340,0.0006834685,1085,0.0018969970759676,0,False,1.430854781890683e-09,1127,0.0034604628007555,False,neither
ESIK-00344,0.0010442352,989,0.0026467795877884,0,False,1.0282177932899484e-09,1143,0.0031521159146455,False,neither
ESIK-00356,0.021825666,286,0.0286600879148607,0,False,8.829346124799361e-07,365,0.020995081437396,False,neither
ESIK-00359,0.020320902,294,0.0271040317825505,0,False,1.8900414966103897e-07,537,0.0136663724101762,False,neither
ESIK-00379,0.0012644238,952,0.0030760529708256,0,False,2.8654904821864198e-09,1078,0.0042099060953742,False,neither
ESIK-00385,0.001341121,937,0.0032216775151076,0,False,2.2106303785264256e-09,1103,0.0039126522113237,False,neither
ESIK-00395,0.0024392202,778,0.0051527785396081,0,False,1.4362406189394765e-06,323,0.024024107800554,False,neither
ESIK-00396,0.0020171287,822,0.0044388938037125,0,False,6.892784460944437e-08,666,0.0103037221884187,False,neither
ESIK-00397,0.0012430376,954,0.0030351112114252,0,False,1.1933829934330918e-07,593,0.0120169043477056,False,neither
ESIK-00406,0.0015605445,890,0.0036288146189755,0,False,8.905110318595341e-09,966,0.0057959190199407,False,neither
ESIK-00410,0.00029517882,1159,0.0009803909347238,0,False,5.84826912815072e-10,1158,0.0026875887866581,False,neither
ESIK-00415,0.033845477,244,0.0403797296030001,0,False,5.972617737315699e-06,240,0.0355528694486165,False,neither
ESIK-00420,0.0013959057,926,0.0033245956595459,0,False,3.33260467359856e-08,764,0.0084022095920787,False,neither
ESIK-00424,0.5399301,72,0.40013181289569,0,True,0.0073414273323563,93,0.21711920645368,True,both
ESIK-00435,0.001878531,844,0.0041976384990138,0,False,5.430797535871576e-09,1021,0.0050418610783585,False,neither
ESIK-00440,0.0014452698,913,0.003416585757724,0,False,2.8771335053116825e-08,787,0.0080622584117801,False,neither
ESIK-00448,0.257397,108,0.2034883875423733,0,True,0.0002934615432877,126,0.1000331733638943,False,xgboost_only
ESIK-00452,0.015931372,327,0.0224093084213617,0,False,9.048500079620054e-07,363,0.0211383617388354,False,neither
ESIK-00453,0.004056574,623,0.0076793849849505,0,False,1.3482798147066908e-07,573,0.0124344792983097,False,neither
ESIK-00455,0.006355053,531,0.0109172253962332,0,False,2.521355607872069e-06,281,0.0280610899587649,False,neither
ESIK-00466,0.014075122,353,0.0203407033754856,0,False,3.430541012745605e-06,264,0.0305414324541671,False,neither
ESIK-00467,0.002273477,796,0.0048759273686236,0,False,5.982474795975648e-08,678,0.0099023696552346,False,neither
ESIK-00471,0.006542726,523,0.0111689534190141,0,False,1.83868374549856e-07,540,0.0135615427506136,False,neither
ESIK-00475,0.0068846215,511,0.0116235264586228,0,False,1.9145202386969933e-06,300,0.0260097709825446,False,neither
ESIK-00478,0.065485634,171,0.0676962269562691,0,False,8.22690162837719e-06,224,0.0387988901754963,False,neither
ESIK-00486,0.004383466,607,0.0081604489554198,0,False,2.1233477373828616e-08,826,0.0074021567624677,False,neither
ESIK-00489,0.0021943424,806,0.0047422122160943,0,False,1.1919877801718029e-07,595,0.0120129694043046,False,neither
ESIK-00493,0.003830434,632,0.0073416494208193,0,False,3.4200625733814744e-08,756,0.0084635896014151,False,neither
ESIK-00500,0.0008765198,1034,0.0023066123635364,0,False,7.062701323273423e-09,994,0.0054294529401371,False,neither
ESIK-00502,0.003129778,697,0.0062659176918797,0,False,3.3469948292818255e-08,763,0.0084123881752477,False,neither
ESIK-00504,0.00044695547,1135,0.0013585365032435,0,False,2.657937137851429e-09,1084,0.0041215232871077,False,neither
ESIK-00515,0.0007902353,1055,0.0021262215942685,0,False,8.63044145666607e-10,1148,0.0029999752668988,False,neither
ESIK-00529,0.005797959,557,0.0101601337017506,0,False,1.0679498513943824e-08,938,0.0061002887763252,False,neither
ESIK-00531,0.00079933414,1050,0.0021454368991293,0,False,4.517632363591993e-09,1037,0.0047868089296193,False,neither
ESIK-00538,0.0068924213,510,0.0116338380288983,0,False,2.518769689550209e-07,500,0.0148078257652536,False,neither
ESIK-00539,0.0007356728,1073,0.0020099710944647,0,False,8.894791331416375e-09,967,0.0057940261155578,False,neither
ESIK-00543,0.0023604229,785,0.0050216849666442,0,False,2.30844194538531e-07,512,0.0144516437646096,False,neither
ESIK-00544,0.0025953837,760,0.0054099137136517,0,False,1.857635703429701e-08,851,0.0071289448251197,False,neither
ESIK-00551,0.10567415,149,0.0987243847764383,0,False,1.335062434945739e-07,574,0.0124002453321879,False,neither
ESIK-00558,0.0027628161,741,0.0056819034383921,0,False,5.954331246244461e-10,1156,0.0027012745994138,False,neither
ESIK-00561,0.0034603241,662,0.0067793084457183,0,False,2.4650826377757584e-08,807,0.0077194199556828,False,neither
ESIK-00571,0.0009944461,999,0.0025471131589139,0,False,2.5916263585323723e-09,1087,0.0040922420747467,False,neither
ESIK-00573,0.006185971,538,0.0106890378168772,0,False,3.072003481166395e-07,470,0.0156514668959362,False,neither
ESIK-00576,0.0007731591,1062,0.0020900303626611,0,False,2.832508421371941e-09,1079,0.004196175918391,False,neither
ESIK-00586,0.010039332,415,0.0156164517890448,0,False,3.5650206012224205e-06,261,0.0308657065049527,False,neither
ESIK-00605,0.021921543,285,0.0287584212606339,0,False,9.930281292839813e-07,355,0.021690527674118,False,neither
ESIK-00607,0.0062100966,536,0.0107216797499405,0,False,2.618341178808185e-07,495,0.0149689576313975,False,neither
ESIK-00608,0.0012181324,959,0.0029872404669975,0,False,2.8108411576628744e-07,484,0.0152682822180838,False,neither
ESIK-00610,0.000465742,1127,0.001403230794561,0,False,2.4747167642223943e-09,1092,0.00403927807547,False,neither
ESIK-00613,0.0011063642,980,0.0027697255079198,0,False,1.23174866263518e-08,922,0.0063504104306118,False,neither
ESIK-00615,0.0014744427,909,0.0034706301496982,0,False,4.02609554255312e-08,735,0.0088604830520202,False,neither
ESIK-00616,0.010137945,411,0.0157363506231766,0,False,2.855349722110663e-06,272,0.0290386616414996,False,neither
ESIK-00622,0.0011256379,976,0.0028075606987283,0,False,7.528290729694289e-08,645,0.0105617142345419,False,neither
ESIK-00625,0.003596508,650,0.0069876785252048,0,False,2.3488083315128518e-08,813,0.0076152484676797,False,neither
ESIK-00633,0.0030508603,703,0.0061416374510411,0,False,7.315735288623955e-08,655,0.010477238666158,False,neither
ESIK-00637,0.0005817484,1110,0.0016713197130733,0,False,7.371402054689208e-10,1152,0.0028692520624758,False,neither
ESIK-00653,0.000596559,1107,0.0017046757198988,0,False,2.150302798379057e-09,1104,0.0038822134832916,False,neither
ESIK-00659,0.023298342,278,0.0301603185231994,0,False,7.629848821461524e-07,378,0.0201612811311823,False,neither
ESIK-00662,0.003884864,630,0.0074233273058782,0,False,3.9852674325252295e-09,1046,0.0046204925295051,False,neither
ESIK-00673,0.0027860738,738,0.0057193974845624,0,False,2.3216781530805262e-08,815,0.0075904092683088,False,neither
ESIK-00674,0.45888877,81,0.3406125657318876,0,True,0.0138033949424406,88,0.2494084835917782,True,both
ESIK-00678,0.013588323,360,0.0197885071567255,0,False,5.195144328966646e-07,414,0.0181185375101462,False,neither
ESIK-00700,0.20648776,116,0.1693517471987207,0,True,0.0004605328667507,123,0.1121354086787866,False,xgboost_only
ESIK-00702,0.0011106156,979,0.0027780831385115,0,False,3.1850398042334263e-09,1068,0.0043373846030469,False,neither
ESIK-00708,0.0022331073,799,0.0048078423910936,0,False,1.0008582906354089e-07,616,0.0114391843411852,False,neither
ESIK-00709,0.0023965335,781,0.0050818775497498,0,False,2.0640605040847256e-08,834,0.0073434291070614,False,neither
ESIK-00745,0.20049886,118,0.1653006124321161,0,False,0.0001018957957909,143,0.0760929008958427,False,neither
ESIK-00747,0.0014103343,920,0.0033515550201837,0,False,7.663440110803012e-09,988,0.0055558069153359,False,neither
ESIK-00748,0.0026735577,747,0.0055373652939657,0,False,3.4947223598710075e-08,754,0.0085150978711391,False,neither
ESIK-00753,0.007003152,508,0.0117799564346,0,False,2.2564936866966986e-07,515,0.0143600696421463,False,neither
ESIK-00757,0.0007852337,1059,0.0021156388615941,0,False,8.177326928800223e-10,1150,0.0029546121023886,False,neither
ESIK-00760,0.40361026,88,0.3019321338789093,0,True,0.0011845861456214,109,0.1417062573898478,True,both
ESIK-00771,0.0004728729,1126,0.0014200939454695,0,False,7.807172948749525e-10,1151,0.0029161947220319,False,neither
ESIK-00778,0.014644735,345,0.0209815309913714,0,False,1.9948903155721774e-07,529,0.0138741408252845,False,neither
ESIK-00788,0.008880361,448,0.014187005718489,0,False,7.353380903750169e-08,653,0.010492328175559,False,neither
ESIK-00789,0.008862718,450,0.0141649397733633,0,False,4.7033309276789206e-07,421,0.017623922267567,False,neither
ESIK-00792,0.003329256,680,0.0065770739579239,0,False,2.3980107468752736e-08,810,0.0076597732789907,False,neither
ESIK-00793,0.0009857039,1003,0.0025295035581858,0,False,1.59092666403946e-08,878,0.0068247170577573,False,neither
ESIK-00801,0.0018913075,842,0.0042200357630355,0,False,1.4427558058007053e-08,892,0.0066394875852695,False,neither
ESIK-00802,0.0001875485,1168,0.0006862646708296,0,False,1.3276715651432303e-10,1169,0.0017672253802346,False,neither
ESIK-00804,0.09016246,155,0.0870713214830561,0,False,7.620932147681452e-06,227,0.0379983676551404,False,neither
ESIK-00811,0.022840854,281,0.0296965588545969,0,False,9.227993669508292e-07,359,0.021253840698874,False,neither
ESIK-00814,0.015007783,341,0.021387103104193,0,False,1.9948756462318542e-06,297,0.0263065549446019,False,neither
ESIK-00818,0.30227625,101,0.233419074223608,0,True,9.896392574455358e-06,217,0.0407992724779685,False,xgboost_only
ESIK-00821,0.18374817,122,0.1539078263791974,0,False,6.20562699781294e-05,156,0.0667827664146966,False,neither
ESIK-00825,0.017912721,311,0.0245595966395054,0,False,6.335397978473133e-06,235,0.0361302901838206,False,neither
ESIK-00835,0.059042584,182,0.0624129651931128,0,False,6.65476956619337e-06,234,0.0366187772890906,False,neither
ESIK-00839,0.06722114,170,0.0691009523090499,0,False,6.016146283495182e-06,238,0.0356234937663201,False,neither
ESIK-00842,0.019716663,298,0.0264721441371364,0,False,1.3348819954147713e-05,204,0.0442502587078013,False,neither
ESIK-00851,0.012278236,378,0.0182801487478901,0,False,8.284347595737754e-08,636,0.0108488995897,False,neither
ESIK-00852,0.015519129,332,0.0219547059639421,0,False,5.853805683859982e-07,402,0.0187302055230019,False,neither
ESIK-00855,0.0028082565,736,0.0057550953188969,0,False,5.5284459242416936e-08,686,0.0096854767579668,False,neither
ESIK-00862,0.0014220332,918,0.0033733703741868,0,False,1.829240839711141e-07,541,0.0135420380626043,False,neither
ESIK-00864,0.029520754,260,0.0362880455443726,0,False,1.7020110830580207e-05,193,0.0472551979744509,False,neither
ESIK-00873,0.2172529,114,0.1766096596873785,0,True,0.5660893989101743,62,0.5456887366865466,True,both
ESIK-00875,0.0032538706,688,0.0064599736639086,0,False,1.241633229574733e-08,919,0.0063647181797249,False,neither
ESIK-00882,0.011909387,383,0.0178492050419864,0,False,9.12761708516752e-07,362,0.0211894662734364,False,neither
ESIK-00884,0.0008944622,1031,0.0023436332157565,0,False,2.26397214819194e-08,821,0.0075368719537906,False,neither
ESIK-00887,0.00076508266,1063,0.0020728535157073,0,False,3.242369654593653e-09,1067,0.0043592706310664,False,neither
ESIK-00889,0.010113585,413,0.0157067553367884,0,False,3.025573261633803e-07,471,0.0155851185261269,False,neither
ESIK-00891,0.0014613952,911,0.0034464877075861,0,False,1.1881899253850703e-07,596,0.0120022413443834,False,neither
ESIK-00894,0.00072911306,1076,0.0019958725382827,0,False,1.0471277792299407e-09,1142,0.0031683841504021,False,neither
ESIK-00895,0.014879304,342,0.0212438260788606,0,False,1.15034691887365e-07,599,0.0118939641566912,False,neither
ESIK-00905,0.0018298808,854,0.0041120502980876,0,False,4.677471635607632e-09,1034,0.0048339756065593,False,neither
ESIK-00911,0.00073830114,1071,0.0020156127946367,0,False,1.5246192706998299e-09,1121,0.0035230451378833,False,neither
ESIK-00915,0.00052325346,1117,0.0015377357319456,0,False,3.949595305232185e-09,1047,0.0046087893660969,False,neither
ESIK-00920,0.017768519,312,0.0244049303814941,0,False,2.1642492090943142e-08,823,0.0074419866159087,False,neither
ESIK-00927,0.00014783366,1169,0.0005691275380497,0,False,2.8101663230263566e-10,1166,0.0021846750323521,False,neither
ESIK-00929,0.011256931,394,0.0170796217463184,0,False,1.3186787880214457e-05,206,0.0441041284795318,False,neither
ESIK-00930,0.0057997624,556,0.010162609499648,0,False,1.5398310194175735e-06,314,0.0244912025210491,False,neither
ESIK-00932,0.002365299,784,0.005029824456788,0,False,1.6922037177340164e-08,868,0.00694428200051,False,neither
ESIK-00934,0.0011551616,970,0.0028652476641287,0,False,2.0607628748614017e-08,835,0.0073401270895139,False,neither
ESIK-00945,0.013529953,361,0.0197220062710063,0,False,4.6503927207283726e-07,423,0.0175684750332135,False,neither
ESIK-00948,0.0006036694,1105,0.0017206260408568,0,False,6.173981882210202e-09,1005,0.0052274990763116,False,neither
ESIK-00962,0.058097113,184,0.0616280125790212,0,False,2.3933224934881582e-05,178,0.051799277205523,False,neither
ESIK-00975,0.008458511,463,0.0136567129290857,0,False,2.521035751247521e-07,499,0.0148115437350891,False,neither
ESIK-00980,0.0008391688,1039,0.0022290164176828,0,False,1.4604718465640714e-10,1168,0.001815528646131,False,neither
ESIK-00984,0.01373177,358,0.0199516715970322,0,False,1.6061426796521005e-06,311,0.0247782753572867,False,neither
ESIK-00987,0.010957944,399,0.0167237036559795,0,False,5.078855545780683e-07,415,0.0180047645343673,False,neither
ESIK-00994,0.0041159643,622,0.0077673960506633,0,False,2.3491413505381938e-07,508,0.0145223504188472,False,neither
ESIK-00999,0.036679648,235,0.0429994208216645,0,False,8.256473415599035e-07,374,0.020607894938493,False,neither
ESIK-01008,0.00038525037,1146,0.0012087682074872,0,False,1.2541782434927647e-09,1132,0.0033340361593627,False,neither
ESIK-01011,0.00097467046,1007,0.0025072305204592,0,False,3.2755329701344123e-09,1065,0.0043718041487721,False,neither
ESIK-01014,0.00014329607,1170,0.0005553413521471,0,False,9.754073058221484e-11,1170,0.0016196149371086,False,neither
ESIK-01022,0.0006056767,1104,0.0017251215867445,0,False,7.666590674798952e-09,987,0.0055564504614584,False,neither
ESIK-01025,0.00093405443,1021,0.0024247656010377,0,False,8.523931691371125e-09,972,0.0057249210650533,False,neither
ESIK-01030,0.0018729799,846,0.0041878971022738,0,False,4.9547461696512815e-08,704,0.0093921810535855,False,neither
ESIK-01032,0.010934377,400,0.0166955597763468,0,False,2.3486306019037064e-06,286,0.0275178153147,False,neither
ESIK-01040,0.00081563415,1046,0.0021797427092801,0,False,1.64506033215647e-08,870,0.0068892863291279,False,neither
ESIK-01045,0.046609413,208,0.0518609106590362,0,False,9.524639396751608e-07,356,0.0214411533205234,False,neither
ESIK-01047,0.002876918,728,0.0058652055715112,0,False,2.8227694346110892e-08,792,0.008019143624938,False,neither
ESIK-01050,0.40889287,87,0.3055768224213229,0,True,0.0069287431526301,94,0.2143256285607397,True,both
ESIK-01053,0.0025293615,769,0.0053016246801534,0,False,2.0312911456127824e-09,1107,0.0038203171298244,False,neither
ESIK-01055,0.00028157115,1160,0.0009446716325324,0,False,5.768335861223252e-09,1011,0.0051283032287214,False,neither
ESIK-01059,0.014151662,351,0.0204271390184617,0,False,1.0329365680689325e-07,611,0.0115407199292532,False,neither
ESIK-01063,0.08675231,159,0.0844616877621665,0,False,1.9033018341043594e-05,187,0.0487019195441699,False,neither
ESIK-01077,0.010040754,414,0.0156181823474761,0,False,1.7350124831131022e-08,863,0.0069932726650154,False,neither
ESIK-01091,0.008818383,451,0.0141094478115172,0,False,5.225455708331837e-07,413,0.0181478885493764,False,neither
ESIK-01099,0.00045190364,1132,0.0013703469386565,0,False,3.9749814300877245e-10,1163,0.0024097116735851,False,neither
ESIK-01108,0.005426241,570,0.0096461267691033,0,False,7.965439621421343e-08,639,0.0107301745024397,False,neither
ESIK-01112,0.00044907033,1134,0.0013635876639454,0,False,1.518351046310026e-08,886,0.0067356183194207,False,neither
ESIK-01125,0.6446281,62,0.4844404179910945,0,True,0.5431448084059013,63,0.5391546891839765,True,both
ESIK-01126,0.0014779198,908,0.0034770560696401,0,False,1.4968564563336802e-09,1123,0.0035048103167245,False,neither
ESIK-01144,0.01305595,370,0.0191796055020657,0,False,7.8217323980505e-07,376,0.0203007924641296,False,neither
ESIK-01148,0.018901573,301,0.0256129656460882,0,False,7.086057766579214e-07,383,0.0197515135900812,False,neither
ESIK-01152,0.0007946391,1054,0.0021355278062599,0,False,1.3023720378300692e-09,1130,0.0033697302804041,False,neither
ESIK-01154,0.0026690708,748,0.0055300720223028,0,False,1.819948272996824e-08,853,0.0070879521368295,False,neither
ESIK-01157,0.0005232422,1118,0.0015377098070604,0,False,1.0793649192030951e-08,937,0.0061185827498551,False,neither
ESIK-01162,0.008227129,474,0.0133633940838465,0,False,8.539125433879017e-08,631,0.0109413979358914,False,neither
ESIK-01173,0.004620663,598,0.0085046101399438,0,False,1.5795399181910468e-08,879,0.0068109343418758,False,neither
ESIK-01175,0.024317974,276,0.0311868383198888,0,False,6.622518948013907e-07,389,0.0193837364873905,False,neither
ESIK-01179,0.0018029227,858,0.004064412680117,0,False,4.4834938507417454e-08,720,0.0091323132571256,False,neither
ESIK-01180,0.008310955,471,0.0134698656418836,0,False,2.8250336187617453e-08,790,0.0080209511897791,False,neither
ESIK-01182,0.0045527155,601,0.0084064240782593,0,False,2.976401982908429e-08,781,0.0081394931703576,False,neither
ESIK-01184,0.0009099924,1027,0.0023755479108359,0,False,3.6900085970577472e-09,1056,0.0045212500873504,False,neither
ESIK-01188,0.00081499276,1047,0.0021783957163553,0,False,2.8237897180580527e-08,791,0.0080199582766181,False,neither
ESIK-01196,0.00021506543,1165,0.0007642833646416,0,False,5.10660721112827e-10,1160,0.0025865320068029,False,neither
ESIK-01197,0.0013773344,929,0.0032898071353347,0,False,2.885435927532946e-09,1077,0.0042181541777691,False,neither
ESIK-01198,0.0014081071,921,0.0033473976219359,0,False,2.443322029282056e-09,1093,0.004024749617699,False,neither
ESIK-01203,0.0018440499,850,0.0041370278336523,0,False,1.9758273575216403e-08,845,0.0072537347633169,False,neither
ESIK-01206,0.08697582,158,0.0846333132595198,0,False,7.270621580027688e-05,151,0.0696350762209494,False,neither
ESIK-01212,0.009362951,440,0.0147869173365975,0,False,1.2659649049502973e-07,581,0.0122171709960768,False,neither
ESIK-01213,0.0023569681,786,0.0050159157206689,0,False,1.2852242233420698e-08,915,0.0064268544116738,False,neither
ESIK-01239,0.016172003,320,0.0226734682951602,0,False,0.0001042705475419,142,0.0765531795131934,False,neither
ESIK-01242,0.00085159193,1038,0.002254906171806,0,False,9.535209207772766e-10,1146,0.0030856695734062,False,neither
ESIK-01243,0.011172466,395,0.0169792877033649,0,False,5.92358856361152e-07,400,0.0187920242188078,False,neither
ESIK-01252,0.0037233022,642,0.0071801418532211,0,False,5.51579663419887e-08,687,0.0096792527780133,False,neither
ESIK-01254,0.0009102689,1026,0.0023761153220522,0,False,2.823180336130639e-09,1080,0.0041922718677897,False,neither
ESIK-01255,0.0005864984,1108,0.0016820372501379,0,False,5.20005012882301e-08,698,0.0095204402308859,False,neither
ESIK-01257,0.0023231714,790,0.0049593808952132,0,False,1.250047563319732e-08,917,0.0063768332893369,False,neither
ESIK-01262,0.021638377,288,0.0284677303147117,0,False,2.491138562477684e-07,502,0.0147622945852593,False,neither
ESIK-01266,0.0056389747,563,0.0099412017805385,0,False,2.0105261363794967e-08,842,0.0072893460127111,False,neither
ESIK-01271,0.0029403584,720,0.0059664352302772,0,False,2.406778927609993e-07,506,0.0146209799413804,False,neither
ESIK-01276,0.00033711392,1156,0.0010883402493247,0,False,8.042302179443621e-09,981,0.005631866804899,False,neither
ESIK-01277,0.001461135,912,0.0034460057450091,0,False,4.194989873094189e-09,1040,0.0046878153266502,False,neither
ESIK-01278,0.00034696984,1154,0.0011132825017878,0,False,1.1375235562492448e-09,1137,0.0032433611170255,False,neither
ESIK-01280,0.00435956,608,0.0081255395916522,0,False,1.455870997089307e-07,561,0.0127044881093773,False,neither
ESIK-01282,0.0013668955,930,0.0032702080147883,0,False,1.4072741058928084e-08,899,0.0065931119681471,False,neither
ESIK-01287,0.049824227,200,0.0546403887228462,0,False,4.010547508393013e-06,253,0.0318796537526598,False,neither
ESIK-01293,0.005189275,575,0.0093144437054078,0,False,1.3840441877221637e-08,902,0.0065622916253695,False,neither
ESIK-01294,0.9706197,32,0.9021577426221752,0,True,0.9999980003846496,17,0.978677412775398,True,both
ESIK-01296,0.03960833,227,0.0456610559415191,0,False,2.276969489290132e-06,288,0.0272838088769981,False,neither
ESIK-01303,0.006033111,544,0.0104815639273453,0,False,4.811573641366064e-08,707,0.0093151899280117,False,neither
ESIK-01306,0.00088201696,1033,0.0023179719941561,0,False,6.9690870310657e-09,996,0.0054090732691303,False,neither
ESIK-01310,0.004303626,612,0.0080436972530633,0,False,3.843435297486118e-07,442,0.0166602276265481,False,neither
ESIK-01317,0.0031597957,696,0.0063130101614334,0,False,3.2761244602129315e-08,766,0.008361950301217,False,neither
ESIK-01322,0.122927934,138,0.1113387563994583,0,False,6.16171570698646e-06,236,0.0358569762063709,False,neither
ESIK-01329,0.006590296,522,0.0112325070886826,0,False,1.9215274268518798e-07,533,0.0137296239042585,False,neither
ESIK-01331,0.0018957785,841,0.0042278654469715,0,False,1.5766686719393427e-08,880,0.006807447639422,False,neither
ESIK-01332,0.001538156,895,0.0035878682871791,0,False,3.18385907157245e-08,769,0.0082950924851225,False,neither
ESIK-01336,0.0009039488,1029,0.0023631423524156,0,False,5.061525248263508e-09,1025,0.0049427437843303,False,neither
ESIK-01337,0.02981248,258,0.036567964533341,0,False,4.681699413687552e-07,422,0.0176013205864549,False,neither
ESIK-01344,0.00062227825,1100,0.0017621811228662,0,False,7.294660991516101e-09,991,0.0054791255937825,False,neither
ESIK-01353,0.007082227,505,0.01188399268602,0,False,2.0167315718139337e-07,526,0.0139164207156307,False,neither
ESIK-01356,0.0018474453,849,0.0041430070531374,0,False,3.860039466456991e-09,1050,0.0045790694803236,False,neither
ESIK-01359,0.07241564,165,0.0732629629679718,0,False,2.371490194053891e-05,179,0.0516718778000844,False,neither
ESIK-01362,0.008522924,459,0.0137380536361922,0,False,5.773303353087642e-08,683,0.0098039796689219,False,neither
ESIK-01364,0.001981305,829,0.0043768894058352,0,False,6.978118176701179e-08,663,0.0103393378517473,False,neither
ESIK-01366,0.01599398,325,0.0224781237441286,0,False,3.597119409827536e-07,448,0.0163555238995261,False,neither
ESIK-01369,0.008897446,446,0.0142083644809281,0,False,3.127511363128108e-07,468,0.0157298391341224,False,neither
ESIK-01372,0.0014298876,915,0.0033879950395823,0,False,2.3830714566999648e-08,811,0.0076463244364387,False,neither
ESIK-01375,0.003921326,628,0.0074779027327127,0,False,6.63371764816674e-08,670,0.0101936061798725,False,neither
ESIK-01377,0.31702933,97,0.2432783971943632,0,True,0.0010679653057499,112,0.1381678833672671,True,both
ESIK-01384,0.013025762,371,0.0191449146294043,0,False,2.440167483610032e-06,285,0.0278092394897327,False,neither
ESIK-01385,0.049888276,199,0.0546953733003118,0,False,6.744664550819597e-05,153,0.0682690139331853,False,neither
ESIK-01389,0.0011453917,974,0.0028461934459749,0,False,1.5553323347790663e-08,882,0.0067813934502139,False,neither
ESIK-01399,0.008957554,445,0.0142834360591156,0,False,5.053417016720007e-07,417,0.0179796244292198,False,neither
ESIK-01403,0.0012670229,950,0.0030810186474646,0,False,5.184374050845235e-08,699,0.0095123761015011,False,neither
ESIK-01414,0.001295744,945,0.0031357443622486,0,False,1.2271481108798576e-07,591,0.0121111337150021,False,neither
ESIK-01416,0.004726204,592,0.0086564991124258,0,False,2.455072061658371e-06,284,0.0278559295526062,False,neither
ESIK-01422,0.0007982205,1051,0.002143087728455,0,False,5.724678664065169e-09,1014,0.0051173312748458,False,neither
ESIK-01423,0.005181384,576,0.0093033426252184,0,False,3.33522920892592e-07,458,0.0160144585061896,False,neither
ESIK-01426,0.0030494146,704,0.0061393543863569,0,False,3.761578309937434e-09,1054,0.0045458162914532,False,neither
ESIK-01431,0.0036520825,647,0.0070722149467903,0,False,2.900339292528185e-08,786,0.0080804835198929,False,neither
ESIK-01433,0.001653598,874,0.003797666261141,0,False,9.047363577907683e-09,964,0.0058218542972737,False,neither
ESIK-01436,0.0023911474,782,0.0050729118153051,0,False,2.45760381144648e-07,504,0.0147065407698473,False,neither
ESIK-01439,0.03259001,249,0.0392042565540041,0,False,8.176555616042049e-06,225,0.0387340712813146,False,neither
ESIK-01446,0.000763096,1064,0.0020686222206875,0,False,3.1124750335816213e-09,1070,0.004309272539826,False,neither
ESIK-01454,0.05396371,192,0.0581646446808745,0,False,1.0680712968248884e-06,350,0.0221329396294511,False,neither
ESIK-01464,0.015079142,339,0.0214665664469214,0,False,6.328321974869643e-07,394,0.0191404890546797,False,neither
ESIK-01467,0.0058333976,554,0.010208754681649,0,False,2.673102681774529e-07,490,0.0150556889843835,False,neither
ESIK-01477,0.0161224,323,0.0226190867323918,0,False,1.5656542779396307e-06,313,0.0246040492275256,False,neither
ESIK-01478,0.0013280577,940,0.003197004071588,0,False,2.764127393568792e-08,795,0.0079719593809034,False,neither
ESIK-01480,0.004969611,584,0.0090040105670126,0,False,7.25768489220981e-08,656,0.0104538599521279,False,neither
ESIK-01483,0.00151417,899,0.0035438573076629,0,False,1.6104837613401317e-08,872,0.0068482243477431,False,neither
ESIK-01484,0.00039497795,1144,0.0012327017042548,0,False,2.321114467110438e-09,1096,0.0039668837080188,False,neither
ESIK-01486,0.0012922671,947,0.003129133659498,0,False,3.793706079974816e-10,1164,0.0023781242774506,False,neither
ESIK-01492,0.0034343677,666,0.0067393926248388,0,False,3.1480885862350295e-07,466,0.0157586359525093,False,neither
ESIK-01495,0.0020061543,823,0.0044199246479744,0,False,4.693921989978608e-08,710,0.0092506749754606,False,neither
ESIK-01498,0.004545074,602,0.0083953620005931,0,False,4.565371877476624e-07,426,0.0174784569763829,False,neither
ESIK-01502,0.011500948,390,0.0173685636278516,0,False,5.504844896165896e-07,408,0.0184127641221118,False,neither
ESIK-01504,0.110426016,145,0.1022313306434478,0,False,1.9053916666719085e-05,186,0.0487163290554332,False,neither
ESIK-01521,0.0010400341,991,0.0026384100784647,0,False,2.1235419073996328e-08,825,0.0074023471463458,False,neither
ESIK-01533,0.0055579445,566,0.0098290994735754,0,False,5.078304194748858e-07,416,0.0180042206227491,False,neither
ESIK-01541,0.0060805157,543,0.010546027568702,0,False,5.603486557536648e-07,406,0.0185039454425036,False,neither
ESIK-01543,0.001641511,877,0.0037758518132932,0,False,9.486156416431208e-09,958,0.0059000483007666,False,neither
ESIK-01548,0.008338432,470,0.0135047135869385,0,False,3.734406231423815e-08,746,0.0086752702599319,False,neither
ESIK-01551,0.0017365548,867,0.0039464704353797,0,False,7.095990288809311e-09,993,0.005436653026372,False,neither
ESIK-01552,0.0033859515,671,0.0066647621652625,0,False,2.6376566934136077e-08,801,0.0078676868452478,False,neither
ESIK-01553,0.0064655202,528,0.0110655907710875,0,False,2.9921085044550106e-08,780,0.0081515425161581,False,neither
ESIK-01554,0.0020480158,819,0.0044921624853203,0,False,2.010697154687061e-07,527,0.0139047727059831,False,neither
ESIK-01557,0.007889659,479,0.0129323152719182,0,False,4.732863828574278e-07,420,0.0176546580755675,False,neither
ESIK-01560,0.0028649427,731,0.0058460425048832,0,False,2.9410899518721025e-07,476,0.0154624731188471,False,neither
ESIK-01575,0.0011873302,963,0.0029277420168901,0,False,5.3216193424638074e-08,693,0.0095823897964409,False,neither
ESIK-01581,0.0015565916,891,0.0036215946981224,0,False,6.722322844081118e-09,1000,0.0053543921178248,False,neither
ESIK-01583,0.0018764365,845,0.0041939636369479,0,False,8.110850911948354e-09,979,0.0056453515452948,False,neither
ESIK-01589,0.0009968332,997,0.0025519156906396,0,False,2.0351065932721876e-08,838,0.007314305688659,False,neither
ESIK-01592,0.0058547575,553,0.010238028602146,0,False,2.3121418601191e-08,816,0.007581628558747,False,neither
ESIK-01596,0.0017673663,862,0.0040013445022459,0,False,1.2827374798035176e-07,578,0.0122622621336988,False,neither
ESIK-01598,0.16055912,127,0.1379436602113737,0,False,0.0005597632361921,119,0.117762612386109,False,neither
ESIK-01599,0.008375723,467,0.0135519696256466,0,False,8.459805763823148e-07,370,0.0207474985501072,False,neither
ESIK-01601,0.009936991,421,0.0154917453659235,0,False,3.862644011298054e-07,440,0.0166833871064958,False,neither
ESIK-01602,0.051060818,197,0.0556993893376845,0,False,1.509849107804697e-06,315,0.0243584347846436,False,neither
ESIK-01604,0.048989158,201,0.0539221294005658,0,False,3.76065237639071e-05,168,0.0584624786066146,False,neither
ESIK-01608,0.0018332973,852,0.0041180766641607,0,False,3.3919445301877533e-08,757,0.0084439804739362,False,neither
ESIK-01610,0.0004600984,1130,0.0013898457208442,0,False,4.9797725772918284e-09,1026,0.0049201010964943,False,neither
ESIK-01612,0.007494039,490,0.0124217642331432,0,False,3.279675146038984e-07,459,0.015939626864172,False,neither
ESIK-01636,0.0009656238,1013,0.0024889278527492,0,False,1.4184628025962756e-08,896,0.0066078259574784,False,neither
ESIK-01641,0.002835044,735,0.005798122275154,0,False,1.0357971385150462e-08,940,0.0060479918817245,False,neither
ESIK-01642,0.03292992,247,0.0395234643924331,0,False,1.3800101659109651e-05,200,0.0446504323308771,False,neither
ESIK-01643,0.002466949,776,0.0051986909094393,0,False,1.7793578905240636e-08,857,0.0070431118277317,False,neither
ESIK-01647,0.0004059066,1143,0.0012594402750571,0,False,2.9612603459379343e-10,1165,0.0022172657957131,False,neither
ESIK-01648,0.036432065,236,0.0427723596188227,0,False,3.385796931467083e-07,454,0.0160817911230817,False,neither
ESIK-01653,0.8873366,44,0.7489780039138645,0,True,0.990064412986084,47,0.8040618576887465,True,both
ESIK-01659,0.02558772,272,0.0324521037433627,0,False,2.878894790631254e-06,271,0.0291043462814034,False,neither
ESIK-01677,0.0641936,175,0.0666455710099232,0,False,1.566387591227139e-05,195,0.0462070023814517,False,neither
ESIK-01678,0.052899424,193,0.0572640975221854,0,False,1.239723650996494e-05,210,0.0433723740724292,False,neither
ESIK-01688,0.2430374,110,0.1938983466206906,0,True,4.0280997347758776e-05,166,0.0595433907126886,False,xgboost_only
ESIK-01689,0.117371805,143,0.107311318338152,0,False,1.2033305641914682e-05,212,0.0430234046043132,False,neither
ESIK-01693,0.0011016589,981,0.002760467278515,0,False,1.921034998422577e-09,1109,0.0037606028474159,False,neither
ESIK-01695,0.0011582993,969,0.0028713594174317,0,False,1.0471407819055823e-09,1141,0.0031683952636901,False,neither
ESIK-01699,0.0052828323,572,0.0094457841149176,0,False,5.747985455722941e-09,1012,0.0051231962138991,False,neither
ESIK-01703,0.000992537,1001,0.0025432703908611,0,False,1.0545814114810937e-07,607,0.0116079495244939,False,neither
ESIK-01713,0.0022197287,801,0.004785220113378,0,False,7.316888732198885e-08,654,0.0104777018336975,False,neither
ESIK-01731,0.0023220112,792,0.004957437023985,0,False,5.72544748333575e-09,1013,0.0051175250148867,False,neither
ESIK-01735,0.033953145,243,0.0404800933055247,0,False,2.276694554190606e-06,289,0.0272829007718709,False,neither
ESIK-01738,0.04894094,202,0.0538805775351465,0,False,3.6956465974466326e-06,257,0.0311722007644257,False,neither
ESIK-01741,0.0017135603,869,0.0039053811154729,0,False,3.591881975967265e-09,1059,0.0044870049537698,False,neither
ESIK-01742,0.018182809,306,0.0248485461009825,0,False,1.2409810099124074e-08,920,0.0063637766354598,False,neither
ESIK-01747,0.011560182,386,0.0174384984170017,0,False,4.621271054493091e-06,252,0.0331428743870994,False,neither
ESIK-01749,0.0009721479,1008,0.0025021306800106,0,False,2.2674530585934438e-08,819,0.0075401291098979,False,neither
ESIK-01759,0.0012691227,949,0.0030850285617718,0,False,9.499336278994884e-09,956,0.0059023563281071,False,neither
ESIK-01762,0.035440784,242,0.0418598880765322,0,False,3.941936742642951e-06,254,0.0317290856782548,False,neither
ESIK-01764,0.007454841,492,0.0123708606692119,0,False,5.876773708412699e-06,241,0.0353960169207635,False,neither
ESIK-01771,0.003774933,636,0.0072581026818551,0,False,9.892411673215858e-09,947,0.0059701551833229,False,neither
ESIK-01774,0.0005188922,1119,0.001527651189862,0,False,1.9695229889719843e-08,848,0.0072472163128996,False,neither
ESIK-01779,0.065216355,173,0.067477604053445,0,False,1.9441712565748776e-05,185,0.048981606617842,False,neither
ESIK-01785,0.010966629,398,0.0167340728320391,0,False,6.698842680684281e-07,388,0.0194455541168666,False,neither
ESIK-01788,0.00047498418,1125,0.0014250762056988,0,False,5.887161413470652e-10,1157,0.0026926278243852,False,neither
ESIK-01790,0.028209057,264,0.0350218845138333,0,False,4.041292410861011e-05,165,0.0595952995598481,False,neither
ESIK-01791,0.033559497,245,0.0401128140607964,0,False,1.1876504417733106e-06,343,0.0227932247134695,False,neither
ESIK-01798,0.018171614,307,0.0248365881526591,0,False,5.579324222537914e-07,407,0.0184817191248301,False,neither
ESIK-01801,0.035992138,238,0.0423680783441674,0,False,1.0772064168534126e-06,349,0.0221852316580659,False,neither
ESIK-01802,0.011029522,397,0.0168091037196824,0,False,1.6917848990337894e-06,309,0.025136489184429,False,neither
ESIK-01804,0.0016473979,876,0.003786480820578,0,False,4.675535501251017e-09,1035,0.0048334112665787,False,neither
ESIK-01806,0.00020475918,1166,0.0007353276359987,0,False,2.2445100722157963e-09,1102,0.0039294853778002,False,neither
ESIK-01819,0.0003786204,1147,0.0011923818099888,0,False,3.092834024237707e-09,1071,0.0043015825464521,False,neither
ESIK-01826,0.054650985,191,0.0587442166303695,0,False,1.372605699039751e-05,201,0.0445854457715705,False,neither
ESIK-01833,0.102847934,150,0.0966255386819079,0,False,2.236669279911615e-05,182,0.0508651425015862,False,neither
ESIK-01837,0.009777322,427,0.0152966189916935,0,False,1.647045272941492e-07,546,0.0131505690969166,False,neither
ESIK-01847,0.012755728,373,0.018833823303462,0,False,3.855950742414164e-07,441,0.016675326706815,False,neither
ESIK-01855,0.059783403,180,0.0630261967377895,0,False,2.641516485735696e-06,276,0.0284231517522748,False,neither
ESIK-01857,0.0016318986,878,0.0037584786484995,0,False,9.672507904883977e-08,620,0.0113302518469855,False,neither
ESIK-01863,0.0016062296,880,0.0037119774351579,0,False,1.3029256445389572e-08,912,0.0064516535595582,False,neither
ESIK-01865,0.0013869036,928,0.0033077452089072,0,False,1.6833619215860452e-08,869,0.006934052371452,False,neither
ESIK-01871,0.0009706098,1010,0.0024990196217446,0,False,1.659538919064006e-09,1117,0.0036084138789059,False,neither
ESIK-01889,0.031146128,253,0.0378401609320398,0,False,1.2815629628524884e-05,208,0.0437643068970584,False,neither
ESIK-01891,0.30499795,99,0.2352364422299668,0,True,0.0002642146829386,130,0.0973858988958052,False,xgboost_only
ESIK-01892,0.0017246323,868,0.0039251804542195,0,False,2.067713139259969e-07,522,0.0140138344226648,False,neither
ESIK-01895,0.0015866812,886,0.0036764557026632,0,False,8.378953043643141e-09,974,0.0056973172790497,False,neither
ESIK-01897,0.006253889,534,0.0107808591624232,0,False,2.2966029276170566e-07,514,0.0144309064433347,False,neither
ESIK-01898,0.007172908,499,0.0120029853595458,0,False,1.0709250744762865e-07,603,0.0116580551832372,False,neither
ESIK-01906,0.0010441083,990,0.0026465270182882,0,False,2.0267975507101603e-09,1108,0.0038179295590654,False,neither
ESIK-01914,0.0015009635,903,0.0035195612637536,0,False,9.080310261639716e-09,963,0.005827819133943,False,neither
ESIK-01919,0.0025587645,763,0.0053499262951186,0,False,8.787550159174095e-08,629,0.0110296882480116,False,neither
ESIK-01923,0.008466373,462,0.0136666483710653,0,False,1.4033235110774218e-06,328,0.0238705398212442,False,neither
ESIK-01934,0.0040347516,625,0.0076469761062034,0,False,9.337969610506472e-08,623,0.0112190645738975,False,neither
ESIK-01939,0.008036863,478,0.0131208391465851,0,False,2.057463520896757e-07,524,0.0139943907378166,False,neither
ESIK-01941,0.015270499,336,0.0216792437254689,0,False,1.4660860609743607e-06,320,0.0241611394968252,False,neither
ESIK-01942,0.0013470883,935,0.0032329309708733,0,False,8.35394138992885e-09,976,0.0056925203791765,False,neither
ESIK-01946,0.0034506002,665,0.0067643626762771,0,False,2.9346015342413964e-08,782,0.0081072007275141,False,neither
ESIK-01947,0.010532107,405,0.0162130653311748,0,False,8.358828932005451e-07,373,0.0206784792139804,False,neither
ESIK-01952,0.0012043816,961,0.0029607195896055,0,False,1.1468726570296054e-08,933,0.0062240152885408,False,neither
ESIK-01954,0.042942822,219,0.0486407411392203,0,False,1.8378433261305507e-05,189,0.0482444991363204,False,neither
ESIK-01959,0.000868803,1035,0.0022906402205998,0,False,2.9192973261684854e-08,785,0.0080952946790658,False,neither
ESIK-01969,0.013205437,367,0.0193511237290174,0,False,3.3107216503560138e-06,265,0.0302445526614755,False,neither
ESIK-01977,0.0008224138,1045,0.0021939680341171,0,False,8.275828257737634e-09,977,0.0056774724488755,False,neither
ESIK-01978,0.004314565,611,0.0080597216535636,0,False,5.070832958513868e-09,1024,0.0049453049777038,False,neither
ESIK-01979,0.00069657346,1082,0.0019255263943115,0,False,9.784023409466926e-09,950,0.0059516566437266,False,neither
ESIK-01982,0.009452438,434,0.0148974045283067,0,False,7.439105729796851e-08,651,0.0105264821750708,False,neither
ESIK-01999,0.02762598,266,0.0344549517419297,0,False,3.895546394995319e-06,255,0.0316261864878623,False,neither
ESIK-02000,0.007030016,507,0.0118153292123398,0,False,2.914886386015612e-07,479,0.0154239143106133,False,neither
ESIK-02007,0.00036457548,1151,0.0011574636738599,0,False,2.660490610977291e-09,1083,0.0041226402855962,False,neither
ESIK-02008,0.0043956577,606,0.0081782348173531,0,False,1.7487013843373984e-08,861,0.0070087544032638,False,neither
ESIK-02011,0.008418154,465,0.0136056820153737,0,False,2.126288120836237e-09,1106,0.0038699257997747,False,neither
ESIK-02014,0.0032578586,687,0.0064661828178946,0,False,2.461136602544286e-07,503,0.0147124401716594,False,neither
ESIK-02016,0.0072967485,494,0.0121649597596302,0,False,3.393878779923453e-07,453,0.0160924846104099,False,neither
ESIK-02017,0.0029228064,723,0.0059384759266649,0,False,6.410395049665857e-08,673,0.0100961615698023,False,neither
ESIK-02022,0.0005298281,1114,0.0015529041116194,0,False,1.5912148694095628e-08,877,0.0068250649830097,False,neither
ESIK-02033,0.043490477,217,0.0491253159050503,0,False,2.969596574325924e-07,474,0.0155041389140717,False,neither
ESIK-02047,0.0037934193,635,0.007285960183601,0,False,3.072496780599181e-07,469,0.0156521678983579,False,neither
ESIK-02058,0.001756253,864,0.0039815761694543,0,False,4.5732990581014905e-08,712,0.0091833071505856,False,neither
ESIK-02064,0.004635466,595,0.0085259590172637,0,False,2.3313759165429322e-08,814,0.0075993120292251,False,neither
ESIK-02068,0.011738249,384,0.017648262002807,0,False,2.3474976811896505e-07,509,0.0145195121659796,False,neither
ESIK-02070,0.0015382217,894,0.0035879890184879,0,False,3.5368598376931417e-08,751,0.0085438191239779,False,neither
ESIK-02073,0.00034762107,1153,0.0011149252479582,0,False,8.737640876875732e-09,971,0.0057650012752996,False,neither
ESIK-02078,0.6425788,63,0.4826847421380067,0,True,0.0191047032089836,86,0.2673436804659207,True,both
ESIK-02080,0.004118649,620,0.0077713676391151,0,False,9.811092915408165e-08,618,0.0113754981204618,False,neither
ESIK-02108,0.009719977,429,0.0152263667590052,0,False,5.467887577204022e-07,409,0.0183782959641063,False,neither
ESIK-02114,0.06116347,178,0.0641644753769581,0,False,5.404847964728936e-06,244,0.0345949606557678,False,neither
ESIK-02116,0.0038507166,631,0.0073721148716389,0,False,1.6109622157067014e-07,551,0.0130693571801807,False,neither
ESIK-02121,0.002935545,721,0.0059587713542094,0,False,1.3617024804896416e-08,905,0.0065322961617443,False,neither
ESIK-02140,0.009431481,435,0.0148715509464092,0,False,3.478626926004505e-07,450,0.0162035211674133,False,neither
ESIK-02141,0.0015526504,893,0.0036143917926103,0,False,5.3346822643088076e-09,1022,0.0050165412476775,False,neither
ESIK-02154,0.00081163505,1049,0.0021713398538986,0,False,9.893382908848104e-09,946,0.0059703202821346,False,neither
ESIK-02157,0.009400314,438,0.0148330754780043,0,False,3.4652484851630067e-06,263,0.0306260043960486,False,neither
ESIK-02164,0.0013536091,933,0.0032452162975845,0,False,9.498150967502465e-09,957,0.0059021488534584,False,neither
ESIK-02179,0.018771244,303,0.025474837587102,0,False,5.470746481865532e-08,689,0.0096570021429958,False,neither
ESIK-02183,0.48680896,77,0.3606832337453106,0,True,0.0039350440784833,99,0.1884342129491392,True,both
ESIK-02185,0.032408666,251,0.0390336652982452,0,False,1.7631253783788976e-06,304,0.0254248973227318,False,neither
ESIK-02191,0.000861833,1036,0.0022761874354883,0,False,4.008526540954931e-08,736,0.0088496064800412,False,neither
ESIK-02209,0.006003661,546,0.0104414616283692,0,False,5.419548097866919e-07,410,0.0183329556592359,False,neither
ESIK-02223,0.002153415,811,0.004672647753261,0,False,1.0261347535220606e-07,613,0.0115193830237455,False,neither
ESIK-02229,0.031872094,252,0.0385276902242304,0,False,5.109433487153567e-06,246,0.0340669332970534,False,neither
ESIK-02231,0.00025963457,1163,0.0008862972258906,0,False,4.1614610710897134e-10,1162,0.0024411444284899,False,neither
ESIK-02232,0.00042443018,1139,0.0013044118999657,0,False,6.604193122912097e-09,1001,0.00532770292185,False,neither
ESIK-02241,0.01244053,377,0.0184688573967582,0,False,3.174691927481409e-07,464,0.0157956643061864,False,neither
ESIK-02242,0.00076242,1065,0.0020671819686041,0,False,2.290659050842274e-08,817,0.0075617517986271,False,neither
ESIK-02243,0.0061079566,541,0.0105832930254198,0,False,1.082632127042932e-06,348,0.0222161370694707,False,neither
ESIK-02250,0.004287467,613,0.0080200109380275,0,False,3.0371882579767024e-08,777,0.0081858742202301,False,neither
ESIK-02260,0.012726537,374,0.0188001057969321,0,False,6.458167273246064e-07,393,0.0192488403618324,False,neither
ESIK-02263,0.00044414363,1138,0.0013518126099659,0,False,3.462737051294562e-09,1062,0.004440893743143,False,neither
ESIK-02269,0.005887791,551,0.0102832561921962,0,False,5.096002339443503e-08,701,0.0094665832753892,False,neither
ESIK-02278,0.0031164763,699,0.0062450181492434,0,False,1.0016074814017494e-08,944,0.0059910832929452,False,neither
ESIK-02285,0.031054227,254,0.0377528795466105,0,False,6.221547894450088e-05,155,0.0668280340623049,False,neither
ESIK-02288,0.00078997255,1056,0.0021256659746797,0,False,4.886382175071557e-09,1030,0.0048939055110641,False,neither
ESIK-02290,0.027019052,268,0.0338620490011328,0,False,1.3639465644173576e-05,202,0.0445091166511554,False,neither
ESIK-02296,0.0011505454,972,0.0028562491503075,0,False,3.1482126411075833e-08,772,0.0082688877850969,False,neither
ESIK-02299,0.0137977395,356,0.0200265808781465,0,False,1.5058430301842829e-06,316,0.024340549360356,False,neither
ESIK-02300,0.6904284,60,0.5250609836470317,0,True,0.1106263935170625,75,0.3816083148181556,True,both
ESIK-02306,0.001240181,956,0.0030296310298357,0,False,7.673332930061304e-09,986,0.0055578270207302,False,neither
ESIK-02319,0.057623167,186,0.0612335411281262,0,False,0.0001015915784832,144,0.0760333498726408,False,neither
ESIK-02325,0.014618218,346,0.0209518231382249,0,False,6.977076795975573e-07,385,0.0196666580587045,False,neither
ESIK-02327,0.041037574,222,0.0469445342561092,0,False,0.0002419380519877,132,0.0952133347874273,False,neither
ESIK-02329,0.0015030826,902,0.0035234626893161,0,False,5.857999657100319e-08,680,0.0098441243522729,False,neither
ESIK-02331,0.0030726474,702,0.0061760170888424,0,False,5.557708002813016e-09,1018,0.0050748040987906,False,neither
ESIK-02337,0.0066764723,518,0.011347383274234,0,False,2.747460102727291e-07,486,0.0151714173360924,False,neither
ESIK-02340,0.009604729,432,0.0150849072090506,0,False,1.428772894683115e-07,567,0.0126378811860532,False,neither
ESIK-02342,0.0019339841,832,0.0042946121435574,0,False,1.351154478411219e-07,572,0.0124418927019887,False,neither
ESIK-02343,0.002541029,765,0.0053208056750059,0,False,3.369628746464152e-08,759,0.0084283341246075,False,neither
ESIK-02347,0.0009512863,1016,0.0024598448988973,0,False,6.826351663293217e-09,999,0.0053776173943496,False,neither
ESIK-02352,0.016764876,315,0.0233206586926826,0,False,2.893417212483521e-07,480,0.0153921343732796,False,neither
ESIK-02354,0.0011166034,978,0.0027898429991072,0,False,1.979622030142009e-08,844,0.0072576510703353,False,neither
ESIK-02356,0.009383987,439,0.0148129107416889,0,False,3.365703109091045e-07,457,0.0160551234882088,False,neither
ESIK-02365,0.0032470222,691,0.0064493064259985,0,False,2.1296417300721884e-08,824,0.0074083216494208,False,neither
ESIK-02367,0.0013965892,925,0.0033258740499925,0,False,3.158672227259297e-08,771,0.0082765990141039,False,neither
ESIK-02372,0.0018655752,847,0.004174893142693,0,False,1.6039416596202486e-08,874,0.0068403838623144,False,neither
ESIK-02376,0.007871689,480,0.0129092487373485,0,False,8.111620368342448e-07,375,0.0205069070286328,False,neither
ESIK-02383,0.0009673882,1011,0.0024925002592065,0,False,2.6535688357188325e-08,798,0.0078810017019487,False,neither
ESIK-02385,0.010013519,418,0.0155850231179922,0,False,1.443587282522036e-07,564,0.0126744070154607,False,neither
ESIK-02392,0.00073810987,1072,0.0020152022312394,0,False,2.8277850523036904e-08,789,0.0080231463344716,False,neither
ESIK-02403,0.0020369047,820,0.0044730201823552,0,False,1.7161562048383784e-08,864,0.0069718019874,False,neither
ESIK-02404,0.0032001277,695,0.0063761320627843,0,False,2.148703360342802e-09,1105,0.0038813981674692,False,neither
ESIK-02407,0.12674028,133,0.1140849830062338,0,False,0.0016994982437317,106,0.1546266315372104,True,lightgbm_only
ESIK-02415,0.006492184,527,0.0111013179603725,0,False,2.842036398049634e-06,273,0.0290013450147021,False,neither
ESIK-02423,0.04884649,203,0.0537991592785117,0,False,0.0003105063731674,125,0.101483136826685,False,neither
ESIK-02436,0.045012005,213,0.0504648561175104,0,False,2.832678603240427e-05,173,0.05419592281236,False,neither
ESIK-02437,0.057724312,185,0.0613177812898974,0,False,2.948193052320352e-05,171,0.0547794441969168,False,neither
ESIK-02438,0.079772756,162,0.0790585762138929,0,False,6.155881031298424e-06,237,0.0358476964563295,False,neither
ESIK-02439,0.04077419,223,0.0467087415164505,0,False,1.2037329860643505e-05,211,0.0430273058739415,False,neither
ESIK-02442,0.0026669952,749,0.0055266970629828,0,False,5.9107681176685385e-08,679,0.0098689242497869,False,neither
ESIK-02445,0.0015803974,888,0.0036650175474383,0,False,1.8380559614539945e-08,852,0.0071077234917811,False,neither
ESIK-02448,0.00058142375,1111,0.001670586737488,0,False,4.911112411462468e-08,705,0.0093688890604527,False,neither
ESIK-02454,0.0009720687,1009,0.0025019705403762,0,False,1.5948923940987744e-07,552,0.0130327646046008,False,neither
ESIK-02458,0.015581335,331,0.022023474022004,0,False,2.5813248943834887e-06,280,0.0282433295344134,False,neither
ESIK-02459,0.0063203303,533,0.0108704746248916,0,False,2.0746357398333573e-06,293,0.0265926134613327,False,neither
ESIK-02460,0.0009666778,1012,0.0024910621052952,0,False,1.5562856835635334e-08,881,0.0067825630798452,False,neither
ESIK-02466,0.0023399934,788,0.0049875425364049,0,False,2.6852054979209066e-08,797,0.0079073043308774,False,neither
ESIK-02474,0.002583917,761,0.0053911495762243,0,False,8.456836141482548e-09,973,0.0057121884996051,False,neither
ESIK-02478,0.0016836148,871,0.0038516912969772,0,False,8.159876461321999e-08,637,0.0108029604661447,False,neither
ESIK-02479,0.011549017,387,0.0174253232504916,0,False,1.6238727274654405e-07,550,0.0130985647077112,False,neither
ESIK-02485,0.0041178023,621,0.0077701149105085,0,False,6.642929920328541e-08,669,0.0101975746398903,False,neither
ESIK-02498,0.012183965,380,0.0181702817291547,0,False,4.813254236589986e-07,419,0.0177376227759453,False,neither
ESIK-02500,0.0045243087,603,0.008365281001707,0,False,3.978982753731983e-08,739,0.008831238768046,False,neither
ESIK-02508,0.012018579,382,0.0179770810182474,0,False,1.6316673447548757e-07,548,0.0131161172052739,False,neither
ESIK-02512,0.0012051368,960,0.0029621776202507,0,False,1.7952753856246492e-09,1114,0.0036894045421763,False,neither
ESIK-02513,0.92371637,41,0.8071565399375532,0,True,0.9955621276916644,40,0.83778334872256,True,both
ESIK-02522,0.0072375857,496,0.0120876559100999,0,False,8.487888331641994e-08,632,0.0109229578940903,False,neither
ESIK-02524,0.04071142,225,0.0466525019833749,0,False,2.094447870832217e-06,292,0.0266624183847913,False,neither
ESIK-02531,0.003084635,701,0.0061949104324294,0,False,9.373318928150504e-07,357,0.0213461439388291,False,neither
ESIK-02533,0.0051353094,578,0.0092384497884944,0,False,6.272133774030986e-07,395,0.0190931002233338,False,neither
ESIK-02536,0.988846,18,0.9524934140443804,0,True,0.9999968060038148,20,0.9757248668272248,True,both
ESIK-02545,0.0026316626,755,0.0054691636580693,0,False,5.4960225434442913e-08,688,0.0096695024152414,False,neither
ESIK-02549,0.0075810184,488,0.0125345081434932,0,False,1.4673700486469317e-06,319,0.0241669888861574,False,neither
ESIK-02552,0.02564254,271,0.0325064143749664,0,False,1.1007440190693546e-05,213,0.0419956992095304,False,neither
ESIK-02555,0.0020060055,824,0.0044196670765484,0,False,9.97625593384441e-08,617,0.0114288221744851,False,neither
ESIK-02563,0.17921938,124,0.1508095012996855,0,False,0.0001281172441378,140,0.0807827474586419,False,neither
ESIK-02565,0.039393194,228,0.0454670122184375,0,False,1.679860813410189e-06,310,0.0250874206996344,False,neither
ESIK-02568,0.007760701,482,0.012766525033754,0,False,1.0129751213057554e-08,942,0.0060101578110961,False,neither
ESIK-02569,0.002414046,780,0.0051109983214472,0,False,3.9864908994930925e-08,737,0.0088359159712949,False,neither
ESIK-02572,0.0003131035,1158,0.0010269096387309,0,False,9.004887710815189e-09,965,0.0058141411275715,False,neither
ESIK-02578,0.00067257136,1089,0.0018731845677104,0,False,5.934011832874456e-09,1007,0.0051694053066399,False,neither
ESIK-02581,0.0012785754,948,0.0031030627876702,0,False,4.0343368383822414e-09,1045,0.0046364685395069,False,neither
ESIK-02582,0.0141176935,352,0.0203887921151485,0,False,1.9722495870092498e-07,532,0.0138299578208609,False,neither
ESIK-02584,0.0033136175,684,0.0065528297880879,0,False,1.1611709122013911e-08,928,0.0062457692663251,False,neither
ESIK-02588,0.000995148,998,0.0025485254049754,0,False,2.098079347066857e-08,828,0.0073772732689627,False,neither
ESIK-02599,0.0021909822,807,0.0047365113349947,0,False,1.5969292405187706e-08,876,0.0068319540897854,False,neither
ESIK-02601,0.0035617894,653,0.0069347227212727,0,False,2.3141225809661813e-07,511,0.0144615666537886,False,neither
ESIK-02603,0.0011806514,965,0.0029147972745958,0,False,8.434147004352176e-10,1149,0.002980538699301,False,neither
ESIK-02607,0.0014304135,914,0.0033889732747654,0,False,3.7483916058805514e-08,745,0.0086843844360927,False,neither
ESIK-02609,0.0008275703,1042,0.002204770836733,0,False,4.803003373174022e-08,708,0.0093105290712935,False,neither
ESIK-02613,0.0033472404,676,0.0066049244688176,0,False,5.851990832901777e-09,1009,0.0051491616135783,False,neither
ESIK-02616,0.0016489279,875,0.0037892418759456,0,False,1.4488466305811454e-08,891,0.006647365608398,False,neither
ESIK-02621,0.0017750536,860,0.0040150027847798,0,False,1.063260709300085e-09,1140,0.0031820972590906,False,neither
ESIK-02626,0.010035272,416,0.0156115091999276,0,False,2.694998757654716e-07,489,0.0150900075534724,False,neither
ESIK-02640,0.002765329,740,0.0056859581103952,0,False,4.08871305566578e-09,1043,0.0046540099151196,False,neither
ESIK-02641,0.0050385417,582,0.0091017420256685,0,False,3.173438390352124e-08,770,0.0082874539315378,False,neither
ESIK-02653,0.00094686146,1017,0.0024508501500959,0,False,3.6749564348928605e-09,1057,0.0045160399169193,False,neither
ESIK-02656,0.002218294,802,0.004782792256132,0,False,1.7890315857779318e-08,855,0.0070538647617968,False,neither
ESIK-02660,0.5614001,70,0.4166297937012688,0,True,0.0329462500838815,84,0.2994968792494134,True,both
ESIK-02665,0.028082505,265,0.0348990557140651,0,False,6.006605044664232e-05,158,0.0662093603256073,False,neither
ESIK-02666,0.0022017162,805,0.004754715701402,0,False,1.3910210376927622e-07,569,0.012543545867278,False,neither
ESIK-02671,0.015493628,334,0.021926499510475,0,False,4.631332127159447e-07,424,0.0175483987693993,False,neither
ESIK-02678,0.002875332,729,0.0058626681786241,0,False,6.974328810747259e-08,664,0.0103377629831259,False,neither
ESIK-02679,0.008140079,476,0.0132525751104706,0,False,1.0249894196271649e-07,614,0.0115157801228915,False,neither
ESIK-02686,0.00062172074,1101,0.0017609399986027,0,False,3.756728506630544e-09,1055,0.0045441622725964,False,neither
ESIK-02703,0.0022100715,803,0.0047688723212637,0,False,9.291647319473572e-09,961,0.0058657147352491,False,neither
ESIK-02704,0.01801586,310,0.0246700489885879,0,False,2.890486031022104e-06,270,0.0291365382579436,False,neither
ESIK-02706,0.0059793806,548,0.0104083651653846,0,False,3.708821853961127e-07,445,0.0164955233102456,False,neither
ESIK-02708,0.021811439,287,0.0286454882405209,0,False,8.39000194529062e-06,223,0.0390068848401285,False,neither
ESIK-02713,0.0012412504,955,0.0030316830979824,0,False,7.155948704855612e-07,381,0.0198054338594291,False,neither
ESIK-02717,0.013416018,362,0.0195920175008987,0,False,3.14425678788621e-07,467,0.0157532839074648,False,neither
ESIK-02719,0.009961514,420,0.0155216528793861,0,False,8.474135534122919e-07,369,0.0207572444898828,False,neither
ESIK-02724,0.05578466,190,0.0596969429924284,0,False,5.130118154779634e-06,245,0.0341046265823642,False,neither
ESIK-02728,0.0065307077,524,0.0111528816489155,0,False,1.5017668200707555e-06,317,0.0243223151160507,False,neither
ESIK-02730,0.0067163436,515,0.0114004234890028,0,False,3.642459998604712e-06,258,0.0310483818234518,False,neither
ESIK-02754,0.0018803083,843,0.0042007561767694,0,False,3.6209372378449215e-08,748,0.0086003972964993,False,neither
ESIK-02758,0.007171981,500,0.012001770627562,0,False,4.192708913125611e-07,434,0.0170688676501098,False,neither
ESIK-02761,0.0009410348,1019,0.0024389924626292,0,False,2.363883014244585e-08,812,0.0076289608959439,False,neither
ESIK-02773,0.0037393048,640,0.0072043306839317,0,False,6.222947447277397e-07,396,0.019051362572032,False,neither
ESIK-02774,0.016159445,321,0.0226597030549814,0,False,4.198042598707746e-07,433,0.0170749128681713,False,neither
ESIK-02777,0.0055544847,567,0.0098243056906936,0,False,2.19211860116268e-07,516,0.0142444447054834,False,neither
ESIK-02779,0.0007322556,1075,0.0020026300653158,0,False,3.892253044603426e-08,742,0.0087767430805369,False,neither
ESIK-02794,0.001843864,851,0.0041367001148352,0,False,1.5024450693116215e-08,888,0.0067156827806228,False,neither
ESIK-02800,0.3780418,92,0.284418959284038,0,True,1.4507859139135788e-05,196,0.0452589130976517,False,xgboost_only
ESIK-02809,0.0015162757,898,0.0035477272037637,0,False,1.4589358813779766e-07,560,0.012711964927087,False,neither
ESIK-02817,0.00040978694,1141,0.0012688967765922,0,False,9.195419979002683e-10,1147,0.003054201016153,False,neither
ESIK-02826,0.06032595,179,0.0634743274654513,0,False,2.1663535078235845e-05,184,0.0504299179969657,False,neither
ESIK-02828,0.0006914018,1084,0.0019142817096415,0,False,3.5438016630141205e-09,1060,0.0044699793690472,False,neither
ESIK-02835,0.004146352,619,0.0078123200124177,0,False,4.606691496671073e-07,425,0.0175223559646046,False,neither
ESIK-02836,0.07118761,167,0.0722845425798734,0,False,1.7174380164019505e-05,192,0.047370448955518,False,neither
ESIK-02845,0.051844273,196,0.0563675469663586,0,False,1.784975450287009e-06,301,0.0255115214778438,False,neither
ESIK-02848,0.18440963,121,0.1543596591278639,0,False,0.0020636468401403,102,0.1619692957702821,True,lightgbm_only
ESIK-02849,0.01670797,317,0.0232587599257319,0,False,8.788664554899152e-08,628,0.0110300802155197,False,neither
ESIK-02850,0.0012225279,958,0.0029957044018202,0,False,1.1849973726492296e-08,927,0.0062815951429358,False,neither
ESIK-02854,0.032480866,250,0.0391016117494006,0,False,0.0468096285850462,81,0.321675870818651,True,lightgbm_only
ESIK-02877,0.0037747517,637,0.0072578296160344,0,False,1.4304025474389722e-07,566,0.0126419125805621,False,neither
ESIK-02878,0.00052533613,1115,0.0015425451308968,0,False,4.86151155494022e-10,1161,0.0025508230318891,False,neither
ESIK-02881,0.0028731604,730,0.0058591941589968,0,False,3.4356130788023234e-08,755,0.0084743843997965,False,neither
ESIK-02888,0.014584799,347,0.0209143639447838,0,False,1.0010443111328403e-06,354,0.0217389260659865,False,neither
ESIK-02889,0.0037395267,639,0.0072046661651295,0,False,6.247063516340135e-08,675,0.0100233293450473,False,neither
ESIK-02891,0.0153711,335,0.0217908202793686,0,False,7.050292951587699e-07,384,0.0197237714948079,False,neither
ESIK-02892,0.0027348083,745,0.005636660557703,0,False,4.0640955910607345e-08,734,0.008883891386276,False,neither
ESIK-02900,0.011680513,385,0.0175803263743609,0,False,3.6018822767419986e-08,749,0.0085876583840216,False,neither
ESIK-02908,0.003668779,646,0.0070975578077909,0,False,2.289659069073109e-09,1099,0.0039516361416508,False,neither
ESIK-02915,0.0018195896,856,0.0040938830961332,0,False,7.936670870058224e-09,982,0.005610924360682,False,neither
ESIK-02916,0.0016060545,881,0.0037116596732608,0,False,4.5163106110691595e-08,719,0.0091510322931252,False,neither
ESIK-02919,0.002746854,743,0.0056561308431909,0,False,3.495121278003782e-09,1061,0.004452571197028,False,neither
ESIK-02925,0.002292051,794,0.0049071652832911,0,False,4.5412114464227094e-08,714,0.0091651705925802,False,neither
ESIK-02931,0.0023176519,793,0.0049501311535791,0,False,1.3113035182548351e-08,911,0.0064633061603214,False,neither
ESIK-02932,0.0033865615,670,0.0066657037183204,0,False,4.466055940959979e-07,428,0.0173717478121137,False,neither
ESIK-02940,0.00045148877,1133,0.0013693578055105,0,False,9.850183820031126e-09,948,0.0059629656247753,False,neither
ESIK-02944,0.0064310273,530,0.0110193239375771,0,False,1.041201247975376e-07,609,0.0115665094581951,False,neither
ESIK-02945,0.00051615346,1122,0.0015213090963429,0,False,2.791006769914989e-09,1081,0.0041787347984565,False,neither
ESIK-02948,0.01362129,359,0.019826039572493,0,False,7.512323278906411e-08,647,0.0105554286268003,False,neither
ESIK-02959,0.0003773306,1148,0.0011891868724018,0,False,1.8058454600601216e-08,854,0.007072455180275,False,neither
ESIK-02972,0.0015978676,883,0.003696794089936,0,False,1.129827769939438e-08,934,0.0061978257570095,False,neither
ESIK-02973,0.00077579194,1061,0.002095621647384,0,False,2.274267310280326e-09,1101,0.0039441202802006,False,neither
ESIK-02980,0.54674304,71,0.4053291268434755,0,True,0.0329651974347382,83,0.2995322252405402,True,both
ESIK-02988,0.00091802696,1025,0.0023920130765898,0,False,2.2896564132643576e-08,818,0.0075608208412394,False,neither
ESIK-03001,0.001487302,906,0.0034943792298089,0,False,7.444310133058406e-09,989,0.0055105715928038,False,neither
ESIK-03009,0.2506047,109,0.1989544660540982,0,True,0.0050502087470889,95,0.1995360660779262,True,both
ESIK-03014,0.014796721,343,0.0211515853273954,0,False,1.8829243289182893e-07,538,0.0136519692413752,False,neither
ESIK-03022,0.0008367307,1040,0.0022239257893224,0,False,2.0440566253941197e-08,837,0.00732333983243,False,neither
ESIK-03026,0.0008229782,1044,0.0021951512128487,0,False,1.3021357891147804e-08,913,0.0064505521859003,False,neither
ESIK-03029,0.047910076,205,0.0529901585345053,0,False,5.985347281609126e-05,159,0.0661472711893956,False,neither
ESIK-03030,0.0013251915,941,0.0031915834553089,0,False,5.494185850817593e-10,1159,0.0026405670732421,False,neither
ESIK-03031,0.0019571558,830,0.0043349547518694,0,False,3.365502315655149e-08,760,0.0084254327611951,False,neither
ESIK-03033,0.0015039673,901,0.0035250914221394,0,False,2.934097327545953e-09,1074,0.0042381066084384,False,neither
ESIK-03037,0.00079728244,1052,0.0021411082636658,0,False,9.599758168048995e-10,1145,0.0030915561784036,False,neither
ESIK-03039,0.029872656,257,0.0366256322268652,0,False,2.6055478666915936e-05,175,0.0529946237646342,False,neither
ESIK-03042,0.007137046,501,0.0119559666429194,0,False,1.40600071145443e-06,327,0.0238831274207647,False,neither
ESIK-03043,0.02920181,261,0.0359813229187147,0,False,8.395150921672163e-07,371,0.0207033754783406,False,neither
ESIK-03052,0.050660543,198,0.0553571962725946,0,False,1.7770346220006604e-06,302,0.0254801303652486,False,neither
ESIK-03053,0.018034972,309,0.0246905023143111,0,False,7.454022810858698e-06,228,0.0377696448271335,False,neither
ESIK-03056,0.0018326743,853,0.0041169780696792,0,False,9.76387941155745e-08,619,0.0113601357042446,False,neither
ESIK-03059,0.0010377765,992,0.0026339094295033,0,False,2.2669374644917932e-08,820,0.0075396468859154,False,neither
ESIK-03060,0.014474424,349,0.0207905125404298,0,False,3.967916219395316e-07,437,0.0168088475606232,False,neither
ESIK-03064,0.08905656,156,0.0862270873779033,0,False,0.0001355680156599,138,0.081980381321959,False,neither
ESIK-03065,0.003672122,645,0.0071026287217138,0,False,1.2571373819665856e-05,209,0.0435366719130442,False,neither
ESIK-03071,0.0045181364,604,0.008356333838397,0,False,1.2479712102094338e-08,918,0.0063738491903366,False,neither
ESIK-03072,0.0050864997,579,0.0091695656586632,0,False,7.931657710240007e-08,641,0.0107173979243717,False,neither
ESIK-03074,0.0032505644,690,0.0064548243484519,0,False,1.777529759364235e-08,858,0.0070410750122585,False,neither
ESIK-03076,0.026579343,269,0.0334306842256328,0,False,5.774219381156074e-06,242,0.0352260815714194,False,neither
ESIK-03077,0.02503998,274,0.0319080208985832,0,False,1.3619751359504627e-05,203,0.0444916885567705,False,neither
ESIK-03080,0.34323335,94,0.2608588884669806,0,True,0.0049304804208686,96,0.1984469293620213,True,both
ESIK-03083,0.057106446,187,0.0608027103556346,0,False,3.1470625745584534e-06,266,0.0298260350010268,False,neither
ESIK-03091,0.0023663999,783,0.005031661313393,0,False,1.8288590429188686e-09,1112,0.0037087599118567,False,neither
ESIK-03092,0.0025793272,762,0.0053836339293741,0,False,8.357070820000067e-09,975,0.0056931211272775,False,neither
ESIK-03093,0.00051889097,1120,0.0015276483281596,0,False,1.7892561188223624e-09,1115,0.0036859079954906,False,neither
ESIK-03095,0.048589006,204,0.0535770390030309,0,False,6.858275268333081e-06,232,0.0369210935402175,False,neither
ESIK-03102,0.123149976,137,0.1114990741701419,0,False,1.873910842708928e-05,188,0.0484980088095712,False,neither
ESIK-03109,0.0036158862,649,0.0070171874736651,0,False,1.6021352299061262e-08,875,0.0068382148593657,False,neither
ESIK-03113,0.0017530341,865,0.0039758453431523,0,False,8.382694597737972e-08,633,0.0108848454111754,False,neither
ESIK-03116,0.0163314,319,0.0228479752533688,0,False,3.454332986028364e-07,451,0.0161718939873598,False,neither
ESIK-03118,0.0006467775,1097,0.0018164857382876,0,False,4.087023915527504e-09,1044,0.0046534675437151,False,neither
ESIK-03121,0.015748555,329,0.0222080304062858,0,False,2.7121453084486743e-08,796,0.0079295264111651,False,neither
ESIK-03123,0.0034631914,661,0.0067837136216803,0,False,2.0764683252895863e-08,830,0.0073558194746067,False,neither
ESIK-03127,0.9101442,42,0.7843395433138999,0,True,0.9138168904208206,51,0.6850315109923757,True,both
ESIK-03129,0.023151029,279,0.0300112048805503,0,False,2.746398980542439e-07,487,0.0151697819000167,False,neither
ESIK-03137,0.18199947,123,0.1527124927588972,0,False,0.0006345021120295,117,0.1215049283454243,True,lightgbm_only
ESIK-03142,0.0054364824,568,0.0096603894811593,0,False,3.385519981735533e-07,455,0.016081424349271,False,neither
ESIK-03143,0.035490207,241,0.0419055117825636,0,False,4.91125287634778e-06,248,0.033699974408601,False,neither
ESIK-03144,0.1738562,126,0.1471289288352691,0,False,0.0009570514930239,113,0.1345056337584589,True,lightgbm_only
ESIK-03146,0.047522806,206,0.0526546123713129,0,False,1.758060608877747e-06,305,0.0254047062162721,False,neither
ESIK-03147,0.0041785915,618,0.0078599036814832,0,False,4.088489085913081e-07,435,0.0169496076937388,False,neither
ESIK-03160,0.0033492914,675,0.0066080987181728,0,False,4.1729606452627544e-08,731,0.0089500901621507,False,neither
ESIK-03162,0.019893777,296,0.0266577978490877,0,False,1.3196309800487478e-06,336,0.0234678820526838,False,neither
ESIK-03163,0.026026063,270,0.0328856840556968,0,False,2.5378319123676025e-05,176,0.0526213765965291,False,neither
ESIK-03164,0.010169379,410,0.0157745156362445,0,False,8.697875450359736e-07,366,0.0209078798322145,False,neither
ESIK-03169,0.0016313284,879,0.0037574475312526,0,False,7.821551586611402e-08,642,0.01067548001684,False,neither
ESIK-03175,0.0035682365,652,0.0069445645577879,0,False,4.274422893965876e-08,728,0.0090106745102916,False,neither
ESIK-03188,0.011499711,391,0.0173671035833482,0,False,1.3504323313022731e-06,333,0.0236181837732197,False,neither
ESIK-03193,0.0003763278,1149,0.0011867012116797,0,False,3.9062505482301826e-09,1049,0.0045944662368047,False,neither
ESIK-03200,0.0021485598,813,0.0046643762316234,0,False,2.1830924615939997e-08,822,0.0074601537745328,False,neither
ESIK-03202,0.0033352075,679,0.0065862937368148,0,False,7.191761020162159e-08,657,0.0104271459181528,False,neither
ESIK-03205,0.0009827286,1005,0.0025235026678862,0,False,1.1504118494560189e-08,931,0.0062294180768951,False,neither
ESIK-03212,0.013903784,354,0.0201468343174948,0,False,1.4203571724204698e-06,325,0.0239503313690824,False,neither
ESIK-03217,0.002537653,767,0.0053152579928451,0,False,3.786164326844254e-08,744,0.0087088786468404,False,neither
ESIK-03227,0.0030399489,705,0.0061243991137605,0,False,2.8712167725048844e-08,788,0.0080575946407083,False,neither
ESIK-03237,0.0042736833,615,0.007999790681877,0,False,7.700216800607994e-08,644,0.0106287904512955,False,neither
ESIK-03246,0.005992991,547,0.0104269212202438,0,False,1.2452068892011414e-07,585,0.0121607629333321,False,neither
ESIK-03249,0.0032025124,694,0.0063798582870701,0,False,2.5661595170065424e-08,805,0.0078071347166483,False,neither
ESIK-03250,0.058856282,183,0.0622584979029212,0,False,2.8022615324753206e-06,275,0.0288890891503259,False,neither
ESIK-03258,0.0029823808,715,0.0060332282266328,0,False,2.634373013114483e-07,494,0.0149944839750548,False,neither
ESIK-03263,0.0034688062,660,0.0067923375866251,0,False,8.817814695817886e-08,627,0.0110403204857791,False,neither
ESIK-03269,0.030291114,256,0.0370259421372515,0,False,2.7987007596876885e-05,174,0.0540209034302109,False,neither
ESIK-03277,0.45141962,82,0.3353096481208485,0,True,0.0125259823281262,90,0.2442249352277351,True,both
ESIK-03284,0.062431052,176,0.0652053546269012,0,False,3.657804075836142e-07,447,0.0164319667594323,False,neither
ESIK-03285,0.011437841,393,0.0172939679151427,0,False,4.722369032514912e-06,250,0.033339945700979,False,neither
ESIK-03290,0.0052135014,574,0.0093485033409806,0,False,2.0097830168274802e-07,528,0.0139030059717161,False,neither
ESIK-03293,0.018352462,305,0.0250295651604742,0,False,3.279239911500482e-07,460,0.0159390369819664,False,neither
ESIK-03296,0.002966282,717,0.0060076639722415,0,False,1.1470108594199637e-07,601,0.0118842960139764,False,neither
ESIK-03297,0.00090083067,1030,0.0023567348818575,0,False,1.1577137552309728e-08,929,0.0062405271596884,False,neither
ESIK-03313,0.0077493265,484,0.0127518728359874,0,False,1.0137553111209255e-06,353,0.021815093891614,False,neither
ESIK-03316,0.006207552,537,0.0107182376531058,0,False,3.52739318891359e-08,753,0.0085373881671736,False,neither
ESIK-03321,0.10643958,148,0.0992911187386231,0,False,0.000789823053541,115,0.1282900900946948,True,lightgbm_only
ESIK-03323,0.21534218,115,0.1753235069543331,0,True,2.4210150946030947e-05,177,0.0519596323529701,False,xgboost_only
ESIK-03330,0.001333457,939,0.0032072082180796,0,False,3.1866210282614663e-08,768,0.0082971140269265,False,neither
ESIK-03334,0.0013604311,932,0.0032580550253287,0,False,8.896982107813567e-08,625,0.0110680085903939,False,neither
ESIK-03336,0.014480467,348,0.0207972970387908,0,False,1.26639079513081e-06,340,0.0232019330981946,False,neither
ESIK-03345,0.003752544,638,0.0072243255579363,0,False,2.333312264039764e-07,510,0.0144949570309909,False,neither
ESIK-03347,0.118905686,141,0.1084262565337663,0,False,0.000209541956542,134,0.0917606158075623,False,neither
ESIK-03354,0.0033823184,672,0.0066591528512514,0,False,1.85990723773143e-07,539,0.0136051173592358,False,neither
ESIK-03359,0.27910283,105,0.2179623792519688,0,True,0.0011415585788498,110,0.1404344026441593,True,both
ESIK-03361,0.003459862,663,0.0067785985255606,0,False,1.972629593670048e-08,847,0.0072504302871927,False,neither
ESIK-03364,0.0022198777,800,0.0047854720804844,0,False,3.58174476315392e-08,750,0.0085741427910435,False,neither
ESIK-03369,0.43037775,85,0.3205058238791533,0,True,0.1822812211445109,71,0.4213064393144047,True,both
ESIK-03376,0.09436764,153,0.0902641850264392,0,False,3.7600715954777566e-05,169,0.0584600694929016,False,neither
ESIK-03378,0.09724929,152,0.0924369927450233,0,False,4.804466318512408e-05,162,0.0624025866495596,False,neither
ESIK-03381,0.0022029202,804,0.0047567563210553,0,False,5.503433905728881e-09,1019,0.0050607827411612,False,neither
ESIK-03385,0.015867187,328,0.0223386993269557,0,False,2.6233542425612427e-06,277,0.0283692111877088,False,neither
ESIK-03395,0.0014959117,904,0.0035102550344654,0,False,4.920439563137351e-09,1028,0.0049034998456364,False,neither
ESIK-03400,0.0029221978,724,0.005937505814988,0,False,1.2438958499369632e-06,341,0.0230871089435716,False,neither
ESIK-03404,0.0007800984,1060,0.0021047579567037,0,False,1.5487598073473994e-08,883,0.0067733157626958,False,neither
ESIK-03406,0.0006588177,1093,0.0018430111005602,0,False,1.7354939536064573e-08,862,0.0069938186844968,False,neither
ESIK-03416,0.012138882,381,0.0181176740224744,0,False,1.3008318902935257e-06,337,0.0233748852856712,False,neither
ESIK-03417,0.003993721,626,0.0075859370982401,0,False,5.4049619576674223e-08,692,0.0096242717328868,False,neither
ESIK-03418,0.011534634,389,0.0174083449360751,0,False,3.762922421115283e-07,443,0.0165622306727381,False,neither
ESIK-03422,0.059272476,181,0.0626034309659561,0,False,3.096909560427133e-06,267,0.0296945898911724,False,neither
ESIK-03428,0.0005246846,1116,0.0015410409795312,0,False,3.59604665480632e-09,1058,0.0044884719661442,False,neither
ESIK-03435,0.0016617909,873,0.0038124328354302,0,False,8.129513131936991e-09,978,0.0056490085177193,False,neither
ESIK-03436,0.0024688367,774,0.0052018122465315,0,False,4.5365066612639996e-08,716,0.0091625035853879,False,neither
ESIK-03437,0.00063617754,1098,0.0017930452681359,0,False,7.711917637153218e-09,984,0.0055656881179354,False,neither
ESIK-03438,0.002189915,808,0.0047347003761189,0,False,3.9522667206565567e-08,740,0.0088145441721104,False,neither
ESIK-03439,0.23524381,111,0.1886839936031197,0,True,0.0002823566056355,127,0.0990530910808568,False,xgboost_only
ESIK-03446,0.009681383,431,0.0151790372699437,0,False,2.509651487980663e-06,282,0.0280251530414833,False,neither
ESIK-03447,0.006593959,521,0.0112373965041894,0,False,1.757219531600117e-08,860,0.0070183441429241,False,neither
ESIK-03454,0.021159934,290,0.0279746668933815,0,False,1.285913033233201e-06,339,0.0233003829200731,False,neither
ESIK-03460,0.00092590216,1023,0.0024081215028372,0,False,1.1322792055348395e-09,1138,0.0032391306513612,False,neither
ESIK-03466,0.14492074,130,0.1270121507035736,0,False,0.000491388380113,121,0.1139789703766933,False,neither
ESIK-03468,0.00044571882,1136,0.0013555805090244,0,False,1.2182120827525223e-09,1134,0.0033067506427782,False,neither
ESIK-03475,0.036842577,234,0.0431486634811616,0,False,2.2685677888222505e-05,181,0.0510592233290633,False,neither
ESIK-03477,0.008518964,460,0.0137330568849267,0,False,1.319278265738668e-07,576,0.012359040342553,False,neither
ESIK-03482,0.010033288,417,0.0156090932552417,0,False,2.1795019884956305e-07,517,0.0142214962653185,False,neither
ESIK-03488,0.0046620416,594,0.0085642495168239,0,False,6.714339797105064e-07,387,0.0194580431858391,False,neither
ESIK-03492,0.009422603,437,0.0148605934517094,0,False,2.918798619613136e-07,478,0.015429687126247,False,neither
ESIK-03507,0.124225825,136,0.112275211713454,0,False,3.98658832228832e-05,167,0.0593792203182419,False,neither
ESIK-03512,0.0038038509,634,0.0073016664440614,0,False,1.321697490074538e-07,575,0.0123653788574903,False,neither
ESIK-03518,0.009788247,426,0.0153099915179675,0,False,1.45066430073262e-07,562,0.0126917601584961,False,neither
ESIK-03519,0.0021546758,810,0.0046747947332719,0,False,1.7372222463544038e-07,543,0.0133480423614872,False,neither
ESIK-03520,0.00044542152,1137,0.0013548695491437,0,False,2.0308456187404e-08,840,0.0073099946050144,False,neither
ESIK-03525,0.30498648,100,0.2352287722292995,0,True,0.004629168251462,97,0.1956063915668393,True,both
ESIK-03538,0.0014068392,922,0.0033450299924363,0,False,3.1276038336639412e-09,1069,0.0043151721230109,False,neither
ESIK-03548,0.009296736,441,0.0147050141991158,0,False,1.4992480242072371e-06,318,0.0243110296260658,False,neither
ESIK-03549,0.30158532,102,0.2329578212270868,0,True,0.0004908175110319,122,0.1139456934890505,False,xgboost_only
ESIK-03551,0.0009048015,1028,0.002364893663434,0,False,6.837478594699229e-09,998,0.0053800864571733,False,neither
ESIK-03552,0.008574421,458,0.0138029857796023,0,False,1.702942942288872e-07,544,0.0132738707985104,False,neither
ESIK-03556,0.010481141,406,0.0161516487196192,0,False,1.1272015026768506e-06,345,0.0224658283808938,False,neither
ESIK-03557,0.0036401264,648,0.0070540519132719,0,False,1.4333233310023738e-08,893,0.0066272399719718,False,neither
ESIK-03559,0.001824078,855,0.0041018092240197,0,False,2.648540051909911e-09,1085,0.0041174059430866,False,neither
ESIK-03561,0.002271572,797,0.0048727204139251,0,False,1.447564263192704e-07,563,0.0126841662965427,False,neither
ESIK-03562,0.001487795,905,0.0034952887450118,0,False,2.035706031077929e-07,525,0.0139528826514588,False,neither
ESIK-03566,0.019749988,297,0.0265071047394673,0,False,2.578252057218372e-07,496,0.0149046268034948,False,neither
ESIK-03571,0.001986835,828,0.0043864768647994,0,False,1.4654547144470216e-08,890,0.0066687263731955,False,neither
ESIK-03575,0.0010918461,982,0.0027411323043324,0,False,5.6314501220281176e-08,685,0.0097357801701256,False,neither
ESIK-03577,0.0009276408,1022,0.0024116738957311,0,False,1.1384648262839403e-09,1136,0.0032441189282704,False,neither
ESIK-03585,0.07626328,163,0.0763076335306905,0,False,1.0556223839891049e-05,214,0.0415211004933137,False,neither
ESIK-03586,0.005372912,571,0.0095717632555446,0,False,5.316511114597921e-08,694,0.0095798074110736,False,neither
ESIK-03587,0.00158154,887,0.0036670980613049,0,False,7.50874160424571e-08,648,0.0105540173705089,False,neither
ESIK-03600,0.0006028409,1106,0.0017187695483907,0,False,5.457154617640736e-09,1020,0.0050487479884546,False,neither
ESIK-03602,0.0010678458,985,0.002693683059004,0,False,4.637138145840843e-09,1036,0.004822184406009,False,neither
ESIK-03619,0.00082963466,1041,0.0022090914200784,0,False,2.4289808503791853e-08,809,0.0076874623342167,False,neither
ESIK-03621,0.007758047,483,0.0127631062778983,0,False,3.7019727394064536e-06,256,0.0311868408367869,False,neither
ESIK-03623,0.39535645,90,0.2962563378302429,0,True,0.0384386857436798,82,0.3090874361087429,True,both
ESIK-03630,0.117943846,142,0.1077274082204124,0,False,5.831137062940544e-05,160,0.0656918074158368,False,neither
ESIK-03633,0.0030081302,709,0.0060740548172049,0,False,1.5168572339168573e-08,887,0.0067337524897254,False,neither
ESIK-03657,0.040771224,224,0.0467060850534171,0,False,1.7345256213403193e-05,191,0.0474972114994656,False,neither
ESIK-03661,0.04511783,212,0.0505576607476286,0,False,1.69427828313901e-06,308,0.0251467176682839,False,neither
ESIK-03672,0.0014049956,924,0.003341586647467,0,False,6.475420758361283e-08,672,0.0101247846672513,False,neither
ESIK-03673,0.0066849333,517,0.0113586450899218,0,False,9.373041594883748e-07,358,0.0213459687872608,False,neither
ESIK-03676,0.28423244,104,0.221382169117224,0,True,0.0012765583272665,108,0.1443061792079058,True,both
ESIK-03694,0.0018502217,848,0.0041478942698404,0,False,2.050605058549676e-08,836,0.007329931761342,False,neither
ESIK-03696,0.0019024296,839,0.0042395064182872,0,False,1.148212652057794e-07,600,0.0118877812374715,False,neither
ESIK-03699,0.0017750129,861,0.0040149307618763,0,False,1.1103921717488244e-08,935,0.0061676133583953,False,neither
ESIK-03703,0.006100438,542,0.0105730861293578,0,False,2.25247339934404e-06,290,0.0272025817626395,False,neither
ESIK-03705,0.0027385226,744,0.005642666007163,0,False,1.973530593147231e-08,846,0.0072513617442622,False,neither
ESIK-03711,0.00053605385,1113,0.0015672304628385,0,False,1.2866122135029183e-09,1131,0.0033581639797903,False,neither
ESIK-03724,0.0024685115,775,0.005201274420631,0,False,5.769292124792561e-09,1010,0.0051285428877358,False,neither
ESIK-03729,0.0032460515,692,0.0064477942660872,0,False,2.109981280542159e-07,518,0.0140932876927464,False,neither
ESIK-03730,0.0022835592,795,0.0048928906311764,0,False,1.3982974887920748e-08,900,0.0065812459841272,False,neither
ESIK-03734,0.11554881,144,0.1059830699363617,0,False,0.0001770727478529,136,0.0878604771038529,False,neither
ESIK-03740,0.0003562428,1152,0.0011366112140509,0,False,1.433249321439877e-09,1126,0.0034620971543973,False,neither
ESIK-03746,0.0007331993,1074,0.0020046581690769,0,False,2.611425224307616e-09,1086,0.0041010406240263,False,neither
ESIK-03756,0.0020006408,825,0.0044103863271876,0,False,5.647258058112307e-09,1016,0.0050977249117659,False,neither
ESIK-03758,0.002970387,716,0.0060141856780976,0,False,2.450619533791402e-07,505,0.0146948596206759,False,neither
ESIK-03760,0.016037159,324,0.0225255472854438,0,False,7.16834491743438e-08,658,0.0104176145344466,False,neither
ESIK-03762,0.0006212525,1102,0.0017598974957577,0,False,2.556001124709512e-09,1089,0.0040762878641782,False,neither
ESIK-03763,0.002639641,753,0.0054821697027809,0,False,7.078045475621523e-08,661,0.0103806466551063,False,neither
ESIK-03764,0.00064985245,1096,0.0018232699482026,0,False,1.0712385139942807e-09,1139,0.0031888232710576,False,neither
ESIK-03765,0.035500992,240,0.0419154634588512,0,False,6.788323833628154e-07,386,0.0195173792285574,False,neither
ESIK-03766,0.0048803156,586,0.0088769650160956,0,False,7.407010780614674e-09,990,0.005502776700426,False,neither
ESIK-03771,0.0011384257,975,0.0028325863559311,0,False,7.193484698655426e-10,1153,0.0028495123182531,False,neither
ESIK-03786,0.03739603,231,0.0436545672635115,0,False,2.788423292717049e-07,485,0.0152342039091482,False,neither
ESIK-03797,0.00046159796,1129,0.0013934056546888,0,False,1.0104612327714247e-09,1144,0.0031366431065785,False,neither
ESIK-03805,0.009910203,422,0.0154590559556118,0,False,5.719034531692258e-07,404,0.0186092820130421,False,neither
ESIK-03809,0.014714104,344,0.0210591949704964,0,False,1.197930640061501e-06,342,0.0228476863653383,False,neither
ESIK-03811,0.005961187,549,0.0103835473387317,0,False,2.546635508631824e-07,498,0.0148533783778213,False,neither
ESIK-03812,0.020564916,293,0.0273580362072433,0,False,1.3824364077786123e-06,332,0.0237717263172894,False,neither
ESIK-03820,0.0084577305,464,0.0136557273577792,0,False,6.163413857076519e-07,397,0.019000522376796,False,neither
ESIK-03823,0.0012570765,953,0.0030620043123645,0,False,4.5316556444727177e-08,717,0.0091597515923062,False,neither
ESIK-03844,0.0013124027,942,0.0031673660300979,0,False,5.9074821875125905e-09,1008,0.0051628796477032,False,neither
ESIK-03848,0.0028618851,732,0.0058411465305167,0,False,9.450123830438327e-08,622,0.0112566565358658,False,neither
ESIK-03859,0.013387394,363,0.0195593225198456,0,False,1.383967624510006e-06,331,0.023779007140804,False,neither
ESIK-03869,0.01680776,314,0.0233672738948975,0,False,6.025150011694211e-07,398,0.0188810551796369,False,neither
ESIK-03873,0.0004570063,1131,0.0013824971450784,0,False,3.855561707432022e-09,1051,0.0045775705340982,False,neither
ESIK-03874,0.004428412,605,0.008225968279952,0,False,1.976487644456372e-07,530,0.0138382561713062,False,neither
ESIK-03877,0.0015548866,892,0.0036184791253667,0,False,4.390740080496457e-08,722,0.0090788651230433,False,neither
ESIK-03883,0.00037575798,1150,0.001185288178151,0,False,7.786259576829711e-09,983,0.0055807547876006,False,neither
ESIK-03884,0.001605537,882,0.0037107204221133,0,False,4.152925559229095e-09,1042,0.0046745096515833,False,neither
ESIK-03889,0.009428872,436,0.0148683299144441,0,False,7.212488016579333e-09,992,0.0054616605656915,False,neither
ESIK-03902,0.012240711,379,0.0182364369807315,0,False,3.200448694929765e-07,462,0.0158313004462675,False,neither
ESIK-03906,0.10219817,151,0.0961415655564743,0,False,1.3201404182642572e-05,205,0.0441173648057526,False,neither
ESIK-03909,0.00781955,481,0.0128422569311715,0,False,8.874944627387353e-08,626,0.0110603191240297,False,neither
ESIK-03916,0.08021592,161,0.0794042716968853,0,False,0.0001009704629966,145,0.0759113436772917,False,neither
ESIK-03921,0.00817895,475,0.0133020926365117,0,False,4.065702847563869e-08,733,0.008884877981317,False,neither
ESIK-03923,0.008373312,468,0.0135489151246759,0,False,2.63444737976041e-07,493,0.0149946021209412,False,neither
ESIK-03928,0.8072525,53,0.6447830005519559,0,True,0.9923057727799308,42,0.815320879406558,True,both
ESIK-03931,0.004789845,589,0.0087477291115322,0,False,8.872231405894105e-07,364,0.0210233216157342,False,neither
ESIK-03932,0.00031795105,1157,0.0010393910661091,0,False,6.919400958662918e-10,1154,0.0028184051462124,False,neither
ESIK-03942,0.006454001,529,0.0110501458228177,0,False,4.233303942761969e-07,431,0.0171147384895798,False,neither
ESIK-03943,0.015101517,338,0.0214914638277771,0,False,1.983689330933796e-06,298,0.0262657697188477,False,neither
ESIK-03951,0.010847037,402,0.0165911367976763,0,False,1.323287545661004e-06,335,0.0234858581319999,False,neither
ESIK-03955,0.013286391,366,0.0194438297140058,0,False,2.8509078447618e-07,483,0.0153287013775177,False,neither
ESIK-03957,0.0034704283,659,0.0067948288986956,0,False,2.069751625190887e-08,831,0.0073491188686828,False,neither
ESIK-03961,0.001687304,870,0.0038583166781673,0,False,2.9339331477342137e-08,783,0.0081066816864647,False,neither
ESIK-03963,0.0031204892,698,0.006251325017045,0,False,4.536517828021715e-08,715,0.0091625099178644,False,neither
ESIK-03967,0.0025488907,764,0.0053337195889209,0,False,2.117003528199561e-08,827,0.007395929344289,False,neither
ESIK-03973,0.032900915,248,0.0394962528175054,0,False,5.739866736274116e-06,243,0.0351686613410364,False,neither
ESIK-03974,0.044274855,215,0.0498170979538419,0,False,8.248625758358986e-05,150,0.0719881334868726,False,neither
ESIK-03978,0.06757981,169,0.0693903457892472,0,False,9.24443070826755e-05,146,0.074175996551146,False,neither
ESIK-03983,0.47606012,78,0.3529079407440347,0,True,9.233167519127632e-05,147,0.0741522737598027,False,xgboost_only
ESIK-03986,0.005704284,560,0.0100312985553339,0,False,2.8307505206615447e-06,274,0.0289696107362552,False,neither
ESIK-03992,0.003322919,681,0.006567252515761,0,False,7.70204633698585e-09,985,0.0055636796776043,False,neither
ESIK-03996,0.0009516276,1015,0.0024605383067597,0,False,4.170742645957562e-09,1041,0.0046801572862229,False,neither
ESIK-04003,0.0192445,300,0.0259754119102727,0,False,2.5925159231593684e-06,279,0.0282769934916696,False,neither
ESIK-04006,0.0037350669,641,0.0071979273098099,0,False,4.067152769938771e-07,436,0.0169249206722711,False,neither
ESIK-04010,0.0062199924,535,0.0107350605828246,0,False,5.379832293777695e-07,411,0.0182954834498722,False,neither
ESIK-04012,0.006141933,540,0.0106293823067202,0,False,1.1923448432829142e-07,594,0.0120139767525139,False,neither
ESIK-04022,0.0047860416,590,0.0087422841402781,0,False,1.4368149866154494e-07,565,0.0126577433122679,False,neither
ESIK-04025,0.015078569,340,0.0214659280194344,0,False,1.896082742344087e-07,536,0.0136785674160291,False,neither
ESIK-04052,0.0019311971,833,0.0042897531389197,0,False,1.2446788577868586e-07,586,0.0121593192104096,False,neither
ESIK-04053,0.0009816249,1006,0.002521275577851,0,False,1.4738010107597916e-09,1124,0.0034894816952651,False,neither
ESIK-04061,0.044710107,214,0.0501998417657907,0,False,0.0002817963253822,128,0.0990028588869292,False,neither
ESIK-04066,0.47118196,79,0.3493996980766706,0,True,0.0002317386558861,133,0.0941668281287251,False,xgboost_only
ESIK-04081,0.029037263,262,0.0358227942499375,0,False,7.082915693522745e-08,660,0.010382649150667,False,neither
ESIK-04089,0.004693166,593,0.0086090331937897,0,False,1.3896878322678985e-07,570,0.0125401807189239,False,neither
ESIK-04098,0.021410255,289,0.0282329387970412,0,False,2.1079613902788105e-06,291,0.0267097544400221,False,neither
ESIK-04103,0.02483976,275,0.0317084894512034,0,False,7.409111958526712e-06,229,0.0377074569886427,False,neither
ESIK-04105,0.0008534977,1037,0.0022588706070929,0,False,1.2206647458700131e-08,923,0.0063342679463571,False,neither
ESIK-04109,0.0018086039,857,0.0040744648411421,0,False,1.6958586371269083e-08,867,0.0069484993567686,False,neither
ESIK-04112,0.009231303,443,0.0146239526909988,0,False,9.228684956791825e-08,624,0.0111821191054623,False,neither
ESIK-04115,0.0025398,766,0.0053187864067172,0,False,9.59792550046194e-08,621,0.0113057073406514,False,neither
ESIK-04120,0.0025996654,759,0.0054169159541785,0,False,1.084237180278627e-06,347,0.0222252579677752,False,neither
ESIK-04122,0.029684655,259,0.0364453861052771,0,False,1.4017439266753103e-06,329,0.0238631047407705,False,neither
ESIK-04123,0.0026333528,754,0.0054719196399656,0,False,1.3175852149045718e-08,908,0.0064720081054183,False,neither
ESIK-04124,0.003289613,685,0.0065155671711458,0,False,7.003743245107326e-08,662,0.0103499715004769,False,neither
ESIK-04126,0.008469808,461,0.0136709888299611,0,False,4.312346190687442e-08,726,0.0090330524997819,False,neither
ESIK-04130,0.0006932466,1083,0.0019182948970582,0,False,3.914743376367957e-09,1048,0.004597281635525,False,neither
ESIK-04132,0.0034198768,667,0.0067170797286814,0,False,1.2376534862306104e-07,587,0.0121400684102209,False,neither
ESIK-04136,0.32335672,96,0.2475142541561826,0,True,0.0077505799412457,92,0.2197628757858611,True,both
ESIK-04139,0.0019910622,826,0.0043938014108377,0,False,4.821364197077577e-08,706,0.0093205070980248,False,neither
ESIK-04145,0.0682104,168,0.0698983898410423,0,False,7.221453048962046e-06,231,0.0374445559738554,False,neither
ESIK-04146,0.0033744178,673,0.0066469497644767,0,False,1.352156888216454e-07,571,0.0124444751092965,False,neither
ESIK-04152,0.0010628242,986,0.0026837260789927,0,False,1.5230982222863226e-09,1122,0.0035220523083973,False,neither
ESIK-04167,0.0012942379,946,0.0031328813761221,0,False,2.643797498406144e-08,799,0.007872832152572,False,neither
ESIK-04169,0.004740727,591,0.008677341494058,0,False,3.255962949231469e-07,461,0.0159074061359664,False,neither
ESIK-04173,0.0029142587,725,0.0059248468092141,0,False,3.723459141200284e-07,444,0.0165136407925235,False,neither
ESIK-04176,0.0035328467,654,0.0068904900339448,0,False,1.271729379305258e-07,580,0.0122327166107656,False,neither
ESIK-04178,0.0004639025,1128,0.0013988719190253,0,False,1.4439549807699602e-09,1125,0.0034693802235169,False,neither
ESIK-04179,0.007531892,489,0.0124708642908924,0,False,8.137117811581507e-08,638,0.0107945061482687,False,neither
ESIK-04182,0.0010502718,988,0.0026587929280816,0,False,4.932613524533307e-09,1027,0.0049069177906761,False,neither
ESIK-04184,0.003113475,700,0.0062402997106612,0,False,1.78239606537516e-08,856,0.0070464934824152,False,neither
ESIK-04185,0.00094137515,1018,0.0024396854859714,0,False,1.1983616678184916e-08,924,0.0063014633105377,False,neither
ESIK-04188,0.0017756628,859,0.0040160847836545,0,False,2.0695894971301937e-08,832,0.0073489569354997,False,neither
ESIK-04192,0.00051777146,1121,0.0015250566810339,0,False,1.225699146695162e-09,1133,0.0033124779019292,False,neither
ESIK-04197,0.7023801,59,0.5361408041056085,0,True,0.9071448678826678,52,0.6800030748851942,True,both
ESIK-04199,0.0021413858,814,0.0046521474264179,0,False,9.310806810238962e-09,960,0.0058691194987862,False,neither
ESIK-04215,0.006626033,520,0.0112801860894733,0,False,1.228365127946311e-07,590,0.0121144948712694,False,neither
ESIK-04219,0.0071162623,503,0.0119286927897768,0,False,1.3834775217719382e-05,199,0.0446807752624397,False,neither
ESIK-04224,0.00889447,447,0.0142046439831519,0,False,1.9736628371388439e-07,531,0.0138327264770824,False,neither
ESIK-04230,0.006700819,516,0.0113797791725296,0,False,3.004059000963568e-07,473,0.0155541241920496,False,neither
ESIK-04231,0.00075103185,1067,0.0020428769979777,0,False,6.3706150346822985e-09,1002,0.0052739020171371,False,neither
ESIK-04236,0.0050724316,580,0.0091496845803174,0,False,1.0573225909358369e-07,605,0.0116163923184944,False,neither
ESIK-04241,0.003991698,627,0.007582923567888,0,False,2.9571247043849986e-07,475,0.0154859456642911,False,neither
ESIK-04243,0.01770023,313,0.0243315923222539,0,False,3.6040820992452553e-06,260,0.030958210653256,False,neither
ESIK-04248,0.0019903232,827,0.0043925212803379,0,False,3.1244175923280164e-08,774,0.0082512760229067,False,neither
ESIK-04251,0.0054354635,569,0.0096589716029105,0,False,8.341148642686287e-08,634,0.0108696977531753,False,neither
ESIK-04259,0.15210474,129,0.1320530165820207,0,False,0.0005860547469583,118,0.1191214240735987,False,neither
ESIK-04270,0.009862728,424,0.0154010767667712,0,False,4.758853086496647e-06,249,0.0334103024056868,False,neither
ESIK-04274,0.0071264375,502,0.0119420475180731,0,False,2.5691786686132535e-07,497,0.014889966251582,False,neither
ESIK-04279,0.0026146327,757,0.0054413730152719,0,False,3.350001225977894e-08,762,0.0084145107002712,False,neither
ESIK-04281,0.0077071735,486,0.0126975310601861,0,False,3.919958251423386e-07,439,0.0167519961678993,False,neither
ESIK-04282,0.005643685,562,0.0099477074874317,0,False,1.9953550383239017e-06,296,0.0263082990622642,False,neither
ESIK-04289,0.002794637,737,0.0057331855323997,0,False,7.958891417498695e-08,640,0.0107277009854092,False,neither
ESIK-04292,0.006817824,512,0.0115351103260895,0,False,3.063966142476424e-06,269,0.0296073971328728,False,neither
ESIK-04298,0.0024966197,773,0.0052476949692163,0,False,4.37470578598028e-07,429,0.017272064410974,False,neither
ESIK-04302,0.006155284,539,0.0106474782902038,0,False,4.871712467886753e-07,418,0.0177973227870471,False,neither
ESIK-04304,0.002662481,751,0.0055193559766333,0,False,1.0570062123635553e-07,606,0.0116154186856376,False,neither
ESIK-04313,0.010842918,403,0.0165862091760787,0,False,2.509697665151335e-07,501,0.0147929167902362,False,neither
ESIK-04318,0.022685638,282,0.0295387539226239,0,False,2.098396359457371e-07,519,0.0140716266015618,False,neither
ESIK-04330,0.0015649474,889,0.0036368523654839,0,False,5.221632247423235e-09,1023,0.004986336664501,False,neither
ESIK-04333,0.81333625,52,0.6518840700299428,0,True,0.9946911700162944,41,0.830728638637281,True,both
ESIK-04337,0.0029443898,719,0.0059728522979374,0,False,3.9863108506349644e-08,738,0.0088358038841916,False,neither
ESIK-04341,0.0060193352,545,0.0104628106501146,0,False,1.1571980763018033e-07,598,0.0119137558899396,False,neither
ESIK-04342,0.002159368,809,0.0046827838263807,0,False,5.2820216119239186e-08,696,0.0095623247283821,False,neither
ESIK-04353,0.00041343432,1140,0.001277768010924,0,False,2.756110739695102e-10,1167,0.0021727098637399,False,neither
ESIK-04354,0.0028778936,727,0.0058667657348836,0,False,3.341228800443882e-09,1064,0.0043963658284191,False,neither
ESIK-04355,0.009488823,433,0.0149422619192782,0,False,1.115152829211233e-07,602,0.0117909285248531,False,neither
ESIK-04366,0.00056844315,1112,0.0016411985770223,0,False,4.8874674572671095e-09,1029,0.0048942119876811,False,neither
ESIK-04367,0.00588778,552,0.010283240916681,0,False,2.459956169955088e-06,283,0.0278711843367457,False,neither
ESIK-04368,0.003392984,669,0.0066756166670104,0,False,1.382507280533476e-08,903,0.006560239426442,False,neither
ESIK-04375,0.0015944502,885,0.0036905843896143,0,False,4.4417593383869264e-08,721,0.0091083640338402,False,neither
ESIK-04377,0.0065023317,526,0.0111149074330703,0,False,3.533034571766084e-08,752,0.0085412220118275,False,neither
ESIK-04379,0.0019277097,835,0.0042836702751736,0,False,2.290849622959452e-09,1098,0.0039522159791312,False,neither
ESIK-04384,0.005583445,565,0.0098644175591907,0,False,3.581496954422829e-07,449,0.016335693348231,False,neither
ESIK-04385,0.0037068636,643,0.0071552712377448,0,False,6.766463175515732e-08,668,0.0102504100860943,False,neither
ESIK-04393,0.0045587937,599,0.0084152208975856,0,False,6.197606238233443e-08,676,0.0100010044859088,False,neither
ESIK-04394,0.0012244234,957,0.0029993522618181,0,False,1.153537138983503e-08,930,0.006234179074579,False,neither
ESIK-04400,0.005249142,573,0.0093985472984631,0,False,1.4802759959123125e-08,889,0.0066876422417853,False,neither
ESIK-04401,0.003024282,707,0.0060996245938051,0,False,4.49162723542143e-07,427,0.0173993861623542,False,neither
ESIK-04402,0.0011863078,964,0.002925761191928,0,False,1.3632389076066896e-08,904,0.0065343702382551,False,neither
ESIK-04407,0.00078589283,1058,0.0021170343255232,0,False,3.3601120550870626e-08,761,0.008421638909465,False,neither
ESIK-04408,0.0032369155,693,0.0064335554356919,0,False,5.128334364365482e-08,700,0.0094834032482716,False,neither
ESIK-04409,0.0028397904,734,0.0058057366763427,0,False,4.323273338432528e-08,725,0.0090394740813757,False,neither
ESIK-04413,0.002343158,787,0.004992835637379,0,False,2.0687571741044065e-07,521,0.0140158110508948,False,neither
ESIK-04416,0.0027802652,739,0.0057100398523753,0,False,7.354660008279418e-08,652,0.0104928398981247,False,neither
ESIK-04419,0.007196452,498,0.0120338258795001,0,False,6.602785576228831e-07,391,0.019367669363671,False,neither
ESIK-04420,0.0017459415,866,0.0039632098454444,0,False,6.276834062977504e-09,1003,0.005251901417647,False,neither
ESIK-04424,0.00058296835,1109,0.0016740742108313,0,False,2.032120202361566e-08,839,0.0073112848606199,False,neither
ESIK-04430,0.0032510245,689,0.006455541493328,0,False,4.6878139225237144e-08,711,0.0092472938515257,False,neither
ESIK-04443,0.0014838673,907,0.0034880400912512,0,False,1.415966233829454e-08,897,0.0066045500452882,False,neither
ESIK-04445,0.0013658011,931,0.0032681514742027,0,False,1.102479903992296e-08,936,0.0061552047210114,False,neither
ESIK-04447,0.0030291064,706,0.0061072566934233,0,False,3.1257126458391725e-08,773,0.0082522370338428,False,neither
ESIK-04451,0.00066630787,1092,0.0018594599921485,0,False,1.918695047380065e-09,1110,0.0037593091440612,False,neither
ESIK-04459,0.00288083,726,0.0058714618419583,0,False,5.784045517208547e-07,403,0.018667868930509,False,neither
ESIK-04461,0.0006770587,1087,0.0018830003299262,0,False,5.256454421458176e-08,697,0.0095493114805389,False,neither
ESIK-04464,0.011134728,396,0.0169344034041145,0,False,1.7251111394968988e-06,307,0.0252723016748906,False,neither
ESIK-04473,0.22882771,112,0.1843846576291052,0,True,0.0002467074660027,131,0.0956910724606036,False,xgboost_only
ESIK-04476,0.0014231516,917,0.0033754537702038,0,False,5.571723094850601e-09,1017,0.0050784087907746,False,neither
ESIK-04477,0.0033628116,674,0.0066290116867034,0,False,1.2355532285108044e-07,588,0.0121342979734418,False,neither
ESIK-04481,0.04587199,210,0.0512177200819419,0,False,6.745983722358491e-06,233,0.0367551109106722,False,neither
ESIK-04483,0.0010514691,987,0.0026611740298138,0,False,1.1926159837791126e-08,925,0.0062929410860855,False,neither
ESIK-04487,0.013353275,364,0.019520331478743,0,False,1.394222426554988e-06,330,0.0238276169925704,False,neither
ESIK-04508,0.013112598,369,0.0192446533047285,0,False,1.0373804620286528e-05,216,0.0413249604728741,False,neither
ESIK-04513,0.0010695506,984,0.0026970610327182,0,False,8.55535065591361e-08,630,0.0109472206562566,False,neither
ESIK-04515,0.04649978,209,0.051765420567053,0,False,6.426233356554699e-05,154,0.0674023704048926,False,neither
ESIK-04516,0.0013898661,927,0.0033132930682398,0,False,1.4147477229669596e-08,898,0.0066029496458207,False,neither
ESIK-04517,0.0035114717,655,0.0068577729306355,0,False,2.0576749125057162e-07,523,0.0139947924589963,False,neither
ESIK-04526,0.0009595371,1014,0.0024765925240744,0,False,3.249610804282978e-09,1066,0.0043620151414907,False,neither
ESIK-04529,0.0072070747,497,0.0120477345516288,0,False,6.966410816754529e-08,665,0.0103344702512645,False,neither
ESIK-04531,0.0029932726,712,0.0060505071123017,0,False,2.3974633756999403e-09,1094,0.0040032845780576,False,neither
ESIK-04535,0.0056316108,564,0.0099310286730249,0,False,3.926667240764722e-07,438,0.0167599795627806,False,neither
ESIK-04546,0.04520387,211,0.0506330831312846,0,False,0.0001335086470145,139,0.0816544837261974,False,neither
ESIK-04550,0.0006113065,1103,0.0017377131391229,0,False,2.288392430071753e-09,1100,0.0039510190103012,False,neither
ESIK-04552,0.009759399,428,0.015274671171991,0,False,1.0698558820343788e-07,604,0.0116547942729359,False,neither
ESIK-04563,0.0003878908,1145,0.0012152773511459,0,False,2.5422576075373387e-09,1090,0.004070090303306,False,neither
ESIK-04564,0.0011665362,967,0.0028873875807941,0,False,5.292484413376042e-08,695,0.0095676369961783,False,neither
ESIK-04571,0.022395125,283,0.0292427561263274,0,False,7.492848131558374e-08,649,0.0105477491278702,False,neither
ESIK-04578,0.005905146,550,0.0103069947014417,0,False,7.093646577773424e-07,382,0.0197573869763734,False,neither
ESIK-04593,0.0021333394,815,0.0046384205812769,0,False,1.0641191618932036e-08,939,0.0060941181031445,False,neither
ESIK-04598,0.0057181315,559,0.0100503725804623,0,False,6.558437096493533e-07,392,0.0193314324463775,False,neither
ESIK-04601,0.008664956,454,0.0139169365650282,0,False,1.5015202767333013e-07,557,0.0128146924006736,False,neither
ESIK-04604,0.0010242186,995,0.0026068366033659,0,False,4.7265230093739575e-08,709,0.0092686677697442,False,neither
ESIK-04610,0.030380134,255,0.0371109440085467,0,False,1.1478392107929452e-06,344,0.0225790130214882,False,neither
ESIK-04613,0.12257052,140,0.1110805943653506,0,False,0.0003341789904601,124,0.1033980072105002,False,neither
ESIK-04621,0.0938441,154,0.0898681372359572,0,False,1.3022145362024792e-05,207,0.0439542735932527,False,neither
ESIK-04630,0.041269083,220,0.0471515258608319,0,False,2.0404894135592385e-06,295,0.0264711508339016,False,neither
ESIK-04632,0.0014117493,919,0.003354195675952,0,False,2.6208574446480913e-08,803,0.0078535666771295,False,neither
ESIK-04646,0.0034170614,668,0.0067127425496033,0,False,2.0219520091803304e-08,841,0.0073009753579122,False,neither
ESIK-04651,0.0014290083,916,0.0033863585190438,0,False,9.280820466990393e-09,962,0.0058637884989177,False,neither
ESIK-04653,0.0067241513,514,0.0114108018530057,0,False,4.3667283378284865e-08,723,0.0090648960554415,False,neither
ESIK-04665,0.000795377,1053,0.0021370859891026,0,False,9.793528943953668e-09,949,0.0059532848312459,False,neither
ESIK-04668,0.022855433,280,0.0297113695454988,0,False,1.218879405095203e-07,592,0.0120882331218631,False,neither
ESIK-04669,0.0015203905,897,0.0035552855503495,0,False,1.7623714119494545e-08,859,0.0070241278890454,False,neither
ESIK-04682,0.00405459,624,0.007676440375736,0,False,3.3729844669776917e-09,1063,0.0044081139523249,False,neither
ESIK-04687,0.04329685,218,0.0489541440713762,0,False,4.616849640838276e-05,163,0.0617453920328516,False,neither
ESIK-04690,0.0013350067,938,0.0032101353071252,0,False,3.8027950303530975e-09,1053,0.0045598116614328,False,neither
ESIK-04692,0.0015124903,900,0.003540769979887,0,False,1.8981047846098675e-08,850,0.0071723011369145,False,neither
ESIK-04695,0.10868287,147,0.10094796774846,0,False,3.367061350590608e-07,456,0.0160569297221289,False,neither
ESIK-04699,0.013295357,365,0.0194540912024377,0,False,1.4512391414014514e-06,322,0.0240932289395409,False,neither
ESIK-04701,0.016122453,322,0.0226191447997575,0,False,3.0197423922641426e-07,472,0.0155767341703563,False,neither
ESIK-04704,0.005056178,581,0.0091267000529654,0,False,1.2659301746131718e-07,582,0.0122170771803504,False,neither
ESIK-04706,0.00024770806,1164,0.0008541197287473,0,False,2.99474705605989e-09,1073,0.004262644204879,False,neither
ESIK-04711,0.004845642,588,0.0088274965981157,0,False,9.208707327832484e-07,360,0.0212415115455499,False,neither
ESIK-04712,0.0030042701,710,0.0060679392808305,0,False,2.788574682557519e-08,793,0.0079917169400963,False,neither
ESIK-04713,0.00066808256,1091,0.0018633514845947,0,False,1.3415684356575783e-09,1128,0.0033980670829388,False,neither
ESIK-04716,0.0069242385,509,0.0116758762187028,0,False,1.4270578223881996e-06,324,0.0239815280651423,False,neither
ESIK-04717,0.3053732,98,0.235487031690356,0,True,0.0002659125907582,129,0.097545614759598,False,xgboost_only
ESIK-04734,0.05217704,195,0.0566507052356441,0,False,2.295736775480549e-05,180,0.0512229301766426,False,neither
ESIK-04741,0.008872059,449,0.014176624005161,0,False,2.652332873169876e-07,491,0.0150229467463542,False,neither
ESIK-04753,0.08792019,157,0.0853575454597527,0,False,0.0010975972730778,111,0.1390949660201935,True,lightgbm_only
ESIK-04756,0.0077436604,485,0.0127445718476903,0,False,9.61056008956987e-09,955,0.0059217423472632,False,neither
ESIK-04760,0.012679233,375,0.0187454333207557,0,False,8.745026095795494e-06,219,0.0394495088219366,False,neither
ESIK-04766,0.0007103261,1081,0.0019553419553339,0,False,1.8552726960948141e-09,1111,0.0037238042710808,False,neither
ESIK-04771,0.12272488,139,0.1111921007617367,0,False,0.0045362482009272,98,0.1946997477062476,True,lightgbm_only
ESIK-04772,0.00027129299,1161,0.0009174468460057,0,False,1.5384116582037848e-09,1120,0.003532015472583,False,neither
ESIK-04779,0.056583874,189,0.0603661805749822,0,False,2.9427068086755853e-05,172,0.0547521206604078,False,neither
ESIK-04785,0.010384654,407,0.016035195608527,0,False,7.469164525292757e-08,650,0.0105383906766531,False,neither
ESIK-04787,0.056794662,188,0.0605423623235842,0,False,2.9815739112512572e-05,170,0.0549448790150237,False,neither
ESIK-04793,0.0049796463,583,0.0090182579803152,0,False,8.872517841063202e-09,969,0.0057899348939548,False,neither
ESIK-04794,0.009804857,425,0.0153303182783702,0,False,2.92124422980598e-07,477,0.0154332929705926,False,neither
ESIK-04800,0.00093718513,1020,0.0024311491795485,0,False,1.3547534241029668e-08,906,0.006522894277553,False,neither
ESIK-04801,0.0019396667,831,0.0043045154588422,0,False,4.548492329386064e-08,713,0.0091692939866363,False,neither
ESIK-04804,0.009246885,442,0.0146432684604317,0,False,1.5737596725723917e-07,553,0.0129842347122347,False,neither
ESIK-04807,0.004276367,614,0.0080037281990404,0,False,3.186607923792048e-07,463,0.0158121768273577,False,neither
ESIK-04825,0.0057878667,558,0.0101462749854108,0,False,3.65966788322814e-07,446,0.0164342999285464,False,neither
ESIK-04829,0.0019296602,834,0.0042870726087497,0,False,7.515140637353376e-08,646,0.0105565383845756,False,neither
ESIK-04831,0.0007261207,1078,0.0019894320229386,0,False,2.5210075518709096e-08,806,0.0077682654077523,False,neither
ESIK-04841,0.0024290797,779,0.0051359598804555,0,False,3.421186329177392e-07,452,0.0161284804005093,False,neither
ESIK-04847,0.00034450224,1155,0.001107052210495,0,False,5.97712551441743e-10,1155,0.0027041929830862,False,neither
ESIK-04852,0.00822837,473,0.0133649723658395,0,False,3.525230385955281e-06,262,0.0307707084124577,False,neither
ESIK-04853,0.0026662303,750,0.005525453630715,0,False,1.232167858517014e-07,589,0.0121249817466259,False,neither
ESIK-04858,0.018646466,304,0.0253423977044717,0,False,1.8972967123378108e-07,535,0.0136810145681828,False,neither
ESIK-04870,0.021023259,291,0.0278333684793112,0,False,1.6776193281159652e-05,194,0.0470713780558928,False,neither
ESIK-04872,0.7860394,54,0.6208289398115524,0,True,0.6330290391653435,60,0.5652302842118381,True,both
ESIK-04873,0.0011890336,962,0.0029310408807593,0,False,9.323321543518272e-09,959,0.0058713407240445,False,neither
ESIK-04876,0.0004900463,1123,0.0014604835882295,0,False,1.1711826300320491e-09,1135,0.0032701845524572,False,neither
ESIK-04878,0.0011540409,971,0.0028630636787505,0,False,3.0656517430830976e-08,775,0.008207362473949,False,neither
ESIK-04880,0.00092383346,1024,0.0024038930560659,0,False,1.7019468725038447e-08,865,0.0069555099612453,False,neither
ESIK-04889,0.0030019174,711,0.0060642109270837,0,False,4.2621847772721976e-08,729,0.0090034223992758,False,neither
ESIK-04912,0.0032762226,686,0.0064947555241478,0,False,1.629042796253466e-07,549,0.0131102138450696,False,neither
ESIK-04921,0.0026181727,756,0.0054471532448081,0,False,1.2754618227845616e-08,916,0.0064130721829532,False,neither
ESIK-04927,0.0051768804,577,0.009297005529992,0,False,6.179526926026972e-08,677,0.0099928114243909,False,neither
ESIK-04929,0.016381253,318,0.0229024743775302,0,False,2.6402535346416043e-08,800,0.0078698637605036,False,neither
ESIK-04939,0.0008231613,1043,0.0021955350609862,0,False,2.9066223025233086e-09,1075,0.0042268706465125,False,neither
ESIK-04943,0.000655264,1094,0.0018351930905647,0,False,1.1876535336548411e-08,926,0.0062855567544016,False,neither
ESIK-04944,0.011541589,388,0.0174165559409005,0,False,8.385254251261734e-07,372,0.0206965997694383,False,neither
ESIK-04946,0.03829955,229,0.0444770297843958,0,False,4.687606647721187e-06,251,0.0332725361723841,False,neither
ESIK-04951,0.0015973725,884,0.0036958945100255,0,False,4.19747709841721e-08,730,0.0089648258199945,False,neither
ESIK-04953,0.005801319,555,0.0101647461099874,0,False,5.84006635666347e-08,681,0.0098356594087281,False,neither
ESIK-04955,0.0012983555,944,0.0031407074122701,0,False,1.6068477593770615e-09,1118,0.0035756898742293,False,neither
ESIK-04958,0.0029917106,713,0.006048029891753,0,False,1.6968084121025857e-07,545,0.013260483449615,False,neither
ESIK-04965,0.0014065371,923,0.0033444658620223,0,False,4.829220804964338e-09,1032,0.0048776938361789,False,neither
ESIK-04966,0.004627521,596,0.008514503414612,0,False,1.4880688177307472e-07,559,0.0127824735430297,False,neither
ESIK-04977,0.0025375169,768,0.0053150338247713,0,False,4.527899737219834e-08,718,0.0091576193964794,False,neither
ESIK-04985,0.0023228354,791,0.00495881802022,0,False,3.875563183225681e-08,743,0.0087661558734635,False,neither
ESIK-04995,0.00072634424,1077,0.0019899133539133,0,False,2.2965386749938044e-09,1097,0.0039549837409318,False,neither
ESIK-04999,0.03570297,239,0.0421017594180961,0,False,9.048721469822113e-06,218,0.0398177193791104,False,neither
ESIK-05007,0.03973766,226,0.0457775997896837,0,False,8.713777211500625e-06,220,0.0394110881431957,False,neither
ESIK-05013,0.010003403,419,0.0155727026288473,0,False,1.5215270858995021e-07,555,0.01286222830763,False,neither
ESIK-05033,0.020048326,295,0.0268195025410747,0,False,1.4087383024549033e-05,197,0.0449001470985509,False,neither
ESIK-05037,0.0006811747,1086,0.0018919914184919,0,False,5.656004378137159e-09,1015,0.0050999495251178,False,neither
ESIK-05042,0.002961771,718,0.0060004957525741,0,False,7.085545406511707e-08,659,0.0103837300005271,False,neither
ESIK-05045,0.001346031,936,0.0032309376743698,0,False,5.45795170007781e-08,690,0.0096506585813321,False,neither
ESIK-05051,0.000992956,1000,0.0025441138941264,0,False,1.3866898457223012e-08,901,0.0065658204734334,False,neither
ESIK-05052,0.018082984,308,0.0247418596211854,0,False,2.603822969848763e-06,278,0.0283108984901391,False,neither
ESIK-05055,0.008660088,455,0.0139108153245311,0,False,2.8847491952328053e-07,481,0.0153792549855441,False,neither
ESIK-05062,0.0043513966,609,0.0081136089372589,0,False,3.628363386383763e-08,747,0.0086053488407802,False,neither
ESIK-05063,0.1982939,119,0.1638063689299287,0,False,0.0019709578309851,103,0.1602059501723024,True,lightgbm_only
ESIK-05064,0.0002647263,1162,0.0008999376454653,0,False,2.8943580949946082e-09,1076,0.0042218305138976,False,neither
ESIK-05079,0.06444881,174,0.0668534395976674,0,False,1.4620544095742867e-06,321,0.024142748381489,False,neither
ESIK-05081,0.010579229,404,0.0162697923411333,0,False,7.49778117069279e-07,380,0.0200637685378869,False,neither
ESIK-05091,0.0010061973,996,0.0025707313466005,0,False,1.0338995427040826e-08,941,0.0060448690821854,False,neither
ESIK-05096,0.0006324192,1099,0.0017847140552841,0,False,5.9718502665750285e-09,1006,0.0051786764315989,False,neither
ESIK-05099,0.007034298,506,0.0118209645745987,0,False,2.0900924023825805e-07,520,0.0140560467689688,False,neither
ESIK-05101,0.0043228404,610,0.0080718380907562,0,False,2.7713321420201936e-08,794,0.0079777950932378,False,neither
ESIK-05102,0.002760694,742,0.0056784787189368,0,False,4.981883366510412e-08,702,0.0094065924755698,False,neither
ESIK-05106,0.15237549,128,0.1322423395239089,0,False,0.000733396106168,116,0.1259576816848994,True,lightgbm_only
ESIK-05109,0.0009895312,1002,0.0025372169817135,0,False,1.0126743377507643e-08,943,0.0060096550966218,False,neither
ESIK-05116,0.0024535344,777,0.0051764936538568,0,False,2.399379446779262e-07,507,0.0146084143968773,False,neither
ESIK-05121,0.015739828,330,0.0221984096530155,0,False,3.641409571001688e-06,259,0.0310459230880983,False,neither
ESIK-05122,0.002052493,817,0.0044998694509093,0,False,4.9689207504770894e-08,703,0.0093997156653472,False,neither
ESIK-05125,0.025354166,273,0.0322204233743567,0,False,4.21429198977416e-07,432,0.0170932956665996,False,neither
ESIK-05126,0.0024998626,772,0.0052530430965077,0,False,2.921165155251353e-08,784,0.0080967501819633,False,neither
ESIK-05128,0.006792865,513,0.0115020256660867,0,False,2.6022025545002317e-08,804,0.0078378101140475,False,neither
ESIK-05130,0.0016818133,872,0.003848454781214,0,False,1.8089131309028902e-09,1113,0.0036972955468978,False,neither
ESIK-05133,0.0073279347,493,0.0122056538141374,0,False,1.0405742439103346e-06,352,0.0219735444186272,False,neither
ESIK-05136,0.004879324,587,0.0088755521655812,0,False,6.620784546127682e-07,390,0.0193823257161081,False,neither
ESIK-05139,0.008607137,456,0.0138441945085806,0,False,2.6509171531531297e-07,492,0.0150207081974362,False,neither
ESIK-05140,0.002603922,758,0.0054238745804193,0,False,8.299194881443285e-08,635,0.0108543459685957,False,neither
ESIK-05143,0.0026545539,752,0.0055064574009207,0,False,3.3098788761120205e-08,765,0.0083860701942465,False,neither
ESIK-05147,0.7748217,55,0.6086272893251155,0,True,0.9832070348325468,48,0.7792300851927813,True,both
ESIK-05149,0.0020335498,821,0.0044672359370253,0,False,1.3007884555943864e-08,914,0.0064486723542808,False,neither
ESIK-05152,0.044001244,216,0.0495760865553361,0,False,2.1969644508022018e-05,183,0.050620661603648,False,neither
ESIK-05157,0.18594272,120,0.1554062249591805,0,False,7.252826365092796e-05,152,0.0695900983734744,False,neither
ESIK-05158,0.007469296,491,0.0123896389339299,0,False,5.990336034963043e-07,399,0.0188506602992887,False,neither
ESIK-05164,0.015963975,326,0.0224451516253189,0,False,5.985407775069567e-06,239,0.0355736603006845,False,neither
ESIK-05166,0.267688,107,0.2103523764045201,0,True,0.0008744999431915,114,0.1315549754874233,True,both
ESIK-05167,0.0046242326,597,0.008509759551475,0,False,4.0786035125923465e-08,732,0.0088927867204885,False,neither
ESIK-05170,0.024175929,277,0.0310444073074886,0,False,4.290350937956411e-07,430,0.0171786625234882,False,neither
ESIK-05180,0.0114718955,392,0.0173342333061241,0,False,1.5798491281795627e-06,312,0.0246655020399865,False,neither
ESIK-05189,0.009878404,423,0.0154202293222072,0,False,1.119799711762569e-06,346,0.0224248660519702,False,neither
ESIK-05194,0.0004874948,1124,0.0014545022259616,0,False,3.835969937774618e-09,1052,0.0045709973545428,False,neither
ESIK-05196,0.020757569,292,0.0275581121405241,0,False,1.415475998491772e-06,326,0.0239275380145706,False,neither
ESIK-05209,0.010253329,408,0.0158763146623862,0,False,1.6115281757801162e-08,871,0.0068494739175188,False,neither
ESIK-05212,0.003453855,664,0.0067693661882627,0,False,7.7204929662907e-07,377,0.020227499609037,False,neither
ESIK-05227,0.002926957,722,0.0059450915012459,0,False,2.622101298298012e-08,802,0.0078546143992943,False,neither
ESIK-05233,0.0042260615,616,0.0079298216052822,0,False,1.0291574196200093e-07,612,0.0115288775432307,False,neither
ESIK-05247,0.033505417,246,0.0400622849451637,0,False,5.092091329989056e-06,247,0.0340352443644999,False,neither
ESIK-05249,0.0029845892,714,0.0060367327599437,0,False,1.4135930156651588e-07,568,0.0126001687515239,False,neither
ESIK-05254,0.0011209052,977,0.0027982831518316,0,False,9.66853096515627e-09,953,0.0059317825443076,False,neither
ESIK-05263,0.0015291572,896,0.0035713743160681,0,False,4.198314828042446e-09,1039,0.0046888629682366,False,neither
ESIK-05264,0.0033447437,678,0.0066010602838736,0,False,1.2967483922538088e-07,577,0.0122996029548841,False,neither
ESIK-05270,0.001178773,966,0.002911153924946,0,False,1.511578556836668e-07,556,0.0128386476699693,False,neither
ESIK-05271,0.06544253,172,0.0676612453352383,0,False,8.758383572958046e-05,149,0.073131693783862,False,neither
ESIK-05277,0.0017570448,863,0.003982985599576,0,False,1.0025261820020183e-07,615,0.0114445211787722,False,neither
ESIK-05279,0.0007212826,1079,0.0019790069664914,0,False,4.212146739364236e-09,1038,0.0046932147939415,False,neither
ESIK-05286,0.014257748,350,0.020546771824507,0,False,2.0601829208395618e-06,294,0.0265413829132471,False,neither
ESIK-05287,0.11019187,146,0.1020591467000637,0,False,5.606709090137725e-05,161,0.0650124485743324,False,neither
ESIK-05290,0.00081406836,1048,0.002176453789668,0,False,8.052779346051453e-09,980,0.0056339331903513,False,neither
ESIK-05294,0.010247756,409,0.0158695623021989,0,False,8.634887701117735e-07,367,0.0208657608878212,False,neither
ESIK-05296,0.008575916,457,0.0138048706736673,0,False,1.9619310347339963e-08,849,0.0072393465635573,False,neither
ESIK-05299,0.26946723,106,0.2115386804657776,0,True,0.0015650408820094,107,0.1515933149107788,True,both
ESIK-05309,0.010117367,412,0.0157113504190599,0,False,1.3334254931884754e-08,907,0.0064938195032281,False,neither
ESIK-05311,0.0007563983,1066,0.0020543400337585,0,False,4.742134448390191e-09,1033,0.0048527275981667,False,neither
ESIK-05316,0.8376708,51,0.6814508296248398,0,True,0.7270755457580403,56,0.5952156338740154,True,both
ESIK-05319,0.002847286,733,0.0058177563584001,0,False,8.596576437215805e-07,368,0.0208400331562733,False,neither
ESIK-05322,0.0048926044,585,0.0088944790750571,0,False,1.0533685449051905e-07,608,0.0116042088472718,False,neither
ESIK-05326,0.008379792,466,0.0135571221862384,0,False,8.58986948993608e-06,221,0.039257733092282,False,neither
ESIK-05338,0.0018978032,840,0.0042314102021531,0,False,9.650715081629042e-09,954,0.0059287015676394,False,neither
ESIK-05341,0.012982381,372,0.0190950352206617,0,False,1.2912229378434997e-06,338,0.0233269716884161,False,neither
ESIK-05354,0.007243399,495,0.0120952576993345,0,False,5.703689472124496e-07,405,0.0185953826907903,False,neither
ESIK-05359,0.013175192,368,0.0193164557024962,0,False,1.3322562603881415e-06,334,0.0235297962974541,False,neither
ESIK-05361,0.0066617867,519,0.0113278298214629,0,False,5.240929246000218e-07,412,0.0181628241538308,False,neither
ESIK-05381,0.037333004,232,0.043597041272586,0,False,9.117871960501144e-05,148,0.0739081642072369,False,neither
ESIK-05386,0.0023343475,789,0.0049780955588517,0,False,2.312999910166866e-06,287,0.0274021282925943,False,neither
ESIK-05404,0.003317229,683,0.0065584308092588,0,False,1.6375166440040218e-07,547,0.013129249257668,False,neither
ESIK-05406,0.003581097,651,0.0069641860605925,0,False,5.8281079049162096e-08,682,0.0098300042972888,False,neither
ESIK-05415,0.002048509,818,0.0044930116386885,0,False,2.0915914147839912e-08,829,0.0073708493371366,False,neither
ESIK-05418,0.0006545771,1095,0.0018336808530211,0,False,1.605564824524007e-08,873,0.0068423313161129,False,neither
ESIK-05420,0.0006750237,1088,0.0018785506919597,0,False,1.3371435169764067e-09,1129,0.0033948981483647,False,neither
ESIK-05423,0.004558545,600,0.0084148608344818,0,False,2.065316645325281e-08,833,0.0073446859198178,False,neither
ESIK-05427,0.0013481342,934,0.0032349025049942,0,False,6.793258325391115e-08,667,0.0102617783102279,False,neither
ESIK-05428,0.00078997255,1057,0.0021256659746797,0,False,4.886382175071557e-09,1031,0.0048939055110641,False,neither
ESIK-05438,0.0007509184,1068,0.0020426345144395,0,False,9.9261155538767e-09,945,0.0059758776414193,False,neither
ESIK-05454,0.6295186,65,0.4716085386967861,1,True,0.0148685133198249,87,0.2534302918301887,True,both
ESIK-05458,0.59385926,67,0.4422860470971432,1,True,0.0836368032004091,77,0.3611330231237054,True,both
ESIK-05460,0.0038276368,633,0.0073374448571963,1,False,9.713083278972964e-09,952,0.0059394693141712,False,neither
ESIK-05464,0.58076227,68,0.4318239573112946,1,True,0.0609267807482068,79,0.3391327875714982,True,both
ESIK-05467,0.76256424,58,0.5956296126738388,1,True,0.6369874936841098,59,0.5664192382576919,True,both
ESIK-05470,0.9943403,14,0.9717067241280544,1,True,0.999999716891704,11,0.9876343190156148,True,both
ESIK-05477,0.53061336,74,0.3930787063911538,1,True,0.169470268134229,73,0.4152101841928531,True,both
ESIK-05484,0.008303358,472,0.0134602257673492,1,False,7.295606892185517e-06,230,0.0375490375762628,False,neither
ESIK-05487,0.38053823,91,0.2861202358013007,1,True,0.0027830612349373,101,0.1738340405243494,True,both
ESIK-05488,0.76348287,57,0.5965921255537161,1,True,0.9741084834344949,50,0.7569196127135438,True,both
ESIK-05492,0.98228204,24,0.9326926810062444,1,True,0.9999805351713248,28,0.9601352259619608,True,both
ESIK-05495,0.99472344,11,0.9731920766162804,1,True,0.999982128587143,24,0.9610513270612462,True,both
ESIK-05496,0.9795085,26,0.9249885429905076,1,True,0.9999378372894304,34,0.9454496511842262,True,both
ESIK-05510,0.013824576,355,0.0200570317169671,1,False,9.207907393604166e-07,361,0.0212409997664602,False,neither
ESIK-05511,0.17390521,125,0.147162620840441,1,False,0.0002024421176729,135,0.0909496419338364,False,neither
ESIK-05514,0.63574857,64,0.4768680423914985,1,True,0.6402821514538221,57,0.5674124829126984,True,both
ESIK-05518,0.0720741,166,0.0729911763830718,1,False,0.0019343181184404,104,0.1594904518528671,True,lightgbm_only
ESIK-05540,0.881872,45,0.7409738390175801,1,True,0.4342836164820169,66,0.5082475884978376,True,both
ESIK-05541,0.5308211,73,0.3932353221332021,1,True,0.5790161375017417,61,0.5493969361658403,True,both
ESIK-05542,0.4434447,83,0.3296761410006948,1,True,0.34130875310294,69,0.4804122692701229,True,both
ESIK-05543,0.9792594,27,0.9243120212349236,1,True,0.999998142765938,15,0.9791098612138988,True,both
ESIK-05546,0.9980609,5,0.9876573230078176,1,True,0.999999978845322,5,0.9940324712511656,True,both
ESIK-05551,0.22846873,113,0.1841439108433117,1,True,0.0261865958763108,85,0.2856229035502202,True,both
ESIK-05556,0.9884643,19,0.9512664199727944,1,True,0.9999805752594912,27,0.9601575811560578,True,both
ESIK-05566,0.052580353,194,0.0569933832234774,1,False,1.0465661066536016e-05,215,0.0414240422452424,False,neither
ESIK-05567,0.99562305,8,0.976790107464342,1,True,0.999999962852718,8,0.9930074442762769,True,both
ESIK-05572,0.28931883,103,0.2247737518096937,1,True,0.0551372523176468,80,0.332434108926071,True,both
ESIK-05577,0.9777999,31,0.9203962725193088,1,True,0.9995725271628864,37,0.9093776689706564,True,both
ESIK-05579,0.768892,56,0.6022972989624893,1,True,0.1714882252736519,72,0.4161923512481736,True,both
ESIK-05585,0.9988789,1,0.9919508956194376,1,True,0.999999985718384,3,0.994657842000306,True,both
ESIK-05594,0.9988707,2,0.9919042381342276,1,True,0.999999989652749,2,0.9951217827999568,True,both
ESIK-05596,0.34815252,93,0.2641721227941165,1,True,0.6397782367538908,58,0.5672603464311088,True,both
ESIK-05597,0.20226178,117,0.1664942103035247,1,True,0.0649131182883515,78,0.3434411148687543,True,both
ESIK-05619,0.061828908,177,0.0647114445515962,1,False,0.0017369256512998,105,0.1554366385283725,True,lightgbm_only
ESIK-05621,0.40274903,89,0.3013388380602432,1,True,0.0135379630566278,89,0.2483656538213014,True,both
ESIK-05631,0.007599822,487,0.0125588445495603,1,False,3.1959049970673864e-08,767,0.0083038999339254,False,neither
ESIK-05640,0.3332489,95,0.2541476171678908,1,True,0.0115563775378279,91,0.2399848491364295,True,both
ESIK-05641,0.12538637,135,0.1131112448829745,1,False,0.0001266824817282,141,0.0805460582339104,False,neither
ESIK-05647,0.9321048,40,0.8220682123942858,1,True,0.9999866915582404,22,0.9640606904355764,True,both
ESIK-05648,0.6670499,61,0.5039828064846258,1,True,0.8761962696870268,53,0.6598075394982056,True,both
ESIK-05649,0.98275536,23,0.9340414420744012,1,True,0.9999572802762446,33,0.9506792615212392,True,both
ESIK-05651,0.9509156,37,0.8583237661812793,1,True,0.9999349337826804,35,0.9447785908215924,True,both
ESIK-05666,0.009713465,430,0.0152183850182073,1,False,1.03437114775585e-07,610,0.011545207141377,False,neither
ESIK-05667,0.97952795,25,0.925041481128228,1,True,0.9999755034415856,30,0.9575652608062128,True,both
ESIK-05671,0.8638771,48,0.7157014684916959,1,True,0.998095522371176,38,0.867871362374488,True,both
ESIK-05673,0.9955375,9,0.9764406725105949,1,True,0.9999994756131706,13,0.985308981834493,True,both
ESIK-05674,0.9494329,38,0.8553001315756423,1,True,0.9810701736106496,49,0.7732277172983687,True,both
ESIK-05686,0.98812217,20,0.950176393410838,1,True,0.9999814310773224,26,0.960643173511046,True,both
ESIK-05691,0.99487644,10,0.973792968453774,1,True,0.9999999576072982,9,0.9927426961118316,True,both
ESIK-05702,0.9626187,33,0.8834376590243403,1,True,0.9999961125870696,21,0.9743706655641736,True,both
ESIK-05709,0.9969041,7,0.982245386338876,1,True,0.9999999813688044,4,0.994242235114651,True,both
ESIK-05714,0.9578958,35,0.8730168277256855,1,True,0.9978096227077352,39,0.8632503301497706,True,both
ESIK-05721,0.97786283,30,0.9205635504280562,1,True,0.9999978961257342,18,0.9783747824787674,True,both
ESIK-05722,0.9785488,29,0.9223957962280824,1,True,0.9999980364518092,16,0.9787847801180752,True,both
ESIK-05727,0.03815441,230,0.0443451935063797,1,False,6.151183040935837e-05,157,0.0666273015967027,False,neither
ESIK-05730,0.97918427,28,0.924108669571178,1,True,0.9999753701966086,32,0.957502754302727,True,both
ESIK-05733,0.99239385,16,0.9645074991232888,1,True,0.999999974204098,6,0.99368962311513,True,both
ESIK-05735,0.4875457,76,0.3612185258365194,1,True,0.1049628687156617,76,0.3776775227095921,True,both
ESIK-05740,0.9976369,6,0.9856044480178844,1,True,0.9999987620991252,14,0.9813360539731424,True,both
ESIK-05746,0.8439078,50,0.6893570835555993,1,True,0.5190417770816682,64,0.532331930622325,True,both
ESIK-05753,0.0063543664,532,0.0109163016424899,1,False,1.821725515203861e-07,542,0.0135264626848507,False,neither
ESIK-05754,0.960893,34,0.8795809819725292,1,True,0.9999790264981244,29,0.9593176134205176,True,both
ESIK-05756,0.98765,21,0.9486855092773232,1,True,0.9999844400158896,23,0.9624941223335476,True,both
ESIK-05758,0.9944406,12,0.9720934006208116,1,True,0.9999972577853592,19,0.9767276974875254,True,both
ESIK-05764,0.13634908,131,0.1209499973814355,1,False,0.000160251910481,137,0.0856196571125947,False,neither
ESIK-05765,0.99175745,17,0.9622598100190716,1,True,0.9999995856495568,12,0.9862443881000122,True,both
ESIK-05766,0.93473375,39,0.8268855679090102,1,True,0.9918293652959954,43,0.8127230876797666,True,both
ESIK-05768,0.13482438,132,0.1198657897024932,1,False,0.411056048535848,67,0.5015037048433918,True,lightgbm_only
ESIK-05772,0.010852686,401,0.0165978970192008,1,False,1.493577947709371e-07,558,0.0127956943679532,False,neither
ESIK-05773,0.8895321,43,0.7522408576769043,1,True,0.9904152023855406,46,0.8056773105459579,True,both
ESIK-05783,0.5677418,69,0.4215718980647216,1,True,0.2089520509779984,70,0.4330737993380268,True,both
ESIK-05786,0.9511538,36,0.8588127069109147,1,True,0.9999754002014932,31,0.957516807993186,True,both
ESIK-05792,0.9851901,22,0.941155649848736,1,True,0.9912113550979216,45,0.8095307447853244,True,both
ESIK-05797,0.9944114,13,0.9719804251720572,1,True,0.9999998766118162,10,0.990201931273741,True,both
ESIK-05799,0.41674042,86,0.3110095399300895,1,True,0.7278590355475278,55,0.5954854109225927,True,both
ESIK-05809,0.489747,75,0.3628196541499897,1,True,0.1455982816319029,74,0.4028701138253456,True,both
ESIK-05810,0.99806684,4,0.9876866636975072,1,True,0.999999971762858,7,0.9935269036835912,True,both
ESIK-05817,0.99843234,3,0.989542209635188,1,True,0.9999999972757124,1,0.9966526880023892,True,both
ESIK-05820,0.6243086,66,0.4672427765764451,1,True,0.8754285924545547,54,0.6593584601184291,True,both
ESIK-05824,0.86392695,47,0.7157692802704136,1,True,0.991471837041868,44,0.8108532633133713,True,both
ESIK-05839,0.9937767,15,0.969565827696893,1,True,0.9999814929993714,25,0.9606789449521892,True,both
ESIK-05842,0.8788725,46,0.7366489540547101,1,True,0.9998282020633108,36,0.928537847217366,True,both
