row_id,raw_margin
203,-6.5856709480285645
3772,0.5807374119758606
3897,-2.493464231491089
3035,-6.286560535430908
2079,-6.261816501617432
2559,-5.776195526123047
1925,-5.445132732391357
657,-6.232730388641357
3946,-4.837096691131592
1657,-5.531498432159424
5135,-3.6772546768188477
4474,-6.21985387802124
3701,-5.466122627258301
1776,-1.996087908744812
3343,-3.0256290435791016
5685,4.829802989959717
3125,2.3924310207366943
3262,-2.590120792388916
5535,-0.3571402430534363
3027,-5.9568190574646
3565,-5.060214996337891
2561,-5.639072418212891
1141,0.8084267377853394
4945,-5.773369789123535
3987,-6.153985977172852
4294,-6.426970481872559
2349,-8.578092575073242
4349,-7.529294013977051
4589,-6.0414276123046875
5413,-6.684022426605225
1627,-4.393592357635498
4883,-7.466191291809082
5221,-8.288081169128418
4059,-6.877791881561279
5228,-7.755351543426514
4127,-5.032334327697754
2420,-7.039320945739746
3593,-2.52736496925354
219,-4.477910041809082
4417,-4.939355373382568
2822,-6.090137958526611
1822,-3.63486909866333
2690,-6.220798492431641
1966,-6.136706352233887
2776,-1.6888948678970337
3688,-4.84665060043335
1114,-2.251978874206543
4826,-6.770126819610596
3326,-2.403944492340088
2995,-4.019720077514648
1629,-5.454537868499756
723,-7.515273571014404
3198,-5.5398736000061035
2938,-4.812963008880615
5692,0.9393581748008728
5068,-0.9786341786384583
935,-6.83118200302124
2382,-5.895821571350098
676,-4.530905723571777
783,-4.974552631378174
2716,-5.521798610687256
120,-6.551212787628174
4326,-5.381930351257324
5661,5.069086074829102
5192,-1.7237144708633423
2911,-7.9953484535217285
4545,-7.462973117828369
3007,-6.286513805389404
809,-4.41442346572876
4201,-7.155954360961914
5578,5.981383323669434
4733,-5.419853687286377
212,-6.3311991691589355
4971,-4.635298728942871
4389,-2.810697078704834
4268,-7.25806188583374
4725,-7.618247032165527
4406,-5.777323246002197
1043,-3.8432388305664062
2089,-4.770676612854004
2611,-2.1680452823638916
2218,-7.155523777008057
4193,-7.781393527984619
3876,-5.748688697814941
3882,-5.458413124084473
5821,2.837230682373047
508,-7.499659538269043
354,-5.23245906829834
3500,-4.194612503051758
1546,-6.886713981628418
1755,-4.718177318572998
1775,-7.474582195281982
1087,-3.906010150909424
3245,-7.034031867980957
2813,-7.433928966522217
287,-3.8090858459472656
4973,-6.300235271453857
3005,-3.0715208053588867
3667,-3.735929250717163
330,-7.919379234313965
1371,-5.706188678741455
187,-5.59567403793335
2427,-4.1421613693237305
462,-6.33474588394165
5344,-6.340138912200928
14,-6.790689945220947
3248,-0.1275719255208969
5729,6.5875067710876465
4338,-5.5701985359191895
5003,-2.0126266479492188
1316,0.31510496139526367
3605,-3.3694610595703125
117,-6.394814491271973
2452,-5.353192329406738
2194,-5.402889251708984
3742,-5.852753639221191
2635,2.718831777572632
2153,-8.395176887512207
25,-5.669388294219971
4041,-0.7768937945365906
4234,-6.017325401306152
4390,-6.4096269607543945
3239,-2.9060349464416504
3350,-2.377751350402832
4783,-2.690755605697632
1956,-2.752183675765991
3517,-5.237329006195068
3938,-6.178651332855225
433,-4.831840515136719
1104,-6.498454570770264
347,-5.130552768707275
1347,-6.2988152503967285
3170,-2.9828360080718994
5146,-6.152560234069824
2523,-5.778384685516357
5213,-6.517182350158691
2248,-6.212957382202148
62,-6.042586326599121
4210,-6.527015209197998
1859,-3.414534330368042
4253,-5.3596343994140625
4519,-6.005692958831787
4275,-6.907584190368652
4108,-5.3675689697265625
1652,-6.12379264831543
2702,-7.215684413909912
4494,-4.870422840118408
3568,-7.126953601837158
5781,2.714207410812378
2085,-2.854179620742798
5710,-1.5861520767211914
4862,-3.5939393043518066
3829,-6.235167026519775
618,-3.715851306915283
476,-3.0789763927459717
4827,-3.785284996032715
4820,-7.3520050048828125
5182,-5.140069484710693
5739,-0.06066780164837837
338,-5.598355770111084
3479,-2.923501968383789
1950,-5.838247299194336
2591,-3.1442627906799316
4835,-5.611800670623779
4567,-5.654730319976807
2339,-6.338282585144043
767,-4.589393615722656
2122,-2.36564302444458
103,-5.908956527709961
2212,-5.541179656982422
2645,-2.5017611980438232
690,-6.470484733581543
4662,-6.376749515533447
1225,-8.153114318847656
3542,-6.963242053985596
5067,-4.925546169281006
2689,-3.9381492137908936
3238,-7.06155252456665
3119,-1.0920593738555908
1163,-4.3866376876831055
5276,-6.936349868774414
64,-6.345304489135742
4015,-5.650040626525879
2821,-3.2461676597595215
2252,-5.258245468139648
728,-5.705251693725586
3101,-5.874685764312744
3553,-4.235320091247559
3274,-2.9327609539031982
5465,-1.0790475606918335
3801,-4.709737777709961
4555,-2.2107725143432617
942,-8.012452125549316
4538,-4.867962837219238
872,-5.6853790283203125
3576,-6.715400695800781
1812,-7.609439373016357
368,-2.5550761222839355
4376,-6.555141925811768
1407,-0.5586459636688232
5355,-3.4780895709991455
5393,-4.016482353210449
4411,-4.785455226898193
1624,-7.127676010131836
3396,-6.514985084533691
2597,-1.8546950817108154
1461,-5.63066291809082
621,-6.032548904418945
2494,-8.941314697265625
2145,-4.938998699188232
1537,-6.185880184173584
4693,-5.055691242218018
5803,4.634880542755127
4726,-3.3165347576141357
4576,-3.4598782062530518
592,-6.120952129364014
1412,-6.062143802642822
413,-5.492308616638184
3413,-6.057000160217285
218,-7.290058612823486
4512,-6.333254337310791
2700,-7.77886962890625
5399,-6.07688570022583
4034,-4.67988920211792
3455,-2.5567843914031982
812,-6.391820430755615
4627,-5.702785015106201
5111,-6.518420696258545
1497,-5.605236530303955
4754,-4.140192031860352
766,-6.312011241912842
5061,-3.2982232570648193
2054,-6.9817938804626465
3663,-6.0452680587768555
3950,-4.43235969543457
4612,-4.383782386779785
5563,-0.2284523844718933
4967,-3.557373285293579
5665,5.253958225250244
892,-8.81664752960205
5505,-2.0029261112213135
2488,-6.8681640625
2227,-7.399551868438721
1778,-6.76822566986084
2388,-6.287131309509277
1096,-6.028083801269531
5021,-7.279493808746338
3489,-2.9744505882263184
3306,-6.729650497436523
1673,-2.359961748123169
5280,-6.326527118682861
243,-3.0345113277435303
3824,-3.9982216358184814
1577,-0.7524349093437195
5481,-2.997189998626709
3597,-2.7466506958007812
2696,-7.416749000549316
1869,-2.034468650817871
3452,-7.135161399841309
5371,-6.539735794067383
1218,-6.961826324462891
1943,-6.095612525939941
587,-4.324132442474365
4886,-3.8909597396850586
1452,-4.898000717163086
1124,-5.425034046173096
2515,-4.762521266937256
4910,-5.577203273773193
2038,3.332674980163574
4505,-5.943531513214111
1165,-6.640893459320068
860,-3.5844686031341553
2882,-3.6750192642211914
2155,-1.3778258562088013
3580,-6.312450885772705
626,-7.28585147857666
372,-7.58298397064209
2949,-2.999147891998291
132,-3.630474805831909
4240,-4.092286586761475
3636,-3.949821949005127
3132,-4.836984634399414
1639,-7.327858924865723
2617,-4.925168991088867
4380,-5.195409297943115
3211,-4.17500638961792
4909,-3.898076057434082
3755,-7.071172714233398
5793,-1.912818193435669
4149,-7.313107013702393
2652,-3.422764301300049
4790,-3.305363655090332
2360,-4.580824851989746
3984,-1.4719370603561401
4221,-7.636430740356445
614,-8.541053771972656
221,-7.033809661865234
5177,-0.17370979487895966
1428,-4.797759532928467
4560,-5.065879821777344
2917,-7.236843585968018
3526,-5.687568187713623
2292,-1.8432152271270752
3108,-5.461999893188477
4016,-6.078155517578125
4460,-0.24408943951129913
1120,-5.393621444702148
2528,-5.720729827880859
207,-8.490926742553711
107,-6.1718950271606445
4065,-7.451083660125732
2393,-8.296807289123535
4931,-2.497403621673584
4520,-5.777933120727539
5659,1.0399446487426758
1292,-5.342674255371094
4398,-6.845813274383545
4131,-3.0612971782684326
572,-6.200990676879883
4527,-4.01377534866333
5814,-4.69411563873291
2571,-1.8064440488815308
1013,-8.487410545349121
5771,2.9091904163360596
3972,-0.8378276228904724
3490,-4.1046247482299805
1049,-5.462420463562012
1697,-6.013636589050293
3256,-6.099824905395508
5414,-3.2664968967437744
4055,-6.0667805671691895
4033,-3.2924118041992188
3794,-5.16992712020874
5400,-1.3054317235946655
4975,-5.553420066833496
3671,-7.894321441650391
1656,-3.026418685913086
498,-6.092392921447754
185,-5.091375350952148
4585,-7.021669864654541
2767,-6.472479820251465
2765,-4.134165287017822
5267,-6.640744686126709
620,-6.77017879486084
908,-8.975578308105469
5823,2.7178354263305664
2103,-3.829237699508667
137,-8.3254976272583
3034,-5.804803848266602
1512,-5.177060127258301
3094,-4.172143936157227
3830,-4.326343059539795
5586,2.7631075382232666
2729,-6.011995792388916
343,-7.96019983291626
5237,-5.856297016143799
3640,-3.8448898792266846
4024,-7.76268196105957
897,-4.398881435394287
2746,-7.129748821258545
2090,-7.477458953857422
3524,-8.868440628051758
1481,-4.142715930938721
1928,-4.481973648071289
1523,-3.4215002059936523
1348,-6.437173366546631
2723,-4.035315036773682
3341,-6.026997089385986
289,-7.492475509643555
5479,2.514681816101074
4352,-4.327700138092041
1734,-8.769777297973633
3976,-6.1255998611450195
944,-6.279233932495117
2039,-4.459519863128662
5441,-7.8793535232543945
4654,-7.117621898651123
4436,-5.464008331298828
4496,-1.6851201057434082
4195,-5.802784442901611
517,-5.397862434387207
5409,-7.911438465118408
2928,-5.653139114379883
4510,-6.633926868438721
4780,-3.392867088317871
4543,-4.520508289337158
3203,-4.320387840270996
3835,-7.698390483856201
3003,-6.783895015716553
4940,-6.348727703094482
367,-8.345709800720215
1556,-2.593475341796875
4685,-5.823899745941162
1836,-5.5400614738464355
2501,-6.179793834686279
556,-1.7676180601119995
4078,-1.027475357055664
2267,-2.1439225673675537
3176,-2.7248902320861816
3614,-6.261096477508545
5528,1.1156578063964844
1352,-5.643732070922852
2315,-6.345502853393555
755,-7.8655595779418945
2066,-0.5018901824951172
3879,-7.599589824676514
3761,-5.496232986450195
1815,-7.122945785522461
2874,-6.947597503662109
2041,-5.746865272521973
4261,-3.3052821159362793
522,-8.376498222351074
5732,0.3795225918292999
2328,-5.096321105957031
3662,-2.249095916748047
3183,-5.129959583282471
759,-4.02629280090332
3017,-4.83388614654541
349,-5.9552106857299805
5070,-6.791380405426025
2280,-4.046449184417725
3776,-5.126448154449463
2736,-5.400274276733398
1760,-2.0768325328826904
568,-7.022266864776611
4156,-7.7176384925842285
161,-6.773066520690918
4291,-6.953486442565918
296,-7.567214012145996
2657,-3.428913116455078
54,-4.867905616760254
519,-5.699700832366943
5531,-0.18326842784881592
1787,-6.001914978027344
3371,-8.513914108276367
4265,-5.686143398284912
5516,0.27421075105667114
4278,-3.441497325897217
3268,-3.665646553039551
3082,-3.7849154472351074
5325,-6.386009693145752
96,-6.733887672424316
3573,-6.340228080749512
398,-1.6411223411560059
5612,-3.5422701835632324
3230,-4.448373317718506
1562,-5.033966064453125
2469,-5.8166351318359375
4572,-6.6842265129089355
2195,-7.058175563812256
3063,-6.939586639404297
5275,-4.707764148712158
3925,-4.231715679168701
1620,-5.260321617126465
4806,-6.19110107421875
3070,-2.032133102416992
2957,-4.474251747131348
2771,-5.637535095214844
4784,-4.775756359100342
3459,-7.265270709991455
1696,-6.0521626472473145
217,-7.475478649139404
3728,-7.340647220611572
3934,-4.691255569458008
5658,-0.5735591053962708
4759,-5.839502811431885
5315,-6.985150337219238
449,-6.62346887588501
5616,-4.719869613647461
3969,-6.911087512969971
3814,1.0184695720672607
5443,1.730005145072937
3134,-5.300914764404297
3911,-6.50377082824707
1860,-5.640785217285156
1224,-5.583611011505127
5684,-0.31309592723846436
2827,-7.600841522216797
4905,-6.0727925300598145
1555,-5.9372239112854
1274,-5.4410080909729
4080,-5.868370532989502
1245,-3.5005812644958496
3353,-3.813772439956665
3827,-5.659331798553467
5720,-5.276111602783203
3502,-5.179650783538818
3184,-4.208436965942383
60,-5.64638614654541
3789,-3.4641337394714355
2322,-6.911773204803467
4092,-2.7167046070098877
426,-6.0480523109436035
4277,-4.502291679382324
4599,-7.275774002075195
1391,-7.074690818786621
1737,-6.413036823272705
3338,-5.507876873016357
2516,-7.706160068511963
5453,0.08014904707670212
2673,-4.673882961273193
3427,-7.792325973510742
1814,-7.310274600982666
5483,-0.9892601370811462
5591,0.36694398522377014
3603,-8.042635917663574
4049,-6.046237468719482
1268,-6.145704746246338
2722,-1.7619478702545166
5533,2.6818535327911377
2245,-2.5624091625213623
970,-5.476994514465332
2199,-4.139918327331543
3451,-4.842870712280273
4609,-5.614458084106445
369,-3.139662027359009
1854,-1.6564422845840454
491,-7.428714752197266
4644,-3.468968391418457
836,-5.065458297729492
4761,-6.1665120124816895
1736,-6.946987152099609
3131,-6.409430503845215
963,-5.772923469543457
933,-5.06358528137207
451,-5.061750888824463
4924,-6.806576728820801
5468,3.6436989307403564
3305,-3.608609199523926
3221,-5.2772369384765625
5767,5.143833637237549
1211,-4.04753303527832
3720,-5.72523832321167
4969,-5.391785621643066
4596,-7.867190837860107
5634,3.5803425312042236
1717,-5.816974639892578
1286,-7.0766472816467285
122,-5.257309913635254
3731,-2.8385777473449707
154,-7.96493673324585
4344,-6.075774192810059
4433,0.23182275891304016
2156,-2.9397995471954346
5203,-4.056907653808594
2667,-4.345048427581787
5349,-6.633289813995361
2061,-6.352250576019287
4694,-2.037971019744873
2146,-2.462825298309326
1518,-5.973900318145752
5555,2.3643534183502197
3328,-4.692963600158691
5550,5.358749866485596
2287,-8.420998573303223
2368,1.6505110263824463
1991,-6.446300029754639
1692,-2.513117551803589
4314,-5.944594383239746
3632,-4.992990016937256
3607,-5.837336540222168
3465,-5.4250874519348145
288,-4.620384693145752
810,-5.279123783111572
4114,-0.8560695052146912
1020,-7.560244083404541
2077,-8.25897216796875
3528,-6.2613630294799805
2405,-5.457977294921875
685,-3.988689661026001
695,-8.228219985961914
2753,-5.868550777435303
4486,-3.709947109222412
768,-4.231081008911133
2169,-4.169171333312988
5503,-3.425769567489624
577,-7.809097766876221
3267,-5.825195789337158
1036,-6.66590690612793
2230,-6.683032989501953
5663,-0.07687109708786011
4155,-5.272344589233398
5780,-2.194657802581787
3079,-2.264334201812744
3356,-4.577896595001221
4913,-3.8330328464508057
4437,-5.747066974639893
2262,-6.717238426208496
1876,-2.2185373306274414
4672,-6.123602867126465
3411,-4.792212009429932
3944,-4.946536064147949
4511,-7.687030792236328
5646,-4.563227653503418
1983,-3.248997449874878
5306,-4.5597615242004395
5312,-1.95358407497406
5840,-2.751345157623291
824,-3.7770302295684814
5410,-4.032621383666992
2294,-4.710691452026367
2298,-5.403728485107422
186,-4.2780585289001465
2188,-7.419689178466797
4351,-4.497359275817871
2778,-8.98877239227295
1228,0.5999349355697632
391,-7.244972229003906
160,-6.0453338623046875
2289,-6.061169147491455
722,-0.8748950958251953
2075,-7.315397262573242
4090,-3.9319374561309814
5697,2.3601701259613037
5706,4.469354152679443
5623,5.428610324859619
4113,-7.43789005279541
3899,-4.89227294921875
1289,-2.32820725440979
5747,2.0733156204223633
5165,-5.96869421005249
2556,-5.170698642730713
3226,-3.5750226974487305
261,-5.623945713043213
2264,-7.4793381690979
1339,-4.673951148986816
2025,-3.544447898864746
2857,-2.5994374752044678
1531,-6.771298885345459
2540,-7.52890682220459
3692,-7.6622161865234375
2431,-7.128032207489014
18,-3.5325515270233154
4843,-6.091555595397949
3807,-4.312745094299316
4470,-8.670445442199707
3821,-7.595431804656982
2082,-5.928576469421387
5193,-2.5368916988372803
2490,-4.080249786376953
1988,1.3975180387496948
4718,-5.115927219390869
5502,4.048998832702637
5426,-5.540515899658203
3276,-4.939499378204346
2165,-7.343786716461182
1617,-3.8681886196136475
5181,-7.014842510223389
1345,-5.3925957679748535
3802,-6.355014801025391
4625,-7.598559856414795
1176,-4.121890068054199
2310,-7.757369518280029
670,-5.248764991760254
3953,-3.7893929481506348
4533,-2.9418933391571045
5243,-6.019702911376953
1226,-7.9573774337768555
1911,-4.284018039703369
5687,-5.564754962921143
628,-6.890122413635254
3136,-5.981087684631348
1922,-7.1807332038879395
918,-6.389496326446533
4198,-6.262296676635742
5230,-2.436729669570923
490,-4.497405052185059
151,-4.015814781188965
280,-3.5326194763183594
306,-5.50347375869751
5527,3.822091817855835
3579,-4.61142110824585
5509,-0.9701080322265625
4821,-5.250059127807617
3652,-7.802396297454834
357,-7.56365966796875
5035,-7.468942165374756
69,-8.32514476776123
566,-7.761428356170654
4982,-2.9206042289733887
2902,-5.982076168060303
2629,-1.2101856470108032
458,-6.993521690368652
3738,-4.497045040130615
3055,-3.800290584564209
763,-1.2814221382141113
431,-5.0304179191589355
1726,-5.175827503204346
4869,-6.404952049255371
2261,-6.61098575592041
5815,-5.443700790405273
3340,-4.852961540222168
305,-3.521207332611084
4321,-6.557705402374268
4150,-7.604430675506592
3971,-5.884800434112549
1527,-3.8717381954193115
2370,-6.608597278594971
4085,-4.0830607414245605
5250,-5.236500263214111
2637,0.3263390362262726
2425,-5.067922115325928
1666,-1.6010019779205322
1209,-6.542433261871338
2115,-4.120631217956543
947,-6.575258731842041
941,-1.08208429813385
4093,-6.566048622131348
1340,-5.692261695861816
1500,-5.208555221557617
1786,-6.609403610229492
5272,-3.9950780868530273
3871,-2.0859177112579346
2525,-6.7871317863464355
3695,-5.741374492645264
1593,-5.139042854309082
2782,-4.775426387786865
1550,-7.197534084320068
4457,-2.689441204071045
4782,-4.850796699523926
4739,-5.604918479919434
4773,-7.101175785064697
3810,-5.322062969207764
1488,-4.649660587310791
4023,-4.3159332275390625
5087,-7.094959735870361
2675,-6.780943870544434
4252,-6.413735866546631
5434,-7.070936679840088
23,-3.468552827835083
75,-6.300850868225098
534,-2.178184986114502
1841,-8.23034954071045
4466,-2.5271780490875244
5422,-6.346717834472656
4721,-7.79612398147583
5683,4.857104301452637
1363,-8.218571662902832
4558,-5.978906631469727
1283,-5.625679969787598
300,-2.1181178092956543
4205,-6.596884727478027
3588,-6.525333881378174
2301,-2.3235116004943848
591,-8.95566463470459
1868,-7.877678871154785
537,-0.14993701875209808
214,-6.956568241119385
1261,-4.462611675262451
1634,-7.034877300262451
689,-6.750577926635742
4677,-2.098292827606201
4720,-6.817979335784912
4707,-3.8416221141815186
5323,-6.776899337768555
1904,-6.637873649597168
378,-6.474769115447998
744,-3.9319584369659424
938,-3.5303800106048584
2492,-8.558876991271973
4322,-3.850123882293701
3372,-4.075301647186279
2804,-5.18434476852417
5328,-4.939728736877441
4723,-5.862958908081055
1739,-6.686145305633545
1432,-6.397119998931885
2026,-7.570504188537598
3991,-6.779634475708008
2801,-5.927742004394531
2648,-7.026103496551514
1870,-5.226076602935791
1525,-5.001254081726074
2939,-4.971246242523193
3394,-2.630260467529297
4871,-3.4464335441589355
2783,-4.5215325355529785
2818,-6.427514553070068
648,-6.6555280685424805
5522,-1.6271893978118896
1015,-6.302380561828613
1862,-7.122788429260254
436,-7.014598846435547
3714,-4.674722194671631
3403,-3.563952684402466
2880,-5.755891799926758
1172,-7.232517242431641
4452,-5.477606773376465
3880,-7.9951982498168945
5205,-6.836757183074951
283,-5.891034126281738
2384,-3.022195339202881
1251,-4.0808634757995605
1443,-3.59370756149292
2175,-7.34169340133667
5302,-4.449391841888428
1694,-5.573588848114014
4363,-5.399839401245117
4715,-3.3511884212493896
4703,-4.875613212585449
2004,-5.513467788696289
1709,-6.328623294830322
1618,-4.948283672332764
2897,-5.896856784820557
1965,-7.901031494140625
5819,-0.7018604278564453
2529,-6.7408833503723145
17,-5.405529022216797
3278,-1.100799322128296
3670,-4.09273624420166
5469,-0.9657206535339355
1390,-6.293483734130859
5500,2.3701303005218506
2432,-1.757007122039795
1951,-3.2774999141693115
4657,-6.209449768066406
1323,-3.73953914642334
1877,-1.9354517459869385
4030,-5.127358913421631
326,-6.817358016967773
1418,-5.699452877044678
3155,-1.8454958200454712
2950,-1.0215994119644165
464,-5.875434398651123
3598,-6.1037821769714355
5022,-6.187719345092773
5401,-2.9872360229492188
2126,-7.046950817108154
4673,-5.220852851867676
4893,-5.857621669769287
4290,-5.365744113922119
3231,-5.025640487670898
535,-5.035379886627197
849,-7.599809646606445
2820,-6.18431282043457
3578,-7.765988349914551
719,-5.897457122802734
1538,-7.891265869140625
3307,-4.526809215545654
4235,-6.108748912811279
3449,-4.986958026885986
2585,-8.353164672851562
716,-3.5270614624023438
4898,-6.696784973144531
2378,-6.888216495513916
1395,-5.775752067565918
3024,-6.154842376708984
5759,3.612807273864746
1879,-1.1943930387496948
1373,-7.242713451385498
940,-4.523959636688232
3498,-5.8945841789245605
4286,-7.143967151641846
2172,-5.409763813018799
2681,-4.569510459899902
1121,-6.06523323059082
1574,-6.227221965789795
1192,-4.661462783813477
5002,-5.737275123596191
4954,-7.386834621429443
4297,-4.912712574005127
2860,-5.396105766296387
1210,-4.789473533630371
2993,-2.2664971351623535
2577,-4.594625473022461
1084,-7.365965843200684
2441,-3.723050832748413
4947,-5.342160224914551
4440,-7.387639045715332
4382,-6.309962749481201
4575,-4.631917953491211
2042,-6.479742050170898
4928,-7.353889465332031
2714,-4.879333019256592
4370,-5.013909339904785
3322,-4.5877251625061035
2922,-4.535227298736572
2326,-6.233919620513916
5059,-4.986871242523193
4562,-6.427406311035156
1752,-4.225691795349121
4284,-7.27886962890625
542,-6.681900501251221
4724,-3.7926549911499023
1068,-4.7002716064453125
3021,-6.77923059463501
2632,-3.9581525325775146
484,-7.908236503601074
5114,-4.434781074523926
5474,1.5597789287567139
837,-7.717746257781982
2189,-4.4939045906066895
3933,-6.710714340209961
1221,-4.787840366363525
4994,-7.797011852264404
1493,-7.835576057434082
2967,-5.721405029296875
5245,-7.029056549072266
5098,-5.369809627532959
2859,-3.2152116298675537
2101,-5.265628337860107
5836,5.0205278396606445
2560,-7.253305435180664
5241,-4.725386619567871
1230,-2.2445666790008545
2097,-4.391560077667236
1519,-6.7597126960754395
2664,-3.791452646255493
5343,-6.256577491760254
48,-4.444211483001709
663,-5.568310260772705
3103,-2.9483606815338135
3386,-0.23965685069561005
2111,-4.692483425140381
2688,-7.062097072601318
1732,-5.166368007659912
337,-4.8174848556518555
5549,-5.065053939819336
1658,-2.967345952987671
2444,-5.003215789794922
4997,-7.151843070983887
472,-5.44755220413208
2705,-2.610834836959839
388,-6.609777450561523
1017,-7.911454677581787
964,-8.213547706604004
966,-8.600118637084961
2142,-6.173643112182617
4296,-5.854933738708496
937,-7.69639778137207
705,-2.021563768386841
259,-6.251370429992676
6,-6.971940517425537
2595,-4.964264392852783
4859,-2.37207293510437
740,-1.9214625358581543
403,-6.068537712097168
776,-5.607943534851074
2443,-4.856380939483643
3380,-7.431653022766113
5389,-5.877845764160156
550,-4.5195512771606445
4138,-6.854541301727295
4865,-4.509175777435303
4388,-5.181474208831787
3584,-6.3253631591796875
5120,-5.699191570281982
1343,-1.5178043842315674
5207,-5.377508640289307
4020,-5.8522539138793945
808,-4.7228922843933105
2123,-6.552655220031738
1992,-6.064329624176025
2380,-5.061433792114258
4514,-1.700933814048767
3649,-7.533827304840088
5162,-4.833523273468018
5490,-2.294909715652466
3912,-5.909336090087891
743,-6.383792877197266
2144,-4.313281536102295
4099,-5.366513729095459
2021,-0.8365317583084106
226,-3.9738826751708984
4885,-6.702461242675781
925,-1.6166861057281494
2221,-2.994044780731201
1361,-8.033327102661133
416,-4.818567752838135
1028,-5.513640403747559
407,-3.6632866859436035
4060,-6.795590400695801
503,-2.761234760284424
383,-7.014194965362549
3195,-5.739139080047607
3241,0.30087828636169434
1851,-4.863925457000732
1729,-5.964023113250732
5010,-6.861330509185791
3247,-7.190851211547852
787,-6.911117076873779
73,-6.882506847381592
5385,-2.4589309692382812
710,-5.484025955200195
2594,-5.974214553833008
910,-4.616761684417725
1964,-3.381345272064209
2418,-6.779128551483154
4336,-6.8336710929870605
4680,-5.078968524932861
2092,-3.696986198425293
4324,-7.0252766609191895
5405,-6.6906585693359375
2134,-8.313441276550293
5825,3.525265693664551
4972,-2.9996049404144287
3344,-4.633481025695801
820,-6.005383491516113
3138,-3.5831820964813232
3795,-5.76680326461792
3409,-4.277510166168213
5025,-5.642602443695068
2417,-7.558969974517822
5731,2.2749154567718506
374,-6.11972188949585
4700,-6.87680196762085
816,-6.5309953689575195
39,-5.410664081573486
2202,-7.400508403778076
3135,-6.287252902984619
5185,1.3996037244796753
4267,-4.80694055557251
2504,-7.56156587600708
292,-6.728318691253662
5451,-2.038046360015869
2553,-4.4391770362854
996,0.32699933648109436
3090,-6.1843671798706055
4396,-5.297187328338623
3010,-0.42001864314079285
4482,-4.933436393737793
3645,-7.526040554046631
1987,-3.8986940383911133
904,-3.8746728897094727
3383,-5.257081031799316
4541,-6.613099575042725
1628,-6.367222309112549
5743,-1.3187880516052246
2550,-1.5114332437515259
5548,-2.8201112747192383
5048,-3.414729356765747
982,-4.314153671264648
5804,-1.5314662456512451
333,-0.8473381996154785
4441,-4.877392292022705
4603,-7.41144323348999
3918,-7.399172782897949
408,-5.8099212646484375
4629,-0.050562914460897446
4226,-7.564230918884277
1544,-7.228145122528076
1536,-4.97286319732666
2534,-4.385982990264893
4391,-7.065623760223389
463,-6.15321683883667
5395,-3.954775810241699
3845,-5.677271366119385
2851,-7.194453716278076
2313,-5.271851539611816
785,-6.579190731048584
1915,-4.8939666748046875
4157,-6.820538520812988
898,-6.659357070922852
1793,-6.581997394561768
1723,-7.636034965515137
4421,-5.211907386779785
3669,-5.299983024597168
2344,-2.265989065170288
3191,-6.3611016273498535
2284,-5.9665021896362305
4220,-8.480186462402344
4501,-8.630823135375977
335,1.51985764503479
2040,-3.5069777965545654
5291,-4.465224742889404
1975,-5.7685546875
2,-7.677708148956299
5473,2.369675636291504
329,-6.267557144165039
1770,-3.925037145614624
3333,-7.467538356781006
5124,-5.639133930206299
1931,-2.3993146419525146
3346,-2.1524219512939453
2283,-2.5511255264282227
1962,-6.873357772827148
638,-7.504602909088135
3389,-6.172119140625
781,-5.438920021057129
1142,-5.761608600616455
4190,-6.823808670043945
923,-5.465610980987549
5513,-2.16227650642395
401,-4.635850429534912
752,-6.2225213050842285
2186,-6.521740436553955
5144,-7.790084362030029
5141,-7.766629219055176
2312,-4.884212970733643
1441,-5.169368743896484
1135,-5.837664604187012
1367,-5.920285224914551
5352,-3.5562472343444824
201,-1.420419692993164
2192,-6.585786819458008
3450,-4.505780220031738
5297,-5.382973670959473
3541,-4.03217077255249
5391,-7.219606876373291
3736,-4.0688042640686035
4802,-7.446812152862549
3886,-1.5418634414672852
4039,-3.995089530944824
5005,-6.120285987854004
2614,-6.616547584533691
5262,-0.9853289127349854
5699,2.731372356414795
5512,-3.993460178375244
4177,-7.577234745025635
3732,-7.450231075286865
5138,-4.296357154846191
606,-4.69327974319458
2855,-4.986791133880615
4327,-5.190271854400635
4334,-6.901233196258545
1171,-5.54116678237915
4186,-6.935298919677734
3415,-3.328488349914551
5748,-1.0325084924697876
2618,1.201715111732483
461,-5.7781267166137695
3112,-2.725210189819336
2473,-2.634103298187256
293,-7.225770950317383
1123,-2.8748295307159424
2057,-0.8868736624717712
1690,-4.1780009269714355
1065,-7.344685077667236
1547,-5.157161235809326
104,-5.498719692230225
969,-4.439327239990234
4245,-5.9807844161987305
4622,-6.664734840393066
3757,-5.905039310455322
5195,-5.250307559967041
3185,-7.700590133666992
3224,-4.96098518371582
3126,-4.9208526611328125
2049,-6.303361415863037
250,-6.734340667724609
961,-7.682321071624756
1929,-4.643150806427002
184,-3.745800256729126
5030,-3.8948049545288086
822,-0.4480314552783966
4137,-6.654807090759277
5446,3.84175443649292
124,-6.10488224029541
1429,-5.809744834899902
612,-7.704397201538086
4642,-4.914717197418213
4213,-6.754318714141846
1510,-5.68779993057251
5057,-5.8029093742370605
220,-7.753147125244141
2692,-6.25662088394165
1273,-1.5852147340774536
3888,-8.249472618103027
3187,-6.9441728591918945
869,-8.071052551269531
459,-6.463368892669678
3686,-6.131402969360352
3508,-7.348415374755859
2576,-2.052884578704834
4071,-5.949781894683838
3777,-5.95876407623291
2216,0.8504257798194885
5127,-5.126464366912842
2937,-7.460701942443848
4916,-0.14856268465518951
1605,-4.389770030975342
4679,-4.583061695098877
2766,-6.2002854347229
2977,-5.137596607208252
3310,-6.164626121520996
72,-6.943942070007324
3677,-8.37016487121582
3778,-2.9972193241119385
5628,0.5881856083869934
5107,-7.077490329742432
2829,-5.766732692718506
34,-5.504244804382324
505,-5.816489219665527
1351,-8.104167938232422
5235,-6.273731231689453
4960,-3.167806625366211
2177,-2.5261902809143066
425,-6.404277324676514
4239,-7.898747444152832
4663,-6.180832386016846
2447,-5.980801582336426
511,-2.8436081409454346
3968,-5.836381912231445
1427,-3.8727293014526367
322,-6.6592326164245605
5530,1.5071992874145508
893,-6.186184883117676
4147,-4.379392147064209
4833,-5.6819047927856445
3051,-3.9745450019836426
3141,-6.332871437072754
480,-6.852888584136963
2308,-6.064394950866699
4381,-6.021629333496094
981,-3.515197515487671
547,-5.144445896148682
3626,-6.057843208312988
5523,-5.2533769607543945
3457,-6.1431708335876465
1957,-5.243699550628662
758,-3.885721206665039
3374,-5.266474723815918
3357,-2.073685884475708
3393,-2.4408764839172363
4746,-5.940774440765381
4358,-5.691993713378906
2429,-0.5155407190322876
3601,-7.0570268630981445
4643,-4.389296531677246
224,-7.927342414855957
720,-3.8886473178863525
4133,-3.728430986404419
3120,-5.756882667541504
2844,-3.636608839035034
3901,-5.36452579498291
1635,-7.324948787689209
2956,-3.8628242015838623
4086,-7.939739227294922
108,-6.165064334869385
2100,-2.837529182434082
4623,-6.497348785400391
5557,3.0168159008026123
3691,-3.528489112854004
5736,-2.357919931411743
769,-4.8141865730285645
5602,-5.058289527893066
1631,-4.735583782196045
2819,-5.483813762664795
4233,-4.252627372741699
5456,-3.6162686347961426
4814,-4.721042633056641
2271,-5.126839637756348
640,-7.708436489105225
735,-6.5915632247924805
2053,-6.433103084564209
1683,-2.451076030731201
1671,-4.890897274017334
4509,-6.677764892578125
4249,-5.119814395904541
3464,-5.4373087882995605
5358,-4.931276798248291
1437,-3.6978721618652344
2838,-4.059277534484863
1901,-7.482014179229736
3513,-6.492572784423828
4697,-7.322418689727783
375,-7.766815185546875
5313,-6.272205352783203
4293,-5.46565580368042
4316,-6.030800819396973
5174,-7.230876445770264
2807,-5.451629638671875
2450,-7.7773027420043945
3242,-5.948459625244141
4319,-5.24876070022583
5072,-6.372307300567627
5419,-6.6331305503845215
4884,-5.683477878570557
684,-7.27994966506958
4106,-5.5450286865234375
4544,-2.317652463912964
5089,-2.595050573348999
3617,-4.480714321136475
4670,-5.549433708190918
1805,-3.265364408493042
1408,-5.47330904006958
1582,-6.333114147186279
1284,-6.467247486114502
1513,-6.913987636566162
253,-6.029495716094971
135,-1.9582271575927734
1129,-3.2094526290893555
2598,0.06049772724509239
1413,-3.1189358234405518
2166,-7.4859185218811035
699,-5.899176120758057
3591,-6.683072090148926
33,-4.737682819366455
3666,-4.631769180297852
363,-7.840725898742676
5384,-6.033203125
5629,2.56695556640625
584,-7.423063278198242
4845,-4.401049613952637
5078,-5.517035484313965
2727,-5.482083320617676
3564,-7.209457874298096
3624,-1.9315797090530396
4008,-7.329198360443115
2683,-5.79854679107666
1136,-8.697898864746094
3775,-2.590937852859497
1916,-6.914566993713379
1004,-7.678377628326416
2197,-4.803731441497803
2579,-6.21768045425415
5718,0.07622435688972473
442,-3.9596502780914307
5019,-6.796879291534424
57,-7.781725883483887
3831,-4.203499794006348
2095,-5.438502311706543
235,-6.3032145500183105
2138,-5.638819694519043
4844,-8.127583503723145
4506,0.5222901105880737
3000,-7.409257411956787
1491,-5.046154975891113
4469,-8.056557655334473
3420,-7.899270057678223
4079,-1.1227684020996094
4936,-4.914254665374756
147,-6.683643341064453
3483,-6.405242919921875
4058,-5.197816371917725
1005,-5.095043659210205
3887,-3.525820732116699
3656,-5.270464897155762
2419,-7.20871639251709
1885,-7.3602681159973145
805,-6.3011088371276855
3213,-7.683692932128906
5240,-4.5160603523254395
2907,-2.5551037788391113
3186,-5.905294418334961
3375,-3.2749099731445312
2036,-1.6118258237838745
4934,-5.091638088226318
1751,-6.733666896820068
1034,-4.636312484741211
1018,-6.175825595855713
5536,-1.330161452293396
1258,-3.455383777618408
370,-7.549671173095703
380,-8.887253761291504
4017,-7.190635681152344
1139,-6.9167866706848145
4163,-4.305557727813721
1668,-6.356048107147217
5378,-4.925625324249268
5582,0.9731544256210327
557,-4.558424472808838
5575,4.698251724243164
1485,-8.3223295211792
881,-8.074250221252441
5494,-4.904806137084961
5433,-4.508406162261963
800,-4.065394401550293
3546,-7.658669471740723
4172,-8.182899475097656
5156,-5.274578094482422
4480,-2.5288894176483154
5246,-6.288629055023193
1526,-7.576725959777832
4189,-7.9116997718811035
3273,-4.164162635803223
1051,-5.349295616149902
3979,-3.5385260581970215
1098,-6.066410064697266
4495,-5.8442792892456055
5696,-1.7569016218185425
2084,-4.282660484313965
1311,-6.769427299499512
1122,-6.149017810821533
2946,-5.151086330413818
4616,-6.18273401260376
2093,-8.262045860290527
5539,-0.2745097577571869
3511,-3.6641972064971924
1813,-4.0240888595581055
5695,-0.0076648518443107605
4158,-3.10829758644104
2574,-5.134114742279053
2958,-2.6414527893066406
4634,-2.152982234954834
679,-6.053563594818115
4984,-5.791910171508789
2282,-4.29898738861084
943,-5.621554851531982
4728,-5.2984619140625
331,-2.0711824893951416
3150,-6.166545867919922
3710,-5.171743392944336
4649,-3.621565818786621
41,-1.5770857334136963
794,-6.869886875152588
1980,1.6708199977874756
3311,-4.881154537200928
3367,-5.317065715789795
4096,-2.358473062515259
5308,-7.4019904136657715
2323,-8.248090744018555
61,-5.819753646850586
2921,-3.3206634521484375
2449,-2.944274425506592
3798,-5.712236404418945
868,-3.768430233001709
5150,-6.234135150909424
3743,-6.41599178314209
4647,-0.7650824785232544
2537,-8.572600364685059
1963,-4.991210460662842
474,-2.18815016746521
4082,-5.423031330108643
3486,-6.9140238761901855
5100,-3.095850944519043
1984,-2.023559808731079
482,-7.010267734527588
5001,-7.366524696350098
1240,-4.8848466873168945
4101,-5.190471649169922
1743,-7.3324785232543945
1595,-5.969077110290527
5304,-4.3346781730651855
4952,-4.3942551612854
5519,2.1010794639587402
1530,-6.9119391441345215
5085,-6.782442569732666
803,-0.09744933992624283
273,-4.704015254974365
2110,-5.598955154418945
1619,-4.321239471435547
5568,0.7255880236625671
1250,-6.22953462600708
751,-1.1106964349746704
3567,-5.434994220733643
5383,-3.7358648777008057
4209,-5.297125816345215
563,-6.807906150817871
5206,-4.765621662139893
3086,-7.525721549987793
5639,-4.482156753540039
2936,-3.8394949436187744
3432,-6.111013412475586
3750,-3.3637866973876953
2600,-1.6565181016921997
1817,-6.9411234855651855
5609,1.4463075399398804
2620,-0.8897905349731445
4084,-1.1505662202835083
1572,-7.410477638244629
4200,-6.213582992553711
3698,-6.754467487335205
1411,-6.040937423706055
5353,-7.0780510902404785
840,-2.6692357063293457
5775,1.4978513717651367
5521,-1.430055022239685
4046,-2.0397095680236816
44,-6.8854241371154785
373,-6.410851001739502
1070,-1.9149349927902222
5201,-7.153930187225342
2934,-4.578157424926758
178,-1.0059995651245117
813,-2.69851016998291
1514,-7.359541893005371
1365,-7.689883708953857
2390,-5.429618835449219
2661,-5.5302605628967285
3929,-6.113405227661133
2249,-5.6925435066223145
1440,-3.67309832572937
2904,-7.821812629699707
4299,-5.40959358215332
1528,-4.231424331665039
1621,-7.200625896453857
2130,-5.00601053237915
4998,-4.517963886260986
2281,-5.368417739868164
1019,-5.782641887664795
3846,-5.963327884674072
4638,-6.350205898284912
4121,-7.09675407409668
2272,-4.864271640777588
5554,5.815542697906494
2755,-5.020021438598633
3707,-7.911003589630127
2542,-4.7621564865112305
3956,-4.341189861297607
3253,-6.678459167480469
276,-6.528623104095459
411,-6.008896827697754
295,-4.310366630554199
1381,-6.562039852142334
2399,-7.149246692657471
3608,-7.360657215118408
4069,-7.951095104217529
3018,-7.790702819824219
3995,-7.074184417724609
3713,-7.170721054077148
4798,-8.03385066986084
5707,1.6862640380859375
681,-1.52179753780365
1558,-4.73411750793457
4014,-1.2884833812713623
3145,-7.421729564666748
5826,3.929992437362671
1600,-3.336465835571289
3581,-7.235321044921875
394,-5.9610514640808105
5611,4.436633110046387
2440,-6.505921363830566
1256,-5.019449234008789
3085,-6.178078651428223
5447,-4.286881923675537
5375,-5.44155740737915
5769,-1.0787476301193237
1995,-4.243628025054932
21,-7.471862316131592
1319,-8.092206001281738
2486,-9.144805908203125
1092,-7.366711616516113
2148,-5.6712646484375
5565,1.8071140050888062
3700,-7.613946437835693
2160,-1.586437702178955
1540,-7.246938705444336
2570,-6.4337263107299805
691,-5.399749279022217
149,-4.471573352813721
3453,-2.138416290283203
4174,-4.949505805969238
341,-5.911788463592529
5615,2.45312762260437
3744,-6.048499584197998
1320,-7.591343879699707
1449,-3.186830997467041
2225,-6.022043704986572
5828,3.825377941131592
5805,4.099662780761719
878,-2.5658798217773438
5704,2.4045543670654297
334,-0.7092446088790894
2864,-2.8291573524475098
50,-5.91408109664917
5587,5.11677885055542
4696,-4.920501708984375
4950,-5.535534381866455
3331,-4.145384788513184
4989,-3.9745349884033203
3220,-5.64417028427124
1313,-5.37152624130249
4970,-2.9139888286590576
376,-8.460288047790527
3223,-4.582197189331055
5838,1.666580080986023
4458,-7.309263229370117
3543,-4.821918964385986
142,-4.723373889923096
4315,-4.955020904541016
1998,-4.178189754486084
4280,-6.353484630584717
4364,-5.052265644073486
3408,-2.6408326625823975
2627,-5.668123722076416
1887,-3.194230794906616
4879,-8.326702117919922
1334,-6.688057899475098
2986,-5.351542949676514
3915,-2.777125597000122
4359,-6.067856788635254
2655,-4.325127124786377
4276,-5.468863487243652
1909,-7.3936991691589355
1520,-6.8590898513793945
5711,5.942450046539307
5009,-5.5013203620910645
4902,-6.679593086242676
2548,-3.486788272857666
3985,-2.732722759246826
4345,-5.125262260437012
3122,-4.896183967590332
2143,-5.655592918395996
2471,-3.127485752105713
454,-4.444149017333984
4796,-8.183645248413086
4683,-5.5339202880859375
4029,-6.084617614746094
3589,-6.689444541931152
2749,-4.7317633628845215
5208,-5.748486518859863
2371,-8.585062026977539
1151,1.8324623107910156
5734,-0.4286361336708069
153,-5.9022393226623535
4788,-4.599612236022949
3028,-3.787142038345337
1961,-9.00223445892334
1178,-0.4433504641056061
4671,-5.791680812835693
847,-7.667349815368652
5606,4.581374168395996
2091,-8.54832649230957
688,-5.783684730529785
646,-7.476778507232666
3314,-3.2016727924346924
2255,-4.299696922302246
5298,-5.317226886749268
4044,-4.790285110473633
4866,-5.1722941398620605
5307,-5.0117998123168945
773,-5.648213863372803
1905,-4.55494499206543
3544,-5.715768814086914
84,-2.3973445892333984
2636,1.3167948722839355
495,-7.6254167556762695
5265,-4.990965366363525
152,-5.665013790130615
1872,-7.526987552642822
2642,-3.2862982749938965
3681,-4.764240264892578
4154,-4.449191570281982
3865,-8.005524635314941
2968,-4.178071975708008
2433,-5.529393672943115
4834,-6.9156951904296875
4666,-6.034152507781982
3712,-5.35161828994751
3401,-5.331769943237305
4100,-4.360811233520508
111,-6.677690029144287
5570,-6.42650032043457
2426,-7.459321022033691
4404,-6.112858295440674
1111,-6.903067111968994
3081,-6.469061851501465
4691,-6.3688788414001465
3547,-5.695133686065674
29,-6.6662116050720215
2467,-7.184563636779785
1687,-3.9331717491149902
4537,-5.751767158508301
2770,-5.630524635314941
4899,-6.644104480743408
1220,-7.852841854095459
2027,-6.838572025299072
79,-4.031363010406494
5472,2.939692735671997
3209,-7.443540573120117
1195,-2.982532262802124
5023,-4.263511657714844
694,-6.838550090789795
4204,-5.453793048858643
303,-8.20145034790039
2711,-6.491856575012207
4617,-6.140521049499512
1591,0.7559695243835449
1810,-6.866206645965576
1579,-6.164290904998779
2592,-7.700758457183838
3339,-5.432255744934082
1010,-6.331169605255127
4917,-7.208781719207764
4904,-6.822057247161865
324,-2.8968565464019775
441,-6.841861724853516
3098,-3.1627745628356934
554,-0.6514194011688232
3644,-4.392120361328125
2509,-7.262498378753662
2482,-6.808601379394531
162,-6.660323619842529
4745,-3.273658037185669
4429,-4.593125820159912
4648,-9.173195838928223
3429,-1.6536012887954712
225,-2.6368188858032227
4471,-6.505640983581543
1466,-3.909595489501953
2806,-2.754169225692749
5303,-4.699671268463135
4986,2.5108840465545654
299,-5.455034255981445
3474,-5.252594947814941
2309,-4.858333587646484
2461,-4.086194038391113
5755,1.7932307720184326
541,-6.122316837310791
4021,-2.07702898979187
5390,-6.912705898284912
5547,3.7987892627716064
1269,-7.544193267822266
4472,-5.7245049476623535
1459,-4.788365364074707
3104,-1.7974330186843872
1496,-4.100517749786377
4686,-3.7800111770629883
1733,-4.539700508117676
4410,-5.009859085083008
2608,-5.696309566497803
2834,-8.201597213745117
5712,-1.2842190265655518
718,-3.853853940963745
1358,-5.656038761138916
5016,-4.435696125030518
3523,-2.8069536685943604
3462,-5.7495880126953125
4076,-7.015028953552246
2295,-5.839064121246338
3836,-6.023407936096191
3025,-4.857792854309082
421,-7.331913948059082
2152,-7.859858512878418
886,-5.369584560394287
1404,-6.874555587768555
1824,-7.603490352630615
3682,-2.5924041271209717
3926,-7.554022789001465
903,-7.315669536590576
1109,-6.538187026977539
2890,0.29745471477508545
1400,-6.61894416809082
3194,-3.2829136848449707
4288,-6.754886627197266
3706,-5.893529891967773
1048,-5.539157390594482
1938,-3.2134652137756348
2981,-8.44899845123291
682,-6.832477569580078
1840,-5.698882579803467
5644,5.29224967956543
3020,-3.6471049785614014
2757,-5.597331523895264
456,-7.3308305740356445
509,-6.735708713531494
2456,-6.5776286125183105
4981,-6.95188045501709
2291,-7.455600738525391
3935,-6.139514923095703
900,-2.3069231510162354
1071,-6.472042083740234
3157,-4.154069900512695
4877,-6.927955150604248
4957,-7.9312028884887695
1327,-6.0637736320495605
4448,-5.2188029289245605
2951,-5.077138900756836
1394,-1.9519052505493164
206,-6.875885963439941
5760,3.930572032928467
1825,-3.7172577381134033
365,-6.401272773742676
3335,-5.917542457580566
3796,-3.8827965259552
1249,-7.313466548919678
1102,-7.463010311126709
1972,-2.971954584121704
639,-5.045949935913086
3914,-7.393911361694336
5314,-6.095617771148682
2373,-4.959814548492432
5301,-6.411520957946777
4425,-6.927916049957275
1453,-5.382928371429443
3419,-4.452951431274414
5475,-0.4826425313949585
5074,-6.116764545440674
4399,-6.826712131500244
3783,-5.923178672790527
5678,-0.3580288290977478
4435,-6.853351593017578
604,-1.9808696508407593
4309,-5.70814847946167
315,-7.0690460205078125
4735,-6.436877250671387
4730,-6.31845235824585
1424,-3.6575846672058105
1058,-5.045425891876221
3780,-3.583164930343628
1597,-5.858059406280518
1584,-0.19340915977954865
400,-6.383273601531982
3398,-5.708567142486572
3875,-5.997966766357422
540,-3.658813238143921
3233,-3.726029872894287
4048,-5.768579959869385
2348,-3.687356472015381
5073,-3.0031075477600098
4273,-3.9226224422454834
1649,-4.326549053192139
3977,-3.443490982055664
762,-2.7893033027648926
559,-4.295442581176758
1474,-4.735983848571777
1406,-5.126518726348877
3893,-5.773823261260986
361,-7.683693885803223
2870,-1.0446399450302124
4964,-4.934370517730713
2076,-4.431541442871094
3808,-6.60269832611084
4594,-5.73681116104126
4948,-6.230069160461426
2293,-7.8177289962768555
4272,-7.233908653259277
5590,1.9087696075439453
2732,-3.5473029613494873
4901,-2.4592368602752686
4607,-5.342660427093506
3289,-3.477660655975342
4521,-2.4616568088531494
5642,2.0428946018218994
1838,-4.417954921722412
4211,-7.987354278564453
4586,-4.827195644378662
3279,-7.217782497406006
4214,-5.618165969848633
197,-5.930948257446289
1199,-5.833019733428955
5498,4.167816638946533
4532,-1.4389870166778564
985,-8.308375358581543
4350,-6.022855758666992
786,-1.844507098197937
2759,-3.8852379322052
3651,-4.563323974609375
4566,-1.1238596439361572
1090,-5.764344215393066
1758,-3.9363176822662354
419,-6.584568023681641
2258,-4.448374271392822
986,-4.265537738800049
5176,-4.6103410720825195
4817,-7.269041538238525
3032,-6.676918983459473
2381,-7.321781635284424
2575,-6.456757068634033
3388,-2.6883411407470703
2006,-5.35247802734375
2539,-3.459533214569092
4450,-6.460115432739258
5676,-2.212214469909668
548,-5.629453182220459
850,-6.6906585693359375
2219,-4.256161212921143
1761,-7.002400875091553
4875,3.9490232467651367
4587,-5.841487884521484
2520,-6.990402698516846
479,-6.142599582672119
1116,-4.349809169769287
1417,-6.651920795440674
2865,-6.013209342956543
5635,6.1119585037231445
795,-5.545985221862793
3046,-6.256505966186523
5497,-0.3568525016307831
1661,-6.475803852081299
4553,-7.808310508728027
1166,-6.931293964385986
658,-4.274392604827881
3124,-4.659905433654785
3849,-6.144230842590332
998,-8.10150146484375
1150,-5.100701808929443
3646,-6.751045227050781
1765,-4.343199253082275
2933,-3.4490292072296143
1003,-4.716506004333496
5365,-6.889103412628174
2943,-2.3513729572296143
5593,1.5142865180969238
3265,-5.762825012207031
983,-5.409024238586426
2631,-1.5816694498062134
4549,0.18877241015434265
5169,-6.234227180480957
4591,-7.144050121307373
5348,-4.308713436126709
1105,-3.6355690956115723
3327,-3.383600950241089
2247,-7.673441410064697
698,-5.630643367767334
3815,-3.5112807750701904
3550,-5.85057258605957
4498,-3.403355598449707
3199,-1.998448371887207
4432,-5.523688316345215
2567,-2.726165771484375
3908,-5.6227288246154785
4860,-6.839005470275879
70,-5.24495267868042
5603,1.2514458894729614
978,-6.167886734008789
3719,-4.206043243408203
4863,-2.7932262420654297
0,-4.769010066986084
1305,-6.8206329345703125
3407,-3.1861584186553955
4378,-7.133251190185547
282,-5.30120849609375
4238,-5.548915386199951
4218,-3.9842138290405273
3292,0.6964574456214905
4523,-4.212518215179443
4803,-7.7802324295043945
693,-3.517831563949585
3665,-6.490549564361572
1208,-7.77018928527832
2462,-5.166601657867432
1265,-6.527214527130127
1967,-6.454769611358643
5024,-0.26418715715408325
5034,-3.9822020530700684
4868,-3.3913962841033936
1159,-8.289311408996582
2118,-5.644994735717773
630,-7.952195167541504
1457,-6.6480302810668945
2174,-1.3098586797714233
3745,-0.36743971705436707
3716,-4.986362934112549
30,-5.331396102905273
555,-5.768984794616699
3555,-5.47823429107666
2236,-5.56653356552124
2330,-6.710265636444092
101,-1.5522916316986084
1455,-6.52434778213501
5662,5.617787837982178
4959,-4.516417026519775
3540,-5.138350486755371
3448,-4.592657566070557
3332,-7.797333240509033
1921,-6.815974712371826
2408,-4.414375305175781
77,-5.714863300323486
2709,-6.504085063934326
1725,-1.4517446756362915
5038,-2.488490581512451
2397,-1.088828206062317
5198,-6.3204851150512695
2480,-6.557036399841309
1072,-5.1409173011779785
116,-6.545979976654053
1094,-4.9286651611328125
1201,-8.129449844360352
2214,-3.683939218521118
5103,-6.2408623695373535
2682,-7.6964545249938965
3833,-5.755197525024414
2364,-5.832481384277344
1133,-5.474029541015625
4256,-5.308177471160889
5440,-6.755849838256836
5610,4.722997665405273
2413,0.6077376008033752
4789,-5.991992950439453
4343,-5.632378578186035
4890,-5.152312755584717
3843,-1.9434630870819092
4768,-4.780055522918701
2909,-8.655007362365723
5837,4.387294292449951
1110,-6.332709312438965
3471,-5.210165500640869
3431,-8.157066345214844
3592,-4.66668701171875
1161,-7.358475685119629
746,-6.674147605895996
858,-3.2989091873168945
4403,-7.0606689453125
2903,-6.340061664581299
3397,-6.158507347106934
3008,-3.8550100326538086
913,-4.851509094238281
3851,-5.023321151733398
1884,0.19219350814819336
4658,-4.076022148132324
843,-6.868756294250488
109,-0.8714715838432312
3148,-3.2018942832946777
1532,-5.140647888183594
4116,-6.95995569229126
1706,-6.154452800750732
1027,-5.070174694061279
3975,-5.9148268699646
950,-3.653702735900879
1229,-2.839815378189087
2638,-5.744814395904541
4222,-7.350607395172119
901,-7.338239669799805
885,-5.79239559173584
2677,-3.2246930599212646
4840,1.2445881366729736
2768,-7.929355621337891
5216,-2.8996164798736572
5172,-2.4855215549468994
3291,-5.099278926849365
3504,-5.316363334655762
2465,-4.231159210205078
4828,-1.2147914171218872
5835,4.807520866394043
5202,-7.958446979522705
402,-6.565260887145996
4908,-6.055833339691162
2984,-0.839867115020752
583,-2.151676893234253
1052,-1.6687588691711426
2947,0.2734029293060303
66,-5.502727508544922
2796,-4.686142444610596
2336,-3.5763611793518066
1878,-6.8090739250183105
3463,-2.125338077545166
4582,-4.1302595138549805
2751,-5.945676803588867
249,-6.712801456451416
967,-7.463625431060791
2416,-5.10133171081543
5588,4.43270206451416
711,-6.96640157699585
3387,-5.957397937774658
643,-6.599759101867676
5599,0.07341699302196503
845,-7.567056655883789
2304,-5.426427841186523
1968,-5.323304176330566
4811,-8.737386703491211
2676,-7.166177272796631
4160,-7.21500301361084
5431,-6.192193031311035
3270,-5.881425380706787
3365,-5.248234748840332
1191,-4.984776020050049
5552,-6.752659320831299
4083,-6.412626266479492
867,-4.577347278594971
2669,-3.4064714908599854
3068,-1.8406786918640137
312,-4.779696464538574
3570,-3.7551894187927246
342,-6.698441028594971
3982,-4.109144687652588
2815,-4.044233798980713
2745,-1.3147636651992798
2884,-6.26741886138916
3722,-0.24137070775032043
1843,-6.5726847648620605
2268,-3.2314281463623047
819,-3.3713812828063965
2658,-2.9953386783599854
2975,-5.5542168617248535
2124,-6.314727783203125
846,-6.069184303283691
481,-6.93702507019043
3485,-7.252955913543701
389,-6.415750026702881
2414,-8.343994140625
3491,-4.154693126678467
5448,1.1825289726257324
4542,-6.181360244750977
991,-6.929487705230713
724,-5.8757452964782715
4849,-4.806357383728027
1378,-3.8357458114624023
4216,-6.066927433013916
5251,-7.80394172668457
1270,0.2944372892379761
817,0.21028980612754822
3509,-2.3961102962493896
4854,-2.0617992877960205
5026,-5.728385925292969
553,-6.096869468688965
2398,-8.255965232849121
3989,-7.245977401733398
5028,-6.328344821929932
844,-6.552524566650391
1853,-7.719257354736328
1545,-4.962963581085205
8,-8.162004470825195
1202,-4.534306049346924
1415,-6.7792840003967285
3023,-5.117509841918945
3012,-7.028777122497559
4681,-4.026424884796143
3842,-5.828807830810547
552,-6.162881851196289
1338,-1.714849829673767
1473,-3.2767012119293213
4624,-3.211143732070923
5703,-5.965106010437012
360,-7.344404697418213
523,-5.853603839874268
919,-6.091897010803223
3254,-4.905109405517578
2960,-6.414079666137695
5833,2.6207683086395264
1708,-6.753776550292969
110,-5.171712875366211
3948,-5.542873382568359
777,-7.700307369232178
2297,-3.1051578521728516
4164,-7.539954662322998
2733,-0.5736092925071716
1117,-7.601330757141113
600,-5.058287143707275
5163,-2.2838563919067383
1590,-1.7059565782546997
4011,-1.2465980052947998
1155,-6.794719696044922
1438,-7.03743314743042
4141,-5.937728404998779
3514,-7.498810291290283
1291,-6.79544734954834
974,-5.493422985076904
4488,-7.09858512878418
5281,-4.348217487335205
4128,-5.348926067352295
629,-5.927541732788086
5191,-7.1682610511779785
1926,-2.625626802444458
2720,-7.614267349243164
2674,-5.477264404296875
1037,-7.440674304962158
3244,-1.1675373315811157
2789,-7.486412048339844
1335,-7.4893083572387695
1153,-8.230680465698242
1074,-6.339099884033203
3363,0.9702446460723877
5356,-6.471626281738281
3015,-4.533416748046875
1576,-5.943593978881836
5411,-7.166197776794434
4050,-8.146113395690918
642,-6.683267116546631
5744,-4.098877429962158
5778,-0.5891224145889282
2541,-1.3851144313812256
1700,-3.863659620285034
2389,-8.415472030639648
4303,-4.165588855743408
2769,-0.6880748271942139
169,-2.6980998516082764
4887,-5.451579570770264
5224,-7.09979248046875
1041,-6.314609050750732
3895,-0.7871386408805847
3799,-4.12326192855835
2497,-7.3258538246154785
5811,4.40923547744751
5657,3.7682456970214844
5211,-3.9291884899139404
2803,-7.301827430725098
520,-5.666425704956055
5592,2.445538282394409
204,-5.910048007965088
2651,-5.537936687469482
931,-6.921142578125
1917,-5.907491207122803
4993,-4.860446453094482
5029,-1.53236722946167
3606,-2.571824789047241
4422,-5.02621603012085
5774,-2.58821964263916
3303,-5.036046028137207
2814,-3.64270281791687
5504,2.7508442401885986
4227,-6.147216796875
5377,-6.584613800048828
1567,-8.296740531921387
5261,-4.867238521575928
5368,-3.3314926624298096
3443,-6.221230983734131
133,-5.94343900680542
4175,-7.151802062988281
150,-5.093155860900879
3819,-5.275209903717041
3800,-4.657686710357666
5435,-4.747418403625488
1490,-6.02511739730835
3355,-3.305443525314331
2587,-7.005706787109375
5333,-4.906809329986572
4462,-2.7071619033813477
5529,1.5341899394989014
1613,-7.59329080581665
1896,-3.253903865814209
3959,-5.179291248321533
40,-6.42259407043457
2001,-1.486000418663025
590,-5.735793590545654
1796,-5.4787983894348145
4727,-5.513869285583496
4434,-6.438412666320801
16,-4.030721187591553
3529,-7.258364200592041
2799,-5.890262126922607
1573,-3.826781988143921
3861,-3.204470157623291
1960,-2.8942761421203613
5466,4.281860828399658
5437,-3.480785846710205
4051,-1.9280728101730347
888,-5.779813289642334
3089,1.4091616868972778
2942,-3.9641456604003906
3872,-3.868783473968506
513,-2.478400945663452
1386,-7.00898551940918
924,-1.061768651008606
2109,-4.427917003631592
2701,-4.324273586273193
5717,-3.534546136856079
1168,-5.338621139526367
603,-6.832938194274902
3530,-7.560780048370361
4237,-6.570924282073975
1818,-7.246597766876221
175,-6.426519870758057
3679,-6.734280109405518
5689,3.2082765102386475
4795,-4.1420793533325195
4504,-6.880885601043701
307,-5.851408958435059
4107,-3.386457681655884
2762,-4.915863990783691
2812,0.12447133660316467
2117,-8.128396987915039
4283,-3.2785167694091797
1702,-5.043270587921143
3179,-4.970528602600098
2953,-6.677379608154297
1881,-7.4680867195129395
2446,-6.311683654785156
951,-3.50901198387146
3689,-4.238454818725586
3857,-4.12004280090332
3510,-3.3789520263671875
4742,-5.4108991622924805
1069,-7.911020278930664
791,-6.36409854888916
4320,-6.749642372131348
1569,-4.432431221008301
5239,-4.034214496612549
1297,-7.783562183380127
5613,0.1718030869960785
2772,-4.275116920471191
3373,-5.749844551086426
2083,-7.466733932495117
3611,-4.1633734703063965
1410,-8.170358657836914
3723,-5.967086315155029
3421,-4.648505687713623
1861,-5.480063438415527
3325,-7.215670108795166
4094,-2.0039591789245605
1127,-2.061384677886963
1374,-8.50364875793457
174,-5.383446216583252
2511,-5.576991081237793
1330,-2.8085522651672363
2894,-7.796838760375977
1507,-4.153135776519775
4568,-6.03218936920166
2168,-5.336450099945068
3038,-5.082581520080566
5525,-4.859567642211914
114,-5.125585079193115
3958,-0.5715731978416443
1205,-7.610536575317383
5083,-5.691302299499512
1524,-6.1218414306640625
741,0.14496147632598877
5668,-1.1438361406326294
2286,-7.034841060638428
371,-5.745848655700684
1081,-2.1365766525268555
5090,-3.851025342941284
3362,-3.7955260276794434
5220,-6.564774036407471
4026,-5.545713424682617
5248,-7.389524459838867
2496,-5.7946600914001465
4611,-2.090871810913086
409,-7.821268558502197
5370,-5.554518699645996
4792,-6.908592224121094
3721,-7.231387615203857
3536,-5.74549674987793
4111,-5.442356109619141
1745,-7.036570072174072
4032,-4.420307636260986
5151,-7.576480865478516
909,-2.4409141540527344
4894,-7.292194366455078
3182,-6.458666801452637
899,-5.470325946807861
4645,-3.3969368934631348
1130,-7.4962663650512695
2201,-6.86220645904541
314,-7.06501579284668
3275,-6.805343151092529
1285,0.15673495829105377
1720,-4.729222297668457
4832,-1.6747161149978638
4923,-5.256838798522949
485,-8.029618263244629
1645,-6.8517022132873535
3532,-7.025990962982178
2363,-2.600351572036743
1100,-5.761294364929199
3595,-6.985476970672607
4308,-6.69442081451416
1186,-6.153444290161133
1425,-6.6470465660095215
4250,-5.4211225509643555
677,-7.229814052581787
3473,-6.352380275726318
2005,-2.894099712371826
65,-6.926970958709717
2396,-8.248294830322266
2693,-3.296687364578247
960,-4.0494184494018555
2964,-7.427897930145264
2831,-5.369074821472168
2207,-7.426273822784424
2341,-6.8666253089904785
483,-5.601900577545166
5327,-2.922883987426758
1632,-8.640897750854492
2206,-4.073359966278076
5066,-6.234174728393555
4397,-7.440861701965332
3941,-4.143877983093262
827,-0.7730292677879333
734,-7.018653392791748
145,-4.978336811065674
2650,-8.10765552520752
5200,-2.893873691558838
1529,-6.9264373779296875
2785,-2.906250476837158
1355,-6.074141502380371
3891,-4.1193060874938965
3461,-6.987340927124023
1685,-5.3487548828125
2125,-6.00987434387207
3111,-7.803316116333008
404,-7.102935314178467
4037,-3.5807993412017822
1564,-6.085489749908447
5829,1.0317213535308838
2048,-8.07663631439209
4618,-6.51607084274292
301,-6.600047588348389
83,-2.37380313873291
3348,-5.208230972290039
2210,-5.175589561462402
5363,-4.433352947235107
2018,-2.103850841522217
4045,-7.141759395599365
1054,-6.196837902069092
5843,3.887624979019165
1235,-4.893322944641113
2926,-7.3718061447143555
823,-3.4589807987213135
4781,-5.567094802856445
4217,-5.438624382019043
4930,-6.833199501037598
4339,-2.0047359466552734
267,-5.523955345153809
2377,-6.487858295440674
5461,5.040635585784912
3337,-3.0984487533569336
5524,0.7450519800186157
1194,-6.766934871673584
5791,3.5534067153930664
3638,-5.900541305541992
5115,-4.993183612823486
5324,-0.7138288021087646
2791,-5.718437194824219
4492,-8.399937629699707
2876,-5.386338233947754
5507,-1.4678782224655151
3189,-6.4983367919921875
3697,-6.315497875213623
4762,-7.956892013549805
3049,-6.1435699462890625
4028,-6.433337688446045
5123,-5.75067663192749
3139,-4.928427219390869
5360,-4.144201755523682
4988,-2.2361769676208496
5650,7.68754243850708
4809,-5.7083353996276855
5178,-6.732976913452148
3527,-5.571676254272461
5725,3.6876235008239746
5679,-4.6112847328186035
761,-7.030575752258301
4822,-7.419702529907227
1816,-6.759219169616699
353,-5.930741310119629
4392,-4.327692031860352
1727,-7.623284816741943
4588,-8.038667678833008
1167,-5.867041110992432
4810,-7.453882217407227
1298,-6.080676555633545
4765,-6.270125865936279
4747,-7.345162868499756
4867,-4.208921432495117
798,-8.296104431152344
1479,-5.478863716125488
437,-6.217284202575684
1158,-7.132657527923584
2065,-6.336404800415039
4104,-2.971376895904541
5084,-5.645314693450928
949,-4.94870662689209
3315,-2.327183961868286
1716,-7.151662349700928
2852,-4.8411431312561035
580,-5.8180108070373535
332,-2.271543264389038
1691,-5.396590709686279
3180,-7.63483190536499
4067,-3.4593582153320312
2830,-3.4687983989715576
2787,-7.168405055999756
4383,-5.507952690124512
3283,-4.83452844619751
3004,-2.670154094696045
2178,-3.40380859375
3773,-8.055549621582031
1031,-8.757509231567383
5713,3.395174026489258
2369,-6.874673843383789
4579,-4.548213005065918
1341,-4.539604663848877
1106,-4.9326887130737305
4254,-3.8704092502593994
2619,-3.9715564250946045
1064,-8.404865264892578
4465,-5.880801677703857
5269,-6.804694175720215
443,-1.8513805866241455
210,-7.778830051422119
1128,-7.517058849334717
4043,-3.7386293411254883
3749,-5.2106757164001465
2481,-5.5900349617004395
4906,-7.937170028686523
2180,-5.9747090339660645
5119,-6.881799697875977
5014,-3.81101655960083
2200,-6.090574741363525
1107,-6.8928704261779785
4493,-3.6088926792144775
5049,-4.780699253082275
3650,-0.8676839470863342
2193,-4.1407623291015625
5553,-0.5198781490325928
2052,-4.0589599609375
680,0.4682384133338928
275,-7.5305681228637695
3574,-6.336730480194092
2873,-5.029913902282715
3084,-0.4628688097000122
1219,-4.130312919616699
3616,-4.886038303375244
3173,-0.7982196807861328
3382,-6.908586025238037
28,-7.116364002227783
993,-5.8238959312438965
2970,-4.7154107093811035
589,-6.808999061584473
1845,-6.564012050628662
2412,-3.0317656993865967
3002,-4.45518159866333
1185,-5.9827680587768555
2031,-4.156494140625
5318,-4.243917942047119
200,-7.19773530960083
4143,-4.91972017288208
2527,-0.380788117647171
4891,-1.2178547382354736
833,-7.3308892250061035
1113,-6.1612067222595215
3970,0.14104880392551422
585,-7.788903713226318
4332,-7.361191272735596
5396,-5.148925304412842
5607,-1.5386993885040283
1565,-6.094362735748291
5407,-5.927292823791504
1149,-7.314729690551758
42,-7.544224262237549
5785,-0.11418165266513824
5054,0.7934688329696655
3739,-4.731013298034668
2644,-6.339018821716309
5234,-6.505740642547607
181,-8.8909330368042
2991,-6.487398147583008
4534,-5.307002544403076
1932,-6.911057949066162
2586,-5.771096229553223
1640,-5.847477912902832
3535,-5.898417949676514
958,-7.933660507202148
5282,-4.586578845977783
1606,-7.857168197631836
193,-7.369573593139648
82,-7.422459602355957
2136,-5.058346271514893
2747,-8.126827239990234
2353,-6.548232078552246
4919,-4.437512397766113
2886,-5.7617058753967285
3890,-4.927976131439209
3841,-5.217090129852295
1811,-4.491487979888916
156,-7.1010541915893555
5295,2.067042350769043
733,-7.005022048950195
1835,-8.242603302001953
2147,-6.809121608734131
784,-6.94536828994751
323,-7.358983516693115
1935,-3.5824215412139893
5462,-7.4604363441467285
5226,-7.315892219543457
1997,-5.789068222045898
3784,-3.236394166946411
4500,-4.998391628265381
277,-6.811655521392822
2858,-5.475050926208496
2434,0.7164902687072754
2842,-4.274688243865967
1672,-4.270135879516602
3907,-3.436586618423462
2009,-6.291728496551514
588,-4.524230480194092
545,-3.064769983291626
1707,-5.496085166931152
5145,-6.505515098571777
173,-7.494798183441162
148,-5.390593528747559
4661,-5.136684894561768
4525,-7.313410758972168
2662,-3.149805784225464
5848,1.3907240629196167
1561,-7.674663066864014
4095,-1.6368348598480225
5471,-1.9210928678512573
712,-3.4894158840179443
5077,-8.160021781921387
4896,0.7829071283340454
4539,-2.6115760803222656
1383,-8.230982780456543
532,-3.281782388687134
1462,-2.0338127613067627
1119,-5.757381916046143
390,-7.068168640136719
2510,-2.075941801071167
2270,-6.571081638336182
2476,-7.514265537261963
264,-3.1576051712036133
1856,-6.232046127319336
434,-2.664177179336548
2710,-5.700756072998047
1499,-4.589804172515869
5142,-2.8717610836029053
4655,-1.8861780166625977
660,-6.368869304656982
4626,-1.8870790004730225
1232,-6.254288673400879
829,-4.539767742156982
3174,-5.811491966247559
2215,-3.934253215789795
9,-6.988718509674072
5638,3.7553749084472656
2752,-4.636048316955566
228,-5.863628387451172
4732,-3.8764989376068115
4000,-4.598757266998291
2521,-5.0139546394348145
5560,2.360860824584961
93,-3.7272095680236816
2375,-3.051661252975464
1681,-2.223924160003662
2453,-3.7193236351013184
1823,-6.896110534667969
4600,-7.5920538902282715
1082,-7.357120990753174
2133,-5.502413749694824
5802,-4.2523651123046875
973,-6.301969051361084
5429,-2.445101499557495
1949,-6.437156677246094
2668,-7.412570476531982
5011,-5.400783538818359
5832,-2.1315560340881348
5432,-5.957437515258789
2538,-7.180726051330566
4650,-3.9260988235473633
826,-3.7412946224212646
4689,-4.861999034881592
223,-3.723846673965454
916,-8.11870002746582
5580,3.0621073246002197
3618,-5.664690971374512
4135,-5.105504035949707
1515,-7.831845283508301
2421,-5.287898063659668
1145,-5.799590587615967
510,-5.617919445037842
5545,5.8083343505859375
5818,1.1960694789886475
4757,-1.8269315958023071
738,-3.8643484115600586
2739,-7.49780797958374
4770,-5.796168327331543
1312,-3.4769809246063232
399,-4.789239406585693
3993,-7.02464485168457
4491,-6.67641019821167
2519,-4.491872310638428
3751,-7.339322566986084
4702,-3.481396436691284
3792,-2.2492449283599854
4956,-5.372890949249268
5816,-1.1787697076797485
423,-7.0492143630981445
1138,-2.180960178375244
3569,-5.102113723754883
1505,-7.4549665451049805
2517,-8.057943344116211
2514,-2.793767213821411
4850,-4.5617756843566895
1057,-2.6744487285614014
2871,-5.881214141845703
2346,-3.979837656021118
497,-6.332736492156982
5656,1.4477797746658325
990,-1.1575089693069458
2321,-4.508281230926514
1728,-3.72006893157959
5622,0.6669126152992249
1665,-4.656553268432617
265,-6.024265766143799
549,-5.7922210693359375
1350,-5.137771129608154
141,-7.336783409118652
956,-5.52186918258667
2119,-6.724082946777344
5847,0.02239835448563099
3171,-5.105812072753906
2554,-5.467838764190674
4507,-5.031838893890381
1370,-5.620886325836182
4942,-4.631030559539795
565,-5.029538154602051
3192,-6.494476795196533
3949,-6.030672550201416
4698,-6.300382137298584
3391,-6.058343410491943
3770,-4.525758743286133
896,-2.899184465408325
574,-6.825706958770752
3309,-6.502998352050781
5379,-7.015716075897217
1830,-7.639341354370117
4328,-5.516551971435547
2386,-3.162200689315796
3235,-3.9869093894958496
3954,-1.5785555839538574
2279,-2.858832597732544
3151,-5.336612701416016
2063,-6.791392803192139
1039,-5.574025630950928
4206,-6.814891338348389
4823,1.7041312456130981
2098,-4.6069560050964355
5,-4.711540699005127
494,-8.138038635253906
1460,-5.648202419281006
3653,-5.3076324462890625
5186,-0.9994856715202332
86,-4.383187294006348
5374,-6.818577289581299
3445,-6.530324459075928
2502,-6.997189998626709
3130,-3.016327381134033
4805,-5.480175018310547
2930,-6.697098255157471
3470,-6.7512593269348145
3165,-5.465820789337158
5252,-5.071804046630859
2024,-3.9293582439422607
1456,-5.700435638427734
5006,-6.48288631439209
2589,-6.996477127075195
1615,-4.429222583770752
703,-6.799254417419434
3813,-7.091650009155273
2551,-5.1617889404296875
2741,-6.0973968505859375
5416,-1.1122061014175415
4547,-6.341439723968506
5715,2.7077598571777344
1522,-4.307831287384033
3748,-4.236537456512451
1308,-4.117926120758057
5450,-4.193332672119141
5478,2.0803706645965576
3430,-5.233453273773193
3069,-7.435407638549805
4467,-3.1020729541778564
3816,-7.096155166625977
3590,-2.5729787349700928
2361,-8.1492280960083
560,-7.994655132293701
1445,-7.988669395446777
5489,4.330965518951416
4684,-4.023525714874268
997,-4.117514610290527
2411,-6.7007598876953125
921,-5.787249565124512
446,-6.025697231292725
5397,-5.888560771942139
1060,-5.548652172088623
5700,1.96676766872406
328,-5.718723297119141
1448,-4.567727565765381
2105,-7.1061577796936035
4597,-3.548596143722534
3178,-6.731531143188477
1382,-8.726061820983887
1933,-3.3846981525421143
3156,-3.7954177856445312
2028,-5.759072780609131
2610,-4.7804179191589355
2920,-0.2100527435541153
3384,-5.49003267288208
5534,3.5233166217803955
2691,-1.8868670463562012
4191,-7.431769847869873
4619,-5.6542840003967285
5672,1.0200387239456177
1701,-7.7305073738098145
260,-6.097926616668701
2659,-6.536945819854736
1587,-1.6709192991256714
5439,-1.6005746126174927
5199,-6.37669038772583
3501,-0.9572808742523193
2663,-6.31661319732666
782,-7.111211776733398
2023,-1.0436408519744873
4659,-6.496630668640137
4040,-4.937621116638184
4640,-6.5866923332214355
4170,-5.826551914215088
271,-3.774796962738037
5041,-6.836239814758301
5690,2.872495174407959
2037,-7.616537094116211
4144,-4.992709636688232
4077,-2.3510899543762207
5155,-4.3442158699035645
1299,-0.21804973483085632
1360,-5.235003471374512
3458,-3.5993621349334717
5584,0.2672356069087982
1559,-5.739048957824707
2213,-5.335845947265625
1586,-7.074974536895752
995,-6.408329963684082
237,-4.469639778137207
672,-1.2887755632400513
3159,-6.521048545837402
4307,-7.292754173278809
1616,-7.054537773132324
4373,-6.949601173400879
32,-3.7822234630584717
5075,-4.497052192687988
1267,-6.692615032196045
5626,4.776169776916504
5532,-4.35558557510376
2491,-6.955162048339844
3582,-4.960190773010254
358,-4.7881550788879395
1890,-2.9066355228424072
5179,-4.0898637771606445
4799,-3.958343982696533
770,-7.598819732666016
2303,-5.670351982116699
1721,-2.0497632026672363
5351,-4.262429237365723
597,-6.7682600021362305
1183,-7.047861099243164
5417,-4.712241172790527
248,-2.9355390071868896
3753,-6.537267208099365
5069,-7.813938140869141
2802,-7.702729225158691
4824,-4.2699432373046875
1093,-6.011797904968262
439,-1.542212724685669
5486,2.002119779586792
4738,-4.391053199768066
1080,-4.61361026763916
4837,-0.22981823980808258
5364,-5.660213947296143
5625,1.9033491611480713
5253,-3.717280864715576
2345,-7.60891580581665
4426,-4.648676872253418
2742,-5.190297603607178
1434,-2.3424594402313232
1767,-4.84934139251709
2731,-6.365514278411865
4857,-2.9444971084594727
4719,-5.798731327056885
4608,-7.373640537261963
4075,-3.747150421142578
1650,-6.564493656158447
3828,-7.276442527770996
1396,-6.461353302001953
5190,-6.165121078491211
2526,-6.0152177810668945
946,-4.563263893127441
3149,-3.837693452835083
1509,-6.29348087310791
1272,-1.5403379201889038
3903,-5.955923080444336
1611,-3.4126923084259033
5345,-5.138380527496338
4428,-5.1479291915893555
2020,-5.0142083168029785
5617,4.469350814819336
2954,-5.34279727935791
772,-3.663456916809082
2220,-4.168858528137207
477,-6.0234785079956055
1989,-4.641114711761475
4628,-1.7148334980010986
3637,-4.949687957763672
5480,-0.1285676509141922
3236,-6.273119926452637
469,-6.562743663787842
5173,-3.9209189414978027
3266,-4.073348045349121
3788,-2.764139413833618
3927,-5.801084041595459
2996,1.7779196500778198
487,-5.698740005493164
1831,-5.132988929748535
617,-6.565537452697754
2161,-6.110368251800537
5598,1.8775829076766968
582,-7.987563133239746
666,-3.1885504722595215
5278,-0.4653491973876953
336,-1.4995208978652954
5132,-7.431701183319092
4009,-3.2646892070770264
1756,-5.161456108093262
4551,-1.837282419204712
595,-6.335760116577148
4991,-2.618499994277954
726,-6.238260269165039
3208,-6.783425807952881
5274,-5.838077545166016
1309,-2.2440006732940674
2672,-6.556988716125488
5499,3.6940178871154785
518,-7.451159954071045
2786,-3.507000207901001
2131,-3.466682195663452
5664,4.52459192276001
128,2.3302671909332275
4305,-5.994580268859863
3096,-3.368237257003784
1594,-4.982359409332275
5320,-4.997407913208008
1501,-0.9385437369346619
3939,-3.7816827297210693
3641,-5.0174336433410645
4054,-7.181403636932373
1794,-5.784681797027588
4639,-5.348538398742676
5614,-2.1912918090820312
2583,-5.452441692352295
4524,-5.980844020843506
2780,-3.5334606170654297
4161,-5.843242168426514
2862,-6.1710357666015625
1714,-5.608872413635254
671,-5.519689083099365
4499,-4.878829479217529
3604,-6.371800422668457
245,-7.303593635559082
3358,-6.979363918304443
4557,-6.353999137878418
3856,-6.188198089599609
1237,-3.385732650756836
2923,-4.986762046813965
1888,-4.8426079750061035
2184,-4.31467866897583
5403,-6.259573459625244
4815,-4.008189678192139
2234,-4.637795925140381
366,-7.549088954925537
4153,-5.089387893676758
953,-7.154359817504883
2335,3.512566089630127
2487,-6.5957183837890625
1571,-3.356793165206909
635,-7.1573333740234375
1549,-5.97927188873291
2226,-4.587071418762207
36,-6.862939357757568
232,-6.781726360321045
3456,-6.182281017303467
3272,-3.45306134223938
3216,-7.452767372131348
4838,-3.664313554763794
4791,-2.817373514175415
1088,-6.156489372253418
1035,-5.827751159667969
2630,-6.0711445808410645
2976,-6.602659702301025
1846,-5.916391372680664
3114,-3.3079993724823
4548,-2.9650628566741943
5310,-6.557614803314209
3219,-6.442533016204834
3351,-5.537905216217041
313,-2.3784754276275635
3785,-6.8330817222595215
4556,-6.854269504547119
4620,0.8645864725112915
4194,-5.038517475128174
4748,-2.753321647644043
3349,-5.6164679527282715
1981,-5.275458335876465
2087,-4.8387041091918945
1026,-3.5691869258880615
623,0.25911498069763184
861,-4.86726188659668
1789,-5.848160743713379
1247,-6.199594020843506
241,-7.38968563079834
1147,-3.7298617362976074
2475,-6.976006507873535
5728,-3.350893020629883
1920,-3.9373509883880615
507,-4.757874488830566
3128,-8.218035697937012
4569,-4.7345871925354
1570,-6.306157112121582
1222,-8.053400039672852
780,-1.5212880373001099
1288,-7.877316951751709
3769,-7.937472820281982
1290,-2.580914258956909
594,-1.6402181386947632
2311,-2.7663254737854004
140,-3.9989748001098633
1638,-6.696380615234375
4736,-6.729753494262695
1044,-4.3563618659973145
2211,-4.322923183441162
3945,-5.643729209899902
4325,-6.658518314361572
1301,-4.262241840362549
2866,-4.484292507171631
5373,-5.969544410705566
227,-7.249785423278809
1487,-6.753507137298584
1948,-6.30368709564209
2694,-5.151808261871338
3214,-5.156394004821777
5608,0.10362029075622559
2879,-5.55381441116333
4752,-6.552084922790527
1241,-6.45825719833374
3960,-3.398653984069824
1724,-6.024078845977783
5225,-6.028010368347168
5770,2.9591903686523438
874,-6.235567569732666
2987,-2.0483832359313965
5787,0.5697199106216431
3910,-7.51072883605957
2795,-4.645325183868408
4166,-7.483107566833496
2624,-3.36427903175354
1955,-6.988856792449951
1234,-6.837388515472412
1986,-4.249147891998291
38,-6.048463344573975
5187,-5.625821113586426
526,-7.006412506103516
5108,-2.944768190383911
146,-5.896830081939697
1880,-2.684584379196167
5845,-0.7923434972763062
417,-0.6735801100730896
3106,-8.7162446975708
5380,-5.287710666656494
5232,-4.006149768829346
4774,-6.379586696624756
284,-2.933201789855957
1160,-4.6965789794921875
4530,-3.6123335361480713
3558,-7.314638614654541
1397,-6.363452911376953
654,-6.28449821472168
5476,4.068852424621582
756,-4.680568218231201
2790,-0.5022321939468384
1893,-4.672159194946289
4263,-4.1033172607421875
834,-6.07805871963501
5260,-6.0011305809021
5258,-7.0832343101501465
1848,-2.771608591079712
5515,-0.787929892539978
4918,-6.401333332061768
2816,-5.476536273956299
3255,2.2051069736480713
5782,1.5309125185012817
841,-6.038180828094482
3390,-4.994439601898193
4453,-5.4235382080078125
2275,2.269918918609619
3088,-6.916596412658691
2941,-8.549428939819336
112,-6.016695499420166
2558,-4.964228630065918
1748,-5.523279666900635
3414,-5.123438835144043
2128,-3.856626033782959
1766,-4.193681716918945
2495,-7.8543572425842285
1945,-5.854110240936279
2966,-7.264842987060547
5830,-6.5925397872924805
5633,-3.3372857570648193
1663,-3.7074947357177734
2625,-5.299202919006348
5335,-3.3132383823394775
3962,-5.505506992340088
3867,-4.278057098388672
4565,-6.583582401275635
2914,-7.194419860839844
1419,-7.065598487854004
1078,-4.433548927307129
611,-6.839176177978516
5701,1.9182356595993042
447,-4.778093338012695
1772,-7.539981365203857
4983,-7.797260761260986
2963,-3.1378798484802246
2276,-7.600799083709717
3,-5.17154598236084
270,-3.8136749267578125
1046,-5.075051307678223
5745,4.664508819580078
1828,-4.4022603034973145
3423,-6.4676127433776855
321,-6.541875839233398
1076,-7.993378639221191
2187,-2.809065818786621
1858,-6.139198303222656
5183,-6.218657970428467
1204,-7.292781829833984
4933,-3.412853240966797
5387,-4.731983184814453
883,-5.154899597167969
2019,-4.761744022369385
3050,-4.7307915687561035
5283,-2.1808552742004395
1368,-6.244411945343018
1200,-5.713702201843262
4631,-5.385300636291504
5749,2.9186952114105225
5036,-5.4460673332214355
5305,-5.224257946014404
1073,-4.895810127258301
2045,-5.5804123878479
3674,-6.339548110961914
3161,-6.703956604003906
5605,4.49751091003418
171,-6.843225002288818
1973,-5.459489822387695
3515,-6.273316383361816
1651,-7.087330341339111
4938,-2.8787617683410645
5574,4.2934651374816895
3243,-0.8968976140022278
4490,-2.210357904434204
3964,-3.145200729370117
1214,-2.9727883338928223
3708,-6.4743757247924805
52,-6.50583553314209
1131,-7.947319507598877
5752,-5.1720871925354
2238,-4.3470683097839355
5412,-8.624503135681152
988,-6.69459867477417
91,-6.4169769287109375
4300,-7.7466654777526855
5134,-6.533841133117676
3531,-7.569295406341553
3675,-6.165359973907471
3537,-1.7012733221054077
4937,-6.306437969207764
2712,-1.1985396146774292
3006,-5.504705429077148
5050,-4.151248455047607
2379,-5.531182765960693
2162,-5.056016445159912
3044,-2.225736141204834
2030,-2.282386064529419
5171,-4.946816921234131
5112,-7.8537750244140625
3061,-6.978947639465332
3900,-5.634603500366211
917,-6.212558746337891
5317,-8.398961067199707
2680,-5.621324062347412
593,-5.125457286834717
4225,-4.6289544105529785
641,-4.012776851654053
27,-4.782886981964111
2043,-5.987046718597412
3282,-3.4489314556121826
1580,-7.020211219787598
3168,-4.004859447479248
5636,-0.01636325754225254
4306,-2.646808624267578
94,-5.768841743469238
4633,-4.146308422088623
4005,-6.044329643249512
4749,-4.7958664894104
634,-3.2307639122009277
1803,-5.893507480621338
3634,-3.744366407394409
4073,-5.364814281463623
4743,-3.2412893772125244
470,-7.147161483764648
857,-1.9275645017623901
3154,-4.1734700202941895
4468,-6.766217231750488
4489,0.32842177152633667
1137,-5.310868740081787
3158,-5.063635349273682
87,-5.094533443450928
213,-6.28518533706665
3768,-4.157668590545654
3057,-6.814403057098389
2646,-5.098787784576416
2034,-6.558963298797607
1392,-5.09529447555542
2901,-5.8513946533203125
113,-8.265624046325684
4664,-3.7457172870635986
853,-5.339986801147461
665,-6.8380608558654785
2198,-5.11260461807251
2081,-4.558373928070068
2562,-8.787047386169434
4740,-8.373082160949707
2012,-5.380305290222168
2604,-4.698180675506592
1420,-7.063303470611572
3612,-0.23898066580295563
3826,-3.6703853607177734
5812,-2.2419803142547607
1238,-6.685575485229492
308,0.43226176500320435
2246,-7.376411437988281
754,-5.414865016937256
992,-5.530939102172852
3197,-6.021570682525635
5800,4.6097211837768555
2359,-6.626892566680908
4907,-2.3602921962738037
2810,-6.168111801147461
5506,0.2694072127342224
890,1.3758553266525269
4202,-6.78868293762207
4317,-4.466062068939209
4072,-6.429702281951904
106,-5.253685474395752
2086,-4.124298095703125
136,-5.5768961906433105
1902,-0.16818635165691376
2451,-5.606474876403809
3643,-5.749537944793701
3930,-5.130735874176025
2355,-3.8257124423980713
5571,-1.970047950744629
1061,-4.473662853240967
2750,-2.954533338546753
5244,-4.7761430740356445
1646,-4.147956371307373
877,-4.647453308105469
3207,-7.604256629943848
1783,-6.706165313720703
3998,-6.956634998321533
5561,-2.4531805515289307
1143,-7.0231547355651855
2738,-5.687393665313721
1516,-6.671013832092285
5284,-7.307301998138428
3261,-4.334522247314453
1181,-4.039851188659668
1773,-4.526565074920654
1908,-1.0027265548706055
5223,-4.09628963470459
1674,-2.6109039783477783
3892,-1.5904091596603394
233,-6.713950157165527
2725,-8.037229537963867
5424,-6.928220748901367
3317,-0.9357678294181824
683,-1.69834303855896
5060,-5.6948628425598145
1784,-5.876290798187256
5688,-1.4684348106384277
619,-8.45373821258545
2489,-5.683655738830566
3370,-5.843926906585693
4262,-5.855401039123535
5694,-4.594211101531982
3952,-6.940330982208252
4914,-4.986720561981201
4851,-8.100878715515137
2748,-5.881569862365723
3177,-0.3601638078689575
24,-5.236601829528809
2846,-6.362521648406982
59,-2.3349554538726807
3647,-5.26639461517334
1852,-7.140459060668945
902,-4.333967685699463
4776,-6.972742080688477
2896,-0.19797423481941223
2060,-5.86604118347168
163,-5.522955894470215
2256,-4.003915309906006
521,-5.736441135406494
3402,-5.32096529006958
562,-4.714541912078857
1494,-5.856386661529541
636,-5.1694159507751465
3329,-4.315988540649414
3572,-5.09043550491333
5257,-5.982816696166992
1711,-6.190213203430176
4063,-5.752470970153809
5831,2.120574474334717
4990,-5.587307929992676
3839,-5.234248161315918
1236,-7.084844589233398
1924,-4.419257164001465
649,-6.142988204956055
1517,-4.430482864379883
1886,-5.424474239349365
468,-7.953782081604004
4864,-3.583491325378418
1468,-6.7275710105896
971,-4.831294059753418
5576,2.653409719467163
5289,-7.8463029861450195
1304,-5.384310722351074
4797,-1.8875761032104492
3013,-3.7139806747436523
631,-1.7675185203552246
609,-4.907781600952148
2035,-2.9480879306793213
2205,-6.26408052444458
2477,-6.737637042999268
2357,-5.7464919090271
364,-5.491639137268066
651,-1.7037822008132935
955,-2.0863609313964844
5105,-1.184046745300293
1346,-5.613260269165039
922,-5.5057220458984375
3232,-6.953498840332031
445,-7.675275802612305
2217,-2.0010552406311035
2634,-4.27608585357666
5491,-1.9057656526565552
2530,-7.0897393226623535
3066,-6.072947025299072
914,-3.753056526184082
3133,-6.161493301391602
1655,-5.748993396759033
3563,-7.819985389709473
1244,-5.127912998199463
1326,-4.491892337799072
3981,-6.996753692626953
5219,-6.484097003936768
5017,-6.795122146606445
3467,-3.2777516841888428
742,-4.491443157196045
2735,-6.0550761222839355
119,-8.218745231628418
2464,-1.6511824131011963
88,-6.087846755981445
3741,-2.3753092288970947
2532,-7.33237886428833
4678,-4.303723335266113
2106,-7.5197014808654785
4751,-4.523385524749756
325,-6.525690078735352
624,-7.021469593048096
721,-3.909019947052002
1899,-2.3398590087890625
2721,-2.8394830226898193
5231,-4.2711896896362305
327,-0.7279412150382996
4374,-6.388662338256836
4755,-5.925344467163086
4140,-7.670014381408691
5238,-3.775895833969116
3684,-6.147226333618164
4360,-7.157164096832275
5337,-4.474515438079834
4212,-5.321457862854004
3613,-5.540478229522705
4729,-5.5478901863098145
727,-6.6082682609558105
4830,-5.316681861877441
2472,-6.574560642242432
664,-6.582179546356201
2099,-3.789822816848755
2763,-6.887022018432617
3863,-4.862040042877197
3655,-4.11649227142334
731,-6.441248893737793
4438,-6.2712883949279785
2257,-2.8482282161712646
5137,-4.46154260635376
2071,-6.349238395690918
1405,-3.443674325942993
3433,-7.270944118499756
5620,4.400645732879639
4497,-3.8887460231781006
3997,-5.499014377593994
4763,-5.138245582580566
2032,-4.313623428344727
4484,0.08362380415201187
3441,-6.405158996582031
3854,-4.903513431549072
3478,-4.947155952453613
444,-5.248841285705566
4323,-4.784061431884766
2350,-5.688849925994873
1795,-5.410112380981445
1722,-5.343968868255615
4423,-6.716203212738037
2132,-5.375586986541748
1376,-5.710532188415527
4331,-6.955732345581055
5705,7.879518032073975
1719,-6.485840797424316
5285,-8.016149520874023
838,-5.38623571395874
2484,-6.3140082359313965
2507,-4.233124732971191
3099,-6.0688090324401855
5583,-5.115478992462158
4117,-6.466873645782471
3878,-4.381181716918945
3620,-6.556288719177246
5398,-4.23668098449707
3687,-4.772092342376709
1508,-6.606297492980957
3260,-7.316910266876221
3717,-5.805225372314453
4848,-5.104188442230225
3628,-5.829353332519531
2633,-4.41041374206543
67,-3.9190592765808105
3754,-7.615342617034912
687,-6.742403984069824
1682,-3.441401958465576
5444,-0.35670047998428345
5425,-5.847207069396973
2235,-6.306298732757568
4057,-5.062049865722656
3818,-7.518560886383057
1630,-4.28692626953125
4001,-5.382667541503906
2424,-7.689630508422852
4456,-6.679792404174805
1253,-2.746640205383301
5161,-4.0677032470703125
5266,-5.882618427276611
5236,-5.626389980316162
4595,-6.983222961425781
3181,-2.471520185470581
2985,0.09665854275226593
3747,-5.694796562194824
832,-5.0877275466918945
4372,-4.240655899047852
3280,-2.5565812587738037
1103,-2.7301316261291504
3115,-4.850700378417969
1067,-3.8637607097625732
3847,-4.679937839508057
764,-5.462009429931641
1156,-7.121281623840332
5047,-4.129528522491455
4769,-6.727077007293701
4881,-5.221584796905518
205,-6.684469699859619
5402,-5.981386184692383
1712,-3.0583536624908447
5218,-6.342250823974609
774,-8.26807975769043
3803,-4.353036403656006
696,-5.633601665496826
422,-4.731070518493652
4949,-4.356794357299805
2104,-2.0926692485809326
3782,-5.177562236785889
4125,-6.070943832397461
1246,-6.436079025268555
2615,-6.765798568725586
3727,-6.431207656860352
247,-4.444191932678223
2893,-6.5686354637146
3752,-4.1507887840271
1056,-6.110805034637451
848,-2.5260848999023438
4812,-5.270364284515381
4737,-4.94849157333374
4269,-6.295597076416016
2606,-2.9686434268951416
1669,-2.2982311248779297
1882,-3.6479620933532715
3853,-7.597988128662109
2825,-7.986789703369141
2924,-6.202023029327393
381,-7.4574198722839355
1029,-5.835551738739014
2112,-3.860051393508911
3045,-3.35542631149292
492,-5.45969295501709
1834,-5.874347686767578
3229,-1.7719130516052246
4590,-6.0126142501831055
1503,-6.191224098205566
1842,-4.596942901611328
3522,-6.988482475280762
393,-5.332350730895996
567,-5.380343914031982
1442,-5.95766019821167
1402,-4.435873508453369
429,-7.051480293273926
1476,-3.9188919067382812
1664,-4.616751670837402
3539,-8.42104434967041
345,-7.558917999267578
737,-6.1986799240112305
4038,-6.055574417114258
1066,-6.463207721710205
2182,-6.804546356201172
830,-6.179726600646973
192,-6.678725242614746
4842,-5.585768699645996
4574,-8.466057777404785
5129,-6.398710250854492
1710,-1.9098821878433228
5777,2.854525089263916
3073,-5.598134517669678
4454,-6.8732380867004395
1062,-6.867273807525635
1444,-7.7031073570251465
906,-6.531611442565918
2422,-7.101587772369385
2643,-0.36861398816108704
5581,1.7668148279190063
4819,-6.988553047180176
1563,-9.461615562438965
4165,-7.8833723068237305
3499,-1.8010756969451904
2602,0.7111865878105164
3767,-0.8628612756729126
1705,-6.306290149688721
912,-4.836128234863281
2002,-3.442816972732544
2853,-3.3137917518615723
3190,-5.5846076011657715
3476,-2.5750339031219482
5757,3.7317373752593994
4285,-5.791823863983154
427,-5.3660101890563965
5214,-6.369202613830566
5018,0.01544734463095665
3840,-6.796791076660156
4362,-7.386090278625488
2265,-6.778082370758057
4148,-7.829784870147705
190,-7.720114231109619
125,-4.916982650756836
3426,-5.3155694007873535
1275,-2.936811923980713
2596,-5.207596302032471
2612,-6.174687385559082
240,-5.765901565551758
3832,-7.566951274871826
1566,-5.363848686218262
3940,-3.3876571655273438
3999,-6.528120040893555
799,-6.818116188049316
5093,-7.382656097412109
1193,-5.370336055755615
4641,-7.3548994064331055
1927,-1.145660638809204
3521,-4.496349811553955
3660,-4.594393253326416
1451,-4.1505584716796875
3627,-3.5568532943725586
5376,-7.387671947479248
5268,-4.580439567565918
3898,-2.512855052947998
2929,-7.18854284286499
254,-6.252353668212891
596,-3.1936118602752686
3302,-0.6939015984535217
675,-1.7844377756118774
5517,-0.05920683965086937
2955,-4.915892601013184
4412,-5.949795722961426
2590,-5.860379219055176
4310,-6.613936424255371
1622,-6.801486015319824
1781,-7.925091743469238
1792,-3.951698064804077
2781,-7.309375286102295
3342,-2.4314990043640137
2113,-7.247746467590332
870,-4.841596603393555
2254,-5.665902614593506
2096,-5.276914596557617
5763,5.845402717590332
1769,-5.4392290115356445
533,-8.491096496582031
3866,-5.318319320678711
5043,-3.0663630962371826
1903,-7.7538251876831055
3855,-3.8965904712677
1864,-5.847362995147705
81,-6.022982597351074
5643,4.685299396514893
4439,-5.472254753112793
1379,-6.200216293334961
4414,-5.8666863441467285
2410,-4.182039260864258
134,0.922126293182373
5040,-3.411872148513794
191,-8.047863006591797
1626,-2.062147378921509
2726,-5.811741828918457
5110,-7.3445281982421875
269,-6.481971263885498
47,-7.800732612609863
5789,-1.0824711322784424
546,-2.6225829124450684
3228,-7.9737868309021
4920,-7.7262678146362305
4431,-6.8787384033203125
5738,-1.3593806028366089
4196,-4.832489013671875
2506,-2.5691637992858887
1894,-1.2253800630569458
5366,-5.860847473144531
3639,-5.73000431060791
4356,-5.764870643615723
3594,-3.2275025844573975
2887,-2.0304248332977295
965,-7.101174354553223
1231,-6.143283367156982
3790,-1.3537359237670898
4091,-5.861320495605469
3625,-6.036569595336914
1809,-6.375904083251953
1333,-4.5554375648498535
1953,-3.5353238582611084
1974,-4.154795169830322
5210,-5.277968406677246
432,-7.089389324188232
4183,-7.3767924308776855
5229,-5.645473957061768
352,-7.180055618286133
602,-5.796864986419678
5097,-6.154025077819824
5094,-3.006385087966919
3664,-5.098984718322754
4207,-3.952486515045166
3516,1.3032505512237549
854,-7.690098762512207
2181,-8.003621101379395
3885,-6.030884265899658
3281,-5.658153057098389
1300,-6.461235523223877
302,-4.213570594787598
668,-6.315395832061768
4816,-4.321657657623291
4463,-3.3725669384002686
2788,-2.296633720397949
4518,-3.0504231452941895
645,-5.703881740570068
4159,-3.515604019165039
488,-7.599886894226074
4577,-7.187185764312744
1782,-4.255391597747803
1940,-5.668266296386719
4444,-6.616865158081055
1829,-6.722414970397949
10,-7.515511989593506
5724,5.73714017868042
4027,-6.1011271476745605
3405,-5.945426940917969
4056,-6.838844299316406
3166,-5.837093830108643
936,-4.197875022888184
351,-8.961670875549316
1603,-3.844430446624756
928,-5.237725734710693
5544,4.0471391677856445
4042,-4.508076190948486
3980,-5.159773349761963
2670,1.5997934341430664
5372,-4.455621719360352
3868,-6.415775299072266
2062,-4.700309753417969
1609,-7.103856086730957
2102,-6.344466209411621
5332,-5.696448802947998
5452,-1.281127691268921
4777,-6.797794342041016
1985,-6.868014812469482
5255,-4.9225358963012695
1912,-1.5876387357711792
5168,-8.6729154586792
56,-1.6080701351165771
1401,-7.60683536529541
3922,-4.018446445465088
4855,-5.974377155303955
4223,-5.990291118621826
2224,-3.3282668590545654
1535,-4.685329437255859
514,-3.5673673152923584
5806,0.17208053171634674
4963,-7.990659713745117
3319,-2.716893434524536
3300,-1.8799785375595093
4808,-3.6373414993286133
2898,-7.011673450469971
2639,-6.126699447631836
4836,-5.076828479766846
4386,-5.239497661590576
1777,-5.113836288452148
669,-6.669659614562988
5457,0.4137282967567444
5776,2.900312900543213
129,-6.319788455963135
2935,-6.922926425933838
346,-6.520297527313232
3860,-5.617648124694824
4656,-5.019606590270996
579,-9.014397621154785
3218,-5.567843914031982
5627,-3.176591396331787
1744,-6.759866237640381
1990,-6.889754772186279
4074,-3.1099348068237305
1472,-8.162644386291504
5394,-6.540827751159668
3693,-5.084792137145996
211,-7.0434370040893555
2394,-3.9416446685791016
3870,-5.897179126739502
1033,-4.439223766326904
1085,-8.514581680297852
3936,-4.710191249847412
3735,-1.737602949142456
2503,-6.085739612579346
2905,-5.378434658050537
1944,-3.3744969367980957
158,-5.8399529457092285
1873,-0.6509042382240295
581,-6.232519626617432
3140,-6.5547871589660645
4892,-5.098657608032227
1971,-6.6298627853393555
1421,-5.871850967407227
1844,-5.298344135284424
3107,-7.303713798522949
4968,-5.573507785797119
13,-6.468486785888672
1489,-7.72833776473999
384,-6.814656734466553
3301,-4.410045623779297
3560,-8.339908599853516
959,-4.909304618835449
4361,-3.5551066398620605
4035,-1.6049262285232544
5336,-5.962508678436279
2744,-5.959151744842529
2173,-4.1713151931762695
4418,-6.862548828125
3287,-6.816117763519287
1075,-5.61759614944458
2259,-8.857423782348633
1993,0.00862913578748703
5526,3.909092426300049
1233,-4.32128381729126
123,-4.473540782928467
2333,-5.901025295257568
2823,-2.7001595497131348
4675,-2.9352352619171143
1140,-6.482398509979248
5670,1.5657967329025269
2127,-6.686549186706543
1318,-7.702517032623291
167,-6.370044708251953
1302,-5.668643474578857
3234,-4.148695945739746
2463,-3.779423952102661
3881,-4.899830341339111
1654,-5.998173713684082
656,-3.2229905128479004
5388,-6.875229358673096
1307,-6.323724746704102
1475,-5.13425350189209
4335,-5.497091770172119
1698,-2.9612197875976562
2094,-3.843240261077881
1279,-4.790049076080322
457,-2.032592535018921
3850,-5.8620381355285645
2170,-0.268176406621933
2699,-5.235382080078125
3206,-6.400716304779053
144,-6.411131381988525
652,-5.3650221824646
3894,-8.073488235473633
236,-6.66215181350708
957,-7.632319450378418
2233,-5.5546698570251465
5436,-3.2075698375701904
575,-6.768683433532715
2203,-5.358799457550049
4652,-5.182770729064941
3631,-5.92114782333374
2962,-6.5342206954956055
5334,-4.850736618041992
1007,-0.7132865786552429
5095,-5.9749040603637695
3481,-6.45153284072876
790,-7.772966384887695
1867,-5.5519118309021
3041,-1.5746233463287354
4580,-4.04902982711792
3352,-2.6143462657928467
499,-3.8606159687042236
5421,-8.13455867767334
1976,-3.355635643005371
3787,-6.129943370819092
1910,-6.633206367492676
5092,-7.124478340148926
3308,3.710977554321289
1115,-4.176815032958984
5645,3.303798198699951
5698,-4.006821155548096
1217,-4.130472183227539
2107,-6.0166778564453125
76,-7.963943004608154
139,-5.675036430358887
5589,4.828965187072754
4087,-8.111062049865723
2406,-5.476105690002441
291,-8.609600067138672
4614,-8.034111022949219
4244,-4.584478855133057
2543,-4.747600555419922
2837,-3.1979901790618896
5637,-1.0939087867736816
4129,-5.651977062225342
189,-3.6436049938201904
5796,4.0199503898620605
215,-3.4341118335723877
647,-6.784517288208008
1686,-7.933370113372803
3680,-5.3354058265686035
4118,-6.188816070556641
5750,2.4735517501831055
2872,-5.793182373046875
1012,-6.635621547698975
3718,-5.448679447174072
706,-0.8862504363059998
2843,-6.895915508270264
4442,-7.017021179199219
4709,-5.917147159576416
3924,-5.023403167724609
5822,3.4335362911224365
1588,-6.789322853088379
1936,-4.696281909942627
4119,-6.535449028015137
2971,-7.05308723449707
4676,-5.32943058013916
4540,-7.156623840332031
2167,-3.25536847114563
713,-4.812246799468994
5784,-1.5074970722198486
5000,-2.00300931930542
2401,-5.699673652648926
5350,-4.414318084716797
5716,3.920755624771118
2129,-6.213359355926514
1357,-7.040541172027588
310,-6.756943225860596
2573,-5.755274772644043
2793,-6.846212863922119
126,1.1121413707733154
1089,-5.7821044921875
3862,-5.6408281326293945
1315,-6.7393341064453125
20,-1.004904866218567
1676,-3.5021421909332275
4974,-4.938537120819092
5801,-3.0366909503936768
2547,-4.248158931732178
1169,-5.578442096710205
1763,-6.390752792358398
4996,-3.367882490158081
2400,-3.68011212348938
4573,-5.837894439697266
5118,-5.500927925109863
2824,-4.485346794128418
3295,-7.050113677978516
51,-6.407644748687744
3078,-5.461450576782227
2190,-5.983788013458252
1393,-1.017461895942688
2088,-3.9454848766326904
1578,-6.891308307647705
2737,-4.801441669464111
115,-4.7522807121276855
4405,-7.850908279418945
2046,-2.2558794021606445
316,-5.591326713562012
3917,-5.993100166320801
1295,-6.095493316650391
5798,-0.7622101306915283
1662,-4.253142356872559
4260,-7.454394817352295
387,-5.825202941894531
430,-8.440857887268066
4536,-8.74256420135498
5795,-0.2517983615398407
4031,-3.7496678829193115
1754,-7.241137504577637
238,-5.7962470054626465
5217,-6.502936363220215
1746,-6.064726829528809
3726,-2.421597957611084
2150,-1.5599539279937744
3210,-5.020591735839844
1398,-3.216661214828491
1146,-8.095917701721191
4758,-6.607150554656982
2978,-5.188535213470459
701,-5.883188247680664
2805,-6.8370890617370605
1447,-4.944985389709473
4228,-6.64881706237793
2698,-5.225168704986572
1684,0.6001074314117432
3610,-6.6718974113464355
5493,-0.5538777112960815
3817,-4.078199863433838
4978,-8.036836624145508
4667,-5.866847991943359
1633,-5.870327949523926
3495,-6.051241397857666
3312,-5.724422931671143
2685,-6.221316814422607
570,-5.080650806427002
350,-7.6874237060546875
528,-7.741443157196045
3304,-4.4754509925842285
5807,2.3746702671051025
1644,-6.119765281677246
274,-2.057465076446533
1465,-5.3023681640625
4895,-5.499094009399414
5331,-5.941476345062256
4635,-6.939126968383789
3110,-7.539858818054199
179,-6.755823612213135
2518,-4.603648662567139
644,-5.163952350616455
4903,-1.7514503002166748
5086,-1.8046892881393433
46,-6.986119747161865
1839,-6.702812194824219
749,-5.202393054962158
1079,-4.828056812286377
5827,-2.036367893218994
3804,-6.966963291168213
3965,-5.783193111419678
2833,-6.782286643981934
3733,-3.5402746200561523
465,-6.640293598175049
1101,-3.9595746994018555
880,-3.260625123977661
2647,-3.9971158504486084
730,-7.920652866363525
35,-7.182058334350586
5569,-0.8653038740158081
5600,2.3189008235931396
5595,4.1052680015563965
3966,-4.540266036987305
4151,-6.029504776000977
4980,-5.619091987609863
865,-4.116554260253906
2906,-6.100050926208496
5741,-1.7029614448547363
3257,-7.475983142852783
2918,-6.870271682739258
4365,-5.539723873138428
736,-6.701864242553711
5160,-5.314377784729004
2003,-6.328505992889404
3196,-4.739392280578613
765,-7.410828113555908
4180,-5.538985252380371
3318,-3.5514602661132812
4247,-6.7394914627075195
5080,-3.138848304748535
5082,-5.854802131652832
3368,2.4805495738983154
5723,5.549712657928467
4705,-4.712150573730469
3067,-4.6981987953186035
5485,-0.8449244499206543
438,-3.971818685531616
1539,-2.1994001865386963
3505,-2.563511610031128
972,-3.9656639099121094
667,-4.62534761428833
5680,2.1281638145446777
1875,-4.337447166442871
968,-3.019428014755249
2990,-7.099339008331299
796,-6.923996925354004
4329,-7.55640983581543
2622,-5.893161773681641
252,-5.470259666442871
3685,-6.099018096923828
692,-1.3944730758666992
1470,-5.423520565032959
4813,-6.629457473754883
183,-0.6409965753555298
3668,-4.612242221832275
1132,-6.632256507873535
4581,-5.987967491149902
1134,-5.222519397735596
2743,-5.158392429351807
5362,-5.40203332901001
1095,-4.5954813957214355
1614,-6.264515399932861
3919,-6.075986385345459
876,-2.7711141109466553
5329,-4.649984359741211
2387,-4.792001247406006
3425,-6.922088623046875
3648,-1.3535733222961426
5538,2.435213565826416
3440,-6.028961658477783
78,-7.027655601501465
58,-3.560593605041504
525,-6.552371978759766
779,-3.0682270526885986
2952,-6.838222026824951
311,-5.179166793823242
4987,-1.523888111114502
2899,-6.757119655609131
5655,5.732519149780273
198,-7.7225823402404785
4932,-3.537989377975464
3019,-7.771906852722168
2409,0.33865565061569214
1757,-6.425541400909424
3715,-2.3272502422332764
1849,-8.062583923339844
4203,-3.2405548095703125
1797,-4.916156768798828
2251,-7.743082523345947
2566,-7.171024799346924
4592,-2.937605857849121
450,-5.739904403686523
5027,-3.9901087284088135
297,0.16031542420387268
3737,-6.785069942474365
71,-7.062122344970703
807,1.8773423433303833
1001,-2.5745646953582764
4561,-7.6580424308776855
3596,-7.087190628051758
2072,-7.091405391693115
5259,-6.464179039001465
5273,-6.487245559692383
2338,-7.206454753875732
3658,1.2652511596679688
3054,0.4809763431549072
4255,-6.548413276672363
3434,-1.7581642866134644
4301,-4.9448370933532715
4897,-6.916645050048828
3294,-5.353377342224121
3779,-3.628443479537964
3622,-6.068735599517822
2734,-5.279914379119873
2358,-4.5414910316467285
2391,-4.316773891448975
4778,-8.612269401550293
202,-6.231288909912109
661,-3.6506600379943848
952,-5.060312271118164
2240,-4.860107898712158
3484,-5.442129611968994
5618,2.6386542320251465
4922,-7.311444282531738
3016,-2.07051682472229
1715,-5.139142036437988
5039,-6.900097846984863
3286,-4.608875751495361
3725,-5.113454341888428
2029,-7.587433815002441
3153,-5.056915283203125
2314,-0.547585129737854
4976,-2.6000638008117676
4502,-7.224201202392578
4554,-1.9693093299865723
686,-7.539268493652344
1827,-5.651778221130371
180,-6.7049102783203125
2010,-4.661041736602783
4013,-5.690229415893555
2302,-6.398375511169434
286,-6.475254535675049
3704,-8.767374038696289
714,-3.45169734954834
188,-6.927885055541992
1913,-6.8908915519714355
5408,-4.626276016235352
1190,-4.200933933258057
5669,4.770406246185303
1354,-5.625656604766846
5445,1.6297307014465332
3097,-3.67657470703125
5761,6.487998008728027
5482,1.9326220750808716
2861,-3.09903621673584
2051,-7.245518207550049
348,-7.757090091705322
392,-5.624197006225586
5065,-5.3145670890808105
5204,-3.799474000930786
2208,-6.363015174865723
172,-7.1010236740112305
4559,-5.014880657196045
3062,-1.2625761032104492
2470,-4.118565082550049
1623,-5.447083950042725
976,-4.593775272369385
1387,-6.583405494689941
5708,-5.091879844665527
2244,-5.575958728790283
2883,-6.3395466804504395
1328,-7.276552677154541
4018,-8.107593536376953
5184,-6.737473964691162
2797,1.0014320611953735
5159,-7.0125732421875
2483,-5.6777215003967285
4911,-6.889166355133057
4070,-5.197763919830322
5020,-4.007654666900635
2623,-5.928445816040039
3781,-6.080908298492432
1174,-8.170994758605957
4583,-3.3503549098968506
2159,0.31589120626449585
4818,-2.451021909713745
2055,-2.794931650161743
5558,3.963533639907837
5197,-2.8006978034973145
1607,-3.793292284011841
3635,-4.077521324157715
4064,-6.088108539581299
4882,-1.4946879148483276
3240,-7.6843791007995605
1970,-6.221030235290527
5726,0.553183913230896
2593,-8.389951705932617
5015,-4.152316570281982
216,-5.0847697257995605
599,-7.062018394470215
4979,-7.224606513977051
5632,1.3362014293670654
1930,-5.416918754577637
1866,-5.422457695007324
5088,-5.2340264320373535
1086,-6.5061259269714355
2334,-6.502655982971191
3503,-4.874873161315918
2374,-6.539752960205078
2983,-4.688210487365723
4019,-5.111769199371338
1807,-7.689183235168457
907,-6.874579429626465
4171,-6.991406440734863
3599,-8.220660209655762
5463,-1.606298804283142
155,-6.163544178009033
1883,-6.290815830230713
2546,-6.032773971557617
3702,-1.3896821737289429
5256,-3.3760170936584473
2428,-4.1843390464782715
879,-5.317000865936279
4097,-2.658892869949341
2974,-6.145466327667236
4181,-7.993062496185303
3554,-5.907397747039795
4584,-6.74326229095459
1164,-7.505817890167236
2847,-4.803528308868408
3366,-4.324684143066406
4636,-6.287903785705566
3838,-8.448152542114258
1704,-6.429400444030762
1435,-6.403872489929199
3259,0.11196007579565048
5292,-4.386995315551758
2316,-4.111793518066406
1207,-4.948763847351074
4287,-7.173940658569336
2841,-5.189108848571777
516,-3.119516372680664
298,-4.855983734130859
2912,-5.9956769943237305
105,-7.626446723937988
4311,-0.6238731741905212
230,-4.118880748748779
4900,-4.768562316894531
4750,-5.983626365661621
3659,-4.456425666809082
5113,-6.0368242263793945
3251,-3.559764862060547
5788,1.0405240058898926
4839,-4.0414652824401855
3048,-7.096452713012695
4002,-7.132981300354004
1187,-6.347775936126709
1832,-7.635885715484619
5153,-5.852695941925049
5131,-2.994175672531128
2176,-4.74371337890625
5321,-5.519831657409668
4347,-1.2448586225509644
2715,-1.9263125658035278
4528,-3.6257355213165283
2840,-6.7649312019348145
1216,-5.588822364807129
3678,-7.265170574188232
1170,-6.804053783416748
4229,-8.016743659973145
3487,-8.433751106262207
1900,-7.613229274749756
2435,-1.3036057949066162
3506,-5.687792778015137
2863,-5.739956855773926
2137,-6.91633939743042
3988,-5.388566493988037
4449,-6.928370475769043
5215,-2.9470388889312744
3040,-4.491386413574219
63,-7.243593215942383
3225,-7.0428361892700195
2969,-7.038265705108643
1808,-5.82257080078125
1409,-5.696425437927246
5624,1.1279665231704712
5654,-0.5662954449653625
5008,-3.3633551597595215
5808,-2.257432699203491
251,-6.672910213470459
1006,-7.808785438537598
2628,-7.532174110412598
37,-4.072303295135498
725,-7.182204723358154
2856,-8.357473373413086
4162,-4.564877033233643
2839,-2.1410937309265137
866,-3.9462473392486572
815,-3.111859083175659
3497,-5.2520670890808105
5046,-6.520868301391602
5392,-6.482340335845947
1482,-7.512330055236816
1718,-5.773744583129883
1585,-3.852785587310791
2927,-5.4066081047058105
2366,-6.427963733673096
3759,-5.521239280700684
2979,-7.162280559539795
2869,-5.860112190246582
3252,-6.805034637451172
3105,-6.8600335121154785
1223,-7.807867050170898
1259,-1.5583367347717285
5564,2.608720302581787
2163,-6.5706329345703125
5222,-6.579352378845215
5742,-3.4635307788848877
4503,-5.599260330200195
4744,-7.2262444496154785
729,-6.113656520843506
5681,0.8947106003761292
1918,-5.597243785858154
627,-0.14207875728607178
4102,-6.55061149597168
130,-5.411605358123779
717,-2.917387008666992
5449,1.293515920639038
697,-5.484222888946533
45,-6.5295634269714355
2784,-5.892770767211914
414,-7.141386985778809
2056,-7.174023151397705
1625,-8.05737590789795
828,0.753751277923584
4660,-1.1489981412887573
2274,-6.000392436981201
2895,-6.950264930725098
2867,-7.011968612670898
320,-5.678553581237793
5104,-4.427988529205322
4068,-1.9409334659576416
2998,-5.692364692687988
4915,-6.958992958068848
2544,-6.822778701782227
4710,-3.059244155883789
2253,-3.696728467941284
2493,-4.338954448699951
90,-6.974279403686523
5339,-5.579222679138184
5841,1.5369319915771484
3690,-4.635867595672607
3937,-7.719015121459961
5293,-4.170676231384277
4570,-6.921728610992432
1097,-1.016036868095398
5330,-4.590692043304443
1680,-7.967160701751709
3222,-7.893881797790527
3377,-6.597208023071289
2266,-6.975603103637695
3201,-4.5253005027771
2798,-6.706719398498535
3905,-6.6056647300720215
1511,-6.370469570159912
2149,-5.604201793670654
2455,-4.567895889282227
5031,1.1829919815063477
3793,-6.197308540344238
1177,-4.459651947021484
3709,-0.3117896318435669
4722,-4.181783676147461
2332,-5.607003688812256
1850,-4.969779014587402
2196,-6.417618274688721
1730,-5.16946268081665
4266,-6.053977012634277
5844,6.338919639587402
2718,-4.293796062469482
2982,-5.119870185852051
3825,-5.339794158935547
4168,-6.311726093292236
5537,-2.207610845565796
4242,-1.210967779159546
4605,-4.835716724395752
5693,0.9938651919364929
5520,1.3960809707641602
2997,-7.291649341583252
412,-6.591444969177246
2468,-7.357132434844971
3913,-5.4874138832092285
2913,-2.9459939002990723
5601,2.4502787590026855
2992,-6.098323822021484
2756,2.3096561431884766
4415,-7.041279315948486
5076,-5.114915370941162
655,-5.737188816070557
5737,-0.1560373455286026
775,-7.953403949737549
2273,-1.023137092590332
3410,-1.856913447380066
55,-3.1852030754089355
5347,-7.014679908752441
3990,-4.856849193572998
1799,-6.102057456970215
5242,-6.835232257843018
5369,-7.156447410583496
3324,-7.515973091125488
578,-8.260783195495605
3496,-5.436238765716553
5660,2.2544827461242676
3947,-4.0720343589782715
2808,-6.814641952514648
5677,1.75910222530365
2961,-2.3255398273468018
4606,-4.69471549987793
3172,-2.72478985786438
797,-7.258939743041992
977,-6.449863433837891
5790,-1.2971253395080566
3271,-3.272387742996216
428,-0.06300356984138489
2910,-3.506967544555664
4775,-7.5432000160217285
2764,-2.955310106277466
5300,-1.3989818096160889
2069,-5.538108825683594
4036,-6.736809253692627
3822,-3.6239044666290283
4348,-6.625715255737305
4232,-4.57651948928833
2324,-3.1796467304229736
1023,-6.082581043243408
1780,-4.8460564613342285
1024,-0.01844719611108303
4925,-2.9082353115081787
1740,-6.524159908294678
512,-5.04611873626709
4346,-5.029185771942139
5288,-6.403512001037598
2237,-7.394447326660156
806,-3.1752195358276367
4714,-7.0293498039245605
382,-6.349056243896484
4246,-8.01898193359375
856,-6.419408321380615
2139,-4.1512627601623535
3469,-4.132299423217773
5188,-5.817429542541504
650,-7.012331962585449
2885,-7.196321964263916
3837,-6.651454448699951
5382,-5.744406223297119
4369,-4.03082275390625
831,-2.6836040019989014
3444,-6.4074015617370605
2317,-5.179842472076416
31,-7.306950092315674
715,-5.887416839599609
4187,-6.652695655822754
4861,-6.769018650054932
4312,-5.579960346221924
5604,-1.5184637308120728
5071,-5.045083522796631
4395,-5.239955425262451
2505,-4.281919002532959
5653,5.746866703033447
262,-6.9292473793029785
536,-4.352168560028076
4357,-5.248426914215088
5053,-3.782639265060425
3791,-4.096107006072998
4522,-4.1972761154174805
5455,2.706967353820801
4941,-4.73238468170166
4731,-4.079539775848389
496,-3.7835447788238525
2059,-4.030666828155518
4485,-2.050490379333496
569,-6.383039951324463
4479,-7.580704212188721
2965,-6.899414539337158
2999,-1.919349193572998
1568,-3.418139696121216
2307,-4.750848293304443
1215,-5.688060760498047
4846,-3.917717218399048
1227,-5.632211685180664
3609,-6.466183662414551
3994,-6.471830368041992
5004,-4.855289459228516
1937,-2.684626817703247
4935,-3.585676908493042
2318,-3.5149333477020264
2535,-3.8100626468658447
2120,-3.174452066421509
5559,-0.10849542170763016
4427,-5.679853916168213
1324,-1.7917226552963257
4478,-6.598903656005859
1325,-7.017820835113525
5459,-1.693255066871643
598,-7.75636625289917
362,-6.673783302307129
2695,-6.162156581878662
1534,-2.0414743423461914
3320,-4.548111915588379
3036,-5.092133522033691
4992,-6.293076038360596
1342,-4.950753688812256
1002,-4.880629539489746
2740,-4.531818389892578
5175,-5.076693534851074
2362,-7.25814962387085
339,-6.649825572967529
4688,-4.798366546630859
1321,-6.424927234649658
2015,-5.167156219482422
2557,-4.541574954986572
1469,-3.3119513988494873
5032,-7.722079277038574
1380,-3.3893179893493652
4888,-0.8883566856384277
4767,-5.605188846588135
2697,-7.952646732330322
2402,-5.851396560668945
4387,-6.469013214111328
4047,-5.542942047119141
5430,-7.308502674102783
5501,3.82726788520813
750,-3.523101806640625
5846,5.048520565032959
2457,-1.2242927551269531
2580,-3.0829079151153564
4615,-8.05676555633545
4208,-8.98480224609375
3392,-0.2571086883544922
1042,-4.234118461608887
4371,-4.240962982177734
3204,-5.34464168548584
5357,-8.13090991973877
3774,-4.6234965324401855
3534,-6.023190975189209
501,-7.367685317993164
386,-3.7618963718414307
177,-5.966222286224365
4340,-4.96894645690918
632,-7.8467230796813965
4926,-2.810047149658203
2499,-6.455765724182129
1660,-5.136624813079834
3442,-3.675117254257202
2239,-5.115628242492676
2605,-3.854029655456543
1463,-6.992450714111328
418,-5.128423690795898
4062,-4.697502136230469
3545,-4.8014421463012695
524,-5.457258701324463
5367,-5.843881607055664
4764,-7.304391860961914
1994,-5.041910648345947
2649,-4.7987775802612305
4446,-5.06515645980835
1753,-6.068166255950928
4004,-4.577155113220215
5508,0.9136743545532227
355,-5.323664665222168
4295,-4.806539058685303
989,-3.2421391010284424
3264,-4.340862274169922
5719,5.696802139282227
1874,-5.514175891876221
1768,-3.5533366203308105
1471,-6.210533618927002
871,-3.208268404006958
4455,-5.146761417388916
1038,-2.371047019958496
3298,-1.5827677249908447
3480,-6.952670574188232
5342,-5.818761825561523
3920,-7.489065647125244
5148,-6.523947238922119
1264,-4.756656646728516
5573,-1.1360769271850586
3087,-4.254354476928711
1263,-6.786709785461426
3852,-3.5833442211151123
4007,-5.582568168640137
3075,-7.687914848327637
2204,-5.828863143920898
5652,4.409884929656982
3896,-2.4889516830444336
2320,-4.958523273468018
1750,-7.006490230560303
1996,-4.275934219360352
3654,-5.5013532638549805
5012,-6.189523220062256
1388,-6.741419315338135
4637,-5.87003231048584
1675,-2.5391786098480225
4708,-5.649965286254883
3834,-3.831972122192383
5442,-2.725721836090088
527,-5.192113399505615
3864,-8.012492179870605
3167,-7.513344764709473
1430,-3.1943068504333496
2811,-7.664376735687256
5340,-7.195009231567383
2222,-6.929423809051514
2305,-2.2599573135375977
3058,-7.551177978515625
3288,-3.57684063911438
4142,-6.788116931915283
1670,-3.8385910987854004
2989,-6.76324987411499
3683,-4.9049296379089355
1667,-4.513309001922607
3615,-5.722900867462158
2564,-1.9725639820098877
2875,-3.9503135681152344
4962,-3.47147798538208
4258,-6.293416500091553
506,-6.962850093841553
1016,-7.038207054138184
3424,-7.996297836303711
3629,-4.108415126800537
2654,-3.9814512729644775
4110,-5.872901439666748
4271,-5.726757049560547
1083,-6.052404403686523
707,-8.074823379516602
2395,-4.192188262939453
1118,-3.674513339996338
3583,-4.1928911209106445
5630,3.0746662616729736
176,-3.0862667560577393
3299,-4.7061848640441895
4264,-7.430348873138428
5682,4.75126838684082
460,-7.622403621673584
3412,-6.065313816070557
4786,-3.7244455814361572
1506,-8.825490951538086
1637,-5.060120105743408
2044,-4.961172580718994
732,-7.119376182556152
2868,-4.042396545410156
5117,-4.967606544494629
5762,-1.1880289316177368
4602,-4.788670539855957
1248,-4.252501010894775
1260,-4.686013221740723
3642,-6.216179370880127
405,-5.157544136047363
3472,-4.353058815002441
2775,-5.145471096038818
318,-5.439818382263184
5154,-6.418045997619629
199,-4.892654895782471
5794,-4.590939521789551
3047,-7.633349418640137
5779,0.31235694885253906
2171,-6.656965732574463
3904,-1.990745186805725
1349,-1.5752657651901245
3360,-6.717504024505615
1000,-6.291879177093506
5562,6.726491451263428
3117,-6.453369617462158
1314,-5.645273208618164
3379,-5.944389820098877
2707,-8.975537300109863
377,-7.594107151031494
4874,-5.904280662536621
4961,-5.6825785636901855
4134,-7.5364251136779785
3858,-5.67896842956543
1679,-4.48585844039917
3152,-2.607518434524536
3100,-3.264559268951416
3494,-5.6059722900390625
863,-6.602531433105469
2687,-7.793140888214111
5834,4.515978813171387
1021,-7.303503513336182
99,-6.888079643249512
3215,-2.009755849838257
2135,-7.018791675567627
564,-5.7068657875061035
2994,-6.568751811981201
5058,-5.250453948974609
5813,-2.9536964893341064
1958,-3.579704761505127
5044,-5.683632850646973
3533,-6.314103603363037
4088,-5.9041571617126465
2074,-3.386543035507202
255,-8.613842010498047
1821,-4.374501705169678
3806,-6.216562271118164
1907,-6.716538906097412
263,-6.526342391967773
1458,-8.698107719421387
2351,-1.2516757249832153
530,-6.684022426605225
121,-7.4267683029174805
2067,-6.34161376953125
2228,-6.9762372970581055
1281,-6.453581809997559
601,-4.199134349822998
5849,4.314503192901611
926,-8.913456916809082
3399,-7.234716892242432
954,-3.9251179695129395
3011,-5.996107578277588
4257,-6.654270172119141
2760,-8.76208782196045
1820,-2.9538280963897705
3493,-5.122437953948975
68,-6.3906474113464355
2277,-3.683357000350952
2158,-4.642703056335449
5675,-4.262911319732666
704,-6.941129684448242
5346,-7.137262344360352
4674,-6.743663311004639
473,-2.5386996269226074
1009,-2.376051425933838
258,-5.615665435791016
1189,-5.016846179962158
2430,-6.8041672706604
2792,-6.044797420501709
2013,-3.1424691677093506
2151,-6.236893177032471
1542,-7.608059406280518
979,-6.839874267578125
859,-3.6657063961029053
2050,-6.362844944000244
5751,-0.08456062525510788
5056,-4.542558193206787
2684,-6.691921234130859
4475,-0.8887476921081543
1450,-3.205108404159546
1800,-5.576240539550781
7,-7.280913352966309
4856,-0.7842483520507812
2832,-7.262465476989746
739,-7.835108280181885
939,-5.334626197814941
