row_id,outer_fold,actual,score,family
3343,0,0,1.7779805024810028e-05,lightgbm
3027,0,0,8.25334140145308e-08,lightgbm
1141,0,0,0.09086852845915713,lightgbm
2349,0,0,9.879539269613638e-10,lightgbm
4883,0,0,1.1130801749483457e-07,lightgbm
5228,0,0,3.2116156652486093e-09,lightgbm
2822,0,0,1.2335491172733897e-08,lightgbm
2690,0,0,3.8353182281155766e-07,lightgbm
1114,0,0,0.00014099290685979038,lightgbm
3198,0,0,1.1791589194672649e-07,lightgbm
2382,0,0,8.137789928506269e-07,lightgbm
4326,0,0,7.373958298388192e-09,lightgbm
212,0,0,3.400562722436302e-08,lightgbm
5821,0,1,0.9999458717987996,lightgbm
354,0,0,4.3385710780820933e-07,lightgbm
1775,0,0,1.8573650248889483e-07,lightgbm
1087,0,0,2.724029603220018e-06,lightgbm
3245,0,0,5.241225924175405e-08,lightgbm
4973,0,0,1.0264947868886929e-07,lightgbm
330,0,0,1.5559937467304969e-06,lightgbm
1371,0,0,1.933569307262674e-08,lightgbm
5344,0,0,4.592130997738994e-08,lightgbm
5729,0,1,0.9999729134589085,lightgbm
1316,0,0,0.19260585349637344,lightgbm
2194,0,0,5.0893560482186096e-05,lightgbm
2635,0,0,0.9982997394357876,lightgbm
4390,0,0,1.4153525131334656e-07,lightgbm
3350,0,0,0.0001408066328730419,lightgbm
3517,0,0,7.323813295180539e-08,lightgbm
3938,0,0,6.891400064132109e-08,lightgbm
1347,0,0,8.707139350218975e-07,lightgbm
62,0,0,4.24801784151649e-08,lightgbm
4519,0,0,8.913409807889064e-08,lightgbm
4275,0,0,5.461970930501923e-08,lightgbm
4108,0,0,7.404994967874869e-07,lightgbm
5781,0,1,0.9486420061871631,lightgbm
5710,0,1,3.2201203098810426e-05,lightgbm
4827,0,0,3.5813935291296857e-07,lightgbm
2122,0,0,7.744560193704481e-06,lightgbm
103,0,0,1.371246182746276e-07,lightgbm
5067,0,0,6.859535500366483e-07,lightgbm
2689,0,0,3.562514159552411e-06,lightgbm
1163,0,0,1.3878200333448428e-06,lightgbm
64,0,0,4.6300536636190455e-07,lightgbm
2821,0,0,1.1405697112782212e-06,lightgbm
1407,0,0,0.003364848555061779,lightgbm
5393,0,0,1.601038699674462e-05,lightgbm
2597,0,0,0.0033874290676033977,lightgbm
413,0,0,2.2112875787738104e-07,lightgbm
5111,0,0,1.0839931291645655e-07,lightgbm
5061,0,0,0.0001851922274713467,lightgbm
4612,0,0,6.518711314107505e-09,lightgbm
5563,0,1,0.004634726445629666,lightgbm
4967,0,0,9.247389625494882e-06,lightgbm
1096,0,0,1.3718502023869647e-07,lightgbm
5021,0,0,2.5615770851432295e-09,lightgbm
3489,0,0,7.940928000326434e-08,lightgbm
5280,0,0,9.371775036023388e-07,lightgbm
5371,0,0,3.376833054086467e-07,lightgbm
2949,0,0,1.0350218384872202e-05,lightgbm
132,0,0,8.269349258863454e-07,lightgbm
3755,0,0,3.3161625249516907e-08,lightgbm
3984,0,0,0.00010732911904595097,lightgbm
4560,0,0,4.2984885157937125e-08,lightgbm
4065,0,0,1.3058718203096154e-08,lightgbm
5659,0,1,0.44260642094214275,lightgbm
572,0,0,8.234446670032976e-08,lightgbm
3256,0,0,1.8929178435976894e-07,lightgbm
5400,0,0,0.00016251628257856298,lightgbm
3830,0,0,6.298589845545746e-08,lightgbm
4024,0,0,3.636894930738098e-08,lightgbm
897,0,0,4.419551071075607e-08,lightgbm
1481,0,0,6.002086152689798e-07,lightgbm
4436,0,0,2.3495115310670804e-07,lightgbm
4510,0,0,1.7119187457042695e-09,lightgbm
3203,0,0,9.365552471050252e-07,lightgbm
3835,0,0,3.1616606918665823e-09,lightgbm
1836,0,0,3.0379524201221496e-08,lightgbm
2501,0,0,4.703174621253592e-07,lightgbm
556,0,0,0.0005982750392938126,lightgbm
3614,0,0,3.196046038621756e-08,lightgbm
2315,0,0,6.369131959359418e-08,lightgbm
3761,0,0,8.513979142516317e-08,lightgbm
3662,0,0,5.568555087449372e-06,lightgbm
5070,0,0,7.906869075764936e-07,lightgbm
4291,0,0,1.9902177079158655e-08,lightgbm
4265,0,0,1.1580189543923524e-07,lightgbm
5325,0,0,1.3309993292137338e-06,lightgbm
3230,0,0,1.3526204617428255e-05,lightgbm
2771,0,0,6.992765541510226e-09,lightgbm
4784,0,0,5.525366413815099e-06,lightgbm
5315,0,0,5.076251296332555e-07,lightgbm
5616,0,1,4.1133031253775765e-07,lightgbm
3969,0,0,1.075573795621403e-07,lightgbm
2827,0,0,9.049163540482887e-09,lightgbm
4905,0,0,3.030825294651412e-07,lightgbm
3184,0,0,1.2789787167855357e-07,lightgbm
2673,0,0,9.687986838385244e-07,lightgbm
3427,0,0,5.0308556752493246e-08,lightgbm
1814,0,0,2.2522927156708977e-09,lightgbm
4049,0,0,2.0469181602663004e-07,lightgbm
2722,0,0,0.0004127357312230065,lightgbm
2245,0,0,0.00016125038760254543,lightgbm
3451,0,0,4.6189925266946277e-07,lightgbm
4609,0,0,1.0591966156240699e-05,lightgbm
836,0,0,1.736555963094925e-07,lightgbm
933,0,0,5.921132425552885e-05,lightgbm
4924,0,0,5.118008878102679e-07,lightgbm
3305,0,0,4.112340503610371e-06,lightgbm
5634,0,1,0.9999661878655609,lightgbm
1717,0,0,5.579454347378581e-07,lightgbm
154,0,0,3.1643223390646796e-07,lightgbm
4344,0,0,5.4982133539677965e-08,lightgbm
2667,0,0,2.658491101748622e-07,lightgbm
5349,0,0,2.673635144312609e-07,lightgbm
3328,0,0,7.740651746139657e-07,lightgbm
5550,0,1,0.9998166710644483,lightgbm
2287,0,0,3.5171206199071935e-09,lightgbm
4314,0,0,6.326439550682216e-08,lightgbm
2077,0,0,4.948899758156828e-08,lightgbm
2405,0,0,4.2401977292023234e-07,lightgbm
695,0,0,3.3560850986676948e-09,lightgbm
4913,0,0,0.00017178749114956065,lightgbm
4437,0,0,5.308671167306455e-07,lightgbm
1876,0,0,0.0018127312073756337,lightgbm
5840,0,1,0.0004366139601558756,lightgbm
824,0,0,8.143515166143963e-07,lightgbm
5410,0,0,4.469969850745427e-06,lightgbm
2298,0,0,2.040537862123694e-08,lightgbm
1228,0,0,0.02382977609417654,lightgbm
391,0,0,7.163697531769221e-09,lightgbm
5165,0,0,1.3262268890808772e-06,lightgbm
3226,0,0,3.346023708551716e-05,lightgbm
2025,0,0,2.849308843168166e-06,lightgbm
2857,0,0,0.0009538114084488228,lightgbm
2540,0,0,2.3089227259508964e-08,lightgbm
4843,0,0,1.1984007519199952e-06,lightgbm
4470,0,0,5.180113235954479e-09,lightgbm
2490,0,0,4.4753621760151344e-07,lightgbm
1988,0,0,0.874479752677975,lightgbm
5426,0,0,6.16650193675608e-05,lightgbm
1176,0,0,5.223725602331628e-06,lightgbm
5243,0,0,1.6035923059093293e-07,lightgbm
1911,0,0,4.694014747483296e-05,lightgbm
628,0,0,7.057764011289434e-08,lightgbm
3136,0,0,3.899424561767386e-08,lightgbm
5230,0,0,2.543259474340754e-05,lightgbm
3579,0,0,3.819960504314525e-06,lightgbm
3738,0,0,3.8938024046879635e-07,lightgbm
1726,0,0,4.827193283565817e-07,lightgbm
2261,0,0,3.44928346563296e-08,lightgbm
305,0,0,2.5372928336143272e-05,lightgbm
1527,0,0,0.00014117214250804932,lightgbm
947,0,0,5.482815456636575e-07,lightgbm
1786,0,0,1.4959956286526704e-08,lightgbm
5272,0,0,6.857514163509452e-06,lightgbm
4023,0,0,2.4510298734576843e-06,lightgbm
1868,0,0,7.448059939007842e-08,lightgbm
1261,0,0,1.118541029599746e-05,lightgbm
4707,0,0,2.2207834007128026e-07,lightgbm
3372,0,0,3.0452283771205925e-07,lightgbm
2648,0,0,1.3834755616615125e-07,lightgbm
3394,0,0,4.034555302724669e-05,lightgbm
648,0,0,1.466984961570125e-07,lightgbm
1015,0,0,1.3150906020004089e-08,lightgbm
436,0,0,3.13347764277946e-08,lightgbm
1172,0,0,1.8859525230595845e-08,lightgbm
1251,0,0,1.3797304007436785e-06,lightgbm
5302,0,0,6.171208966822751e-06,lightgbm
4363,0,0,4.783146845112191e-07,lightgbm
1618,0,0,4.227232906812207e-07,lightgbm
2529,0,0,2.378650578278999e-08,lightgbm
5500,0,1,0.9979206367318026,lightgbm
4673,0,0,2.5819353846489433e-07,lightgbm
716,0,0,8.058171438498429e-06,lightgbm
1879,0,0,0.017280027401742108,lightgbm
1574,0,0,1.2716253310736927e-07,lightgbm
4954,0,0,7.796755646074612e-09,lightgbm
1084,0,0,1.2667396059518081e-08,lightgbm
2441,0,0,3.258654463739426e-07,lightgbm
4947,0,0,1.1482766098430397e-07,lightgbm
2042,0,0,4.8196443529148314e-08,lightgbm
4928,0,0,1.5488638805860076e-08,lightgbm
2922,0,0,1.8689353705578204e-05,lightgbm
1068,0,0,1.9563203343841537e-06,lightgbm
5114,0,0,7.69495903153753e-07,lightgbm
2189,0,0,3.4959402562539004e-06,lightgbm
1493,0,0,2.2540811920154157e-08,lightgbm
2101,0,0,1.0966119904845214e-06,lightgbm
5241,0,0,1.6452828367472126e-06,lightgbm
5343,0,0,1.4047917521121744e-08,lightgbm
48,0,0,1.2175257357613004e-06,lightgbm
964,0,0,3.3551969106004846e-09,lightgbm
4296,0,0,7.050582991920269e-07,lightgbm
705,0,0,4.560741267977515e-05,lightgbm
2595,0,0,1.9286207529946257e-07,lightgbm
776,0,0,8.005664602330962e-06,lightgbm
2443,0,0,8.954008432698876e-06,lightgbm
3380,0,0,3.335339755789519e-07,lightgbm
1992,0,0,1.4623391479149738e-07,lightgbm
2144,0,0,5.004394647563065e-06,lightgbm
226,0,0,1.014437732474678e-07,lightgbm
416,0,0,4.1691796570096334e-08,lightgbm
787,0,0,2.8858757156322164e-06,lightgbm
73,0,0,1.910337197629457e-07,lightgbm
3795,0,0,5.355285254951285e-08,lightgbm
4700,0,0,8.922657146170613e-09,lightgbm
2202,0,0,2.475586258107887e-08,lightgbm
292,0,0,1.681028722573405e-08,lightgbm
5451,0,1,0.03232920074353485,lightgbm
3383,0,0,2.315439055357267e-08,lightgbm
982,0,0,2.3125680097326e-06,lightgbm
5804,0,1,0.0002699635866304845,lightgbm
2851,0,0,6.494332557399197e-09,lightgbm
1793,0,0,7.588315383975415e-08,lightgbm
4421,0,0,2.0076547522587585e-07,lightgbm
1975,0,0,6.540782705723326e-08,lightgbm
2283,0,0,8.448137652342251e-05,lightgbm
923,0,0,8.507520102861247e-07,lightgbm
5144,0,0,1.21077120205547e-09,lightgbm
1367,0,0,3.2126382783666486e-07,lightgbm
3450,0,0,2.228179278858203e-07,lightgbm
4039,0,0,6.6708573547560074e-06,lightgbm
4177,0,0,1.553951553297276e-08,lightgbm
3732,0,0,2.45552436962698e-07,lightgbm
4334,0,0,8.720677855020291e-09,lightgbm
3112,0,0,4.688160557072257e-06,lightgbm
969,0,0,4.6690676271835175e-07,lightgbm
3224,0,0,1.0482501159922806e-06,lightgbm
250,0,0,1.4528881315775545e-07,lightgbm
961,0,0,4.835066066685991e-08,lightgbm
184,0,0,4.176654364020738e-07,lightgbm
822,0,0,0.018487591938380097,lightgbm
5446,0,1,0.9999592984025911,lightgbm
4642,0,0,6.505963363389522e-07,lightgbm
2692,0,0,1.411183906171834e-07,lightgbm
2216,0,0,0.49478587156612447,lightgbm
1605,0,0,2.0723836126331533e-05,lightgbm
2829,0,0,2.161073918080386e-07,lightgbm
4960,0,0,2.939950251026625e-06,lightgbm
5530,0,1,0.9059110347197588,lightgbm
893,0,0,1.120776942767839e-06,lightgbm
3457,0,0,4.908017575677046e-08,lightgbm
758,0,0,3.947119238180827e-06,lightgbm
3393,0,0,0.00010719824350897168,lightgbm
2429,0,0,0.7412169787207479,lightgbm
1635,0,0,2.0270851146687143e-08,lightgbm
5736,0,1,0.002567483156349663,lightgbm
4233,0,0,3.790291136607829e-06,lightgbm
5456,0,1,0.0005813230351989097,lightgbm
1671,0,0,7.536920814637785e-07,lightgbm
5358,0,0,4.7696451627716345e-06,lightgbm
684,0,0,2.0914759214954167e-08,lightgbm
4544,0,0,3.7196209434299617e-06,lightgbm
1284,0,0,7.883782193452091e-07,lightgbm
699,0,0,3.12356683940445e-08,lightgbm
33,0,0,1.0812322032762328e-05,lightgbm
363,0,0,5.1273708291973785e-08,lightgbm
2683,0,0,1.870792657323531e-07,lightgbm
3831,0,0,1.387468410472673e-06,lightgbm
2095,0,0,3.161027046761571e-07,lightgbm
235,0,0,3.657407587720973e-08,lightgbm
1491,0,0,1.7102671024900372e-05,lightgbm
4936,0,0,0.000102359463012237,lightgbm
3483,0,0,1.4999263237906838e-06,lightgbm
2419,0,0,2.4852297441502072e-08,lightgbm
1885,0,0,5.4323064471784365e-08,lightgbm
805,0,0,5.529350858614472e-08,lightgbm
370,0,0,1.6674118673360732e-08,lightgbm
5582,0,1,0.979021028357301,lightgbm
881,0,0,8.061906245819152e-08,lightgbm
5494,0,1,2.0116702930284406e-08,lightgbm
3546,0,0,3.995274100641578e-08,lightgbm
4480,0,0,4.388957063837474e-05,lightgbm
2093,0,0,4.089212031399082e-08,lightgbm
41,0,0,4.997278171366588e-06,lightgbm
3311,0,0,1.1979240283555503e-06,lightgbm
868,0,0,2.1388553915012474e-07,lightgbm
5150,0,0,2.782583436899876e-07,lightgbm
3743,0,0,1.1864692015787073e-07,lightgbm
474,0,0,0.0010135102027875255,lightgbm
1240,0,0,1.6476040871690383e-07,lightgbm
2110,0,0,1.256735983328355e-07,lightgbm
751,0,0,2.6143099778957063e-05,lightgbm
3086,0,0,2.9587275675146544e-08,lightgbm
5639,0,1,1.2976374849770008e-05,lightgbm
2936,0,0,2.508750555131036e-07,lightgbm
373,0,0,8.893657382956077e-08,lightgbm
1528,0,0,1.3060611593987995e-06,lightgbm
2130,0,0,5.258742077197306e-07,lightgbm
4998,0,0,8.901242422436963e-06,lightgbm
2272,0,0,1.2240112901340168e-06,lightgbm
2542,0,0,5.17453697318535e-08,lightgbm
3956,0,0,1.253282470958261e-07,lightgbm
411,0,0,4.460601841518966e-07,lightgbm
3995,0,0,2.304019131961198e-07,lightgbm
2440,0,0,2.9326473337919148e-08,lightgbm
5447,0,1,1.4570149418884906e-06,lightgbm
1092,0,0,3.198715993839786e-08,lightgbm
1540,0,0,3.272419860933755e-07,lightgbm
4174,0,0,5.584708782738036e-07,lightgbm
2225,0,0,1.0492575726754888e-06,lightgbm
878,0,0,9.211895042321897e-06,lightgbm
2864,0,0,0.0012718043606107913,lightgbm
4989,0,0,1.6518856754224108e-05,lightgbm
5838,0,1,0.9334020072285962,lightgbm
3543,0,0,1.0688094228818178e-08,lightgbm
4315,0,0,5.540455778460318e-06,lightgbm
4280,0,0,3.6234382384337683e-07,lightgbm
4364,0,0,4.451806955988375e-06,lightgbm
2655,0,0,1.1177880798289227e-05,lightgbm
4902,0,0,2.2788770732343935e-09,lightgbm
4345,0,0,1.2101317461200875e-06,lightgbm
3122,0,0,4.564215094050048e-05,lightgbm
4029,0,0,8.990489641633524e-09,lightgbm
3589,0,0,1.0577032825944644e-07,lightgbm
5208,0,0,1.849810886388112e-07,lightgbm
1151,0,0,0.0020928284585941255,lightgbm
5734,0,1,0.5243130899517547,lightgbm
5606,0,1,0.9999765953024553,lightgbm
2091,0,0,1.2881274993500102e-09,lightgbm
688,0,0,7.703885749534836e-07,lightgbm
773,0,0,2.7630053272809303e-07,lightgbm
84,0,0,6.452933102351109e-07,lightgbm
2968,0,0,3.4019045275722012e-06,lightgbm
2426,0,0,3.614923570555588e-08,lightgbm
1111,0,0,3.6212108848972846e-08,lightgbm
3081,0,0,2.9349594352496353e-09,lightgbm
2027,0,0,5.8277689803525514e-09,lightgbm
4204,0,0,2.14685293703108e-07,lightgbm
4917,0,0,5.823004350431206e-08,lightgbm
4904,0,0,6.091252231259086e-07,lightgbm
2482,0,0,5.190503457177647e-08,lightgbm
4745,0,0,7.321638415594811e-06,lightgbm
2806,0,0,0.00020806802711416795,lightgbm
5303,0,0,1.036675534502512e-06,lightgbm
2309,0,0,4.564349772093968e-06,lightgbm
5547,0,1,0.9999734528457601,lightgbm
3104,0,0,0.010144655632549933,lightgbm
2608,0,0,2.430188768734858e-07,lightgbm
2834,0,0,2.2981680323636114e-09,lightgbm
3462,0,0,5.640748990988704e-08,lightgbm
886,0,0,1.189374447010247e-07,lightgbm
1404,0,0,2.6345162129981872e-08,lightgbm
903,0,0,5.79439400898105e-08,lightgbm
509,0,0,2.5115339167771465e-07,lightgbm
4981,0,0,9.806253874004815e-09,lightgbm
3935,0,0,2.594943993099483e-08,lightgbm
1071,0,0,1.8566603385609194e-08,lightgbm
206,0,0,8.051793912597369e-08,lightgbm
1972,0,0,2.737075020577058e-06,lightgbm
639,0,0,5.513311260542984e-09,lightgbm
5301,0,0,1.5254875963108774e-07,lightgbm
4735,0,0,3.132962921309203e-07,lightgbm
3233,0,0,8.694831396354131e-06,lightgbm
1406,0,0,8.924374331589096e-07,lightgbm
3893,0,0,7.142821923518601e-08,lightgbm
2870,0,0,0.0008915341864705331,lightgbm
3289,0,0,0.0004888785226158531,lightgbm
4586,0,0,1.6856231555692371e-07,lightgbm
197,0,0,5.285530208270154e-06,lightgbm
5498,0,1,0.999621873081055,lightgbm
985,0,0,2.4070834458679046e-08,lightgbm
3651,0,0,6.587629903393839e-06,lightgbm
1090,0,0,5.843690972467689e-07,lightgbm
419,0,0,3.033643109182539e-07,lightgbm
2258,0,0,1.249311196262525e-06,lightgbm
850,0,0,3.6374652424350015e-08,lightgbm
1116,0,0,1.6173663816500816e-06,lightgbm
2865,0,0,6.661780538027564e-07,lightgbm
1150,0,0,1.4597074910700651e-05,lightgbm
1003,0,0,2.5888120102228967e-05,lightgbm
5593,0,1,0.9658359173481835,lightgbm
2247,0,0,1.6391701784095262e-08,lightgbm
4498,0,0,4.449438404428622e-05,lightgbm
4860,0,0,4.658700658528316e-08,lightgbm
1305,0,0,1.4053496694317276e-06,lightgbm
5024,0,0,0.29884722786241824,lightgbm
1457,0,0,8.626090299014656e-08,lightgbm
2174,0,0,0.000554995328824576,lightgbm
3745,0,0,0.07859142133188347,lightgbm
1921,0,0,6.952315646853463e-09,lightgbm
2709,0,0,2.2087221810377116e-07,lightgbm
1201,0,0,7.1458229362187216e-09,lightgbm
2364,0,0,1.4561401234112003e-08,lightgbm
1133,0,0,1.360836219522601e-06,lightgbm
2413,0,0,0.05915859153506812,lightgbm
4343,0,0,1.7747006071188036e-07,lightgbm
3843,0,0,7.144673253565188e-05,lightgbm
4768,0,0,1.0011869850385099e-06,lightgbm
4403,0,0,2.2168702381835863e-07,lightgbm
2903,0,0,2.593909634126002e-08,lightgbm
843,0,0,1.559069631640364e-08,lightgbm
3148,0,0,0.0006574159555717983,lightgbm
4116,0,0,4.735670868686889e-09,lightgbm
4840,0,0,0.17971594801791851,lightgbm
3291,0,0,6.297670855047875e-08,lightgbm
2947,0,0,0.24780359441873753,lightgbm
2336,0,0,7.222893713106017e-05,lightgbm
3463,0,0,9.794168522799441e-05,lightgbm
4582,0,0,1.984247958051432e-06,lightgbm
845,0,0,7.881548227629342e-09,lightgbm
2676,0,0,2.393406828469998e-08,lightgbm
3270,0,0,8.753694805678049e-08,lightgbm
3365,0,0,4.4981538554993606e-07,lightgbm
312,0,0,1.0870802295570452e-07,lightgbm
991,0,0,2.3353502712910285e-07,lightgbm
5026,0,0,2.3004521809788064e-08,lightgbm
2398,0,0,6.9914753071529365e-09,lightgbm
5028,0,0,7.046454862537085e-08,lightgbm
1415,0,0,1.4332482374293485e-09,lightgbm
3023,0,0,1.4725774005719565e-06,lightgbm
3012,0,0,8.685402431044565e-09,lightgbm
4624,0,0,3.7772822432655104e-05,lightgbm
919,0,0,7.44605424414331e-08,lightgbm
1708,0,0,4.0093615164348805e-08,lightgbm
4164,0,0,7.959165345882744e-08,lightgbm
600,0,0,3.2593667055729775e-06,lightgbm
4011,0,0,3.8559363387377157e-05,lightgbm
1438,0,0,1.4580295391877207e-07,lightgbm
1291,0,0,1.2782298895321729e-08,lightgbm
4128,0,0,1.2342003504737747e-06,lightgbm
2674,0,0,1.179028922976306e-06,lightgbm
3244,0,0,0.0006801754718913729,lightgbm
1335,0,0,3.457812414542499e-07,lightgbm
1074,0,0,9.884478559791978e-07,lightgbm
5778,0,1,0.06867101388187376,lightgbm
2389,0,0,9.107851019849797e-09,lightgbm
4303,0,0,0.7763653191868196,lightgbm
2769,0,0,0.009709555184804824,lightgbm
4887,0,0,2.3949690654240063e-06,lightgbm
5224,0,0,3.2341622605569633e-06,lightgbm
1041,0,0,6.197726920188735e-08,lightgbm
204,0,0,3.774308710317496e-07,lightgbm
1917,0,0,4.422520067354161e-06,lightgbm
3606,0,0,7.91221242982763e-05,lightgbm
4422,0,0,1.6259966188703888e-06,lightgbm
3303,0,0,6.113825676539532e-08,lightgbm
5261,0,0,3.4773365391471053e-06,lightgbm
1613,0,0,2.460618132368311e-07,lightgbm
4434,0,0,4.573152872544623e-08,lightgbm
1960,0,0,4.2550732582441084e-05,lightgbm
5437,0,0,1.6504546010342076e-05,lightgbm
1386,0,0,3.998656391011165e-08,lightgbm
924,0,0,0.001484280474614481,lightgbm
2109,0,0,3.7273750791146773e-06,lightgbm
1168,0,0,2.0904718764541626e-07,lightgbm
1818,0,0,1.4985100802381612e-07,lightgbm
3679,0,0,1.0029634023087152e-07,lightgbm
5689,0,1,0.9999513441354918,lightgbm
307,0,0,7.604551543800731e-08,lightgbm
4107,0,0,0.0004772919558913801,lightgbm
2812,0,0,0.0016033275996205055,lightgbm
2953,0,0,2.9474767397703524e-07,lightgbm
3689,0,0,3.3341920295565383e-06,lightgbm
3857,0,0,5.7523652977940454e-05,lightgbm
3510,0,0,6.41812684855816e-06,lightgbm
2772,0,0,6.589592434913168e-08,lightgbm
2168,0,0,1.1911324658158797e-07,lightgbm
5525,0,1,2.5834112731659886e-06,lightgbm
3958,0,0,6.0723669776239935e-06,lightgbm
741,0,0,0.020937265528330966,lightgbm
5090,0,0,0.08702154555035915,lightgbm
5220,0,0,2.0383015948183193e-07,lightgbm
5370,0,0,2.1390766533439295e-07,lightgbm
3721,0,0,8.96731014175525e-08,lightgbm
314,0,0,8.436893014241266e-09,lightgbm
3275,0,0,1.5411831639126917e-07,lightgbm
3532,0,0,4.143858855244717e-08,lightgbm
1100,0,0,7.982189924468343e-09,lightgbm
3595,0,0,1.5056519402303915e-07,lightgbm
677,0,0,7.499157967434752e-08,lightgbm
2005,0,0,4.985019523339455e-05,lightgbm
2396,0,0,7.650778371707825e-09,lightgbm
2207,0,0,1.3845713268777223e-07,lightgbm
5066,0,0,1.323287774743389e-07,lightgbm
3111,0,0,7.374691642985115e-08,lightgbm
83,0,0,0.0007223921097165618,lightgbm
5363,0,0,1.924133590043402e-05,lightgbm
4781,0,0,1.69604752792576e-07,lightgbm
2377,0,0,1.3490764553030418e-07,lightgbm
1194,0,0,1.0602585450194347e-06,lightgbm
5791,0,1,0.9860130112465212,lightgbm
3638,0,0,1.242915848985698e-07,lightgbm
5115,0,0,2.585840909744482e-06,lightgbm
5650,0,1,0.9999999460948394,lightgbm
5725,0,1,0.9994434167734936,lightgbm
353,0,0,2.5332224356451667e-08,lightgbm
4392,0,0,1.5819768613285087e-06,lightgbm
1727,0,0,6.020226640866981e-08,lightgbm
1167,0,0,2.0085836381622215e-07,lightgbm
1298,0,0,4.043177312269275e-08,lightgbm
798,0,0,3.1046471747247643e-09,lightgbm
4104,0,0,7.377469151516548e-06,lightgbm
949,0,0,5.648983617112282e-08,lightgbm
580,0,0,1.2614641264463944e-07,lightgbm
332,0,0,0.00528815647184365,lightgbm
3004,0,0,1.1682419562281073e-06,lightgbm
2178,0,0,1.9438557180965803e-07,lightgbm
1031,0,0,4.8580394096978253e-08,lightgbm
4579,0,0,0.00018763709241088894,lightgbm
4254,0,0,1.6963736952025812e-06,lightgbm
210,0,0,3.868216435641028e-09,lightgbm
1128,0,0,8.123721138029274e-08,lightgbm
2481,0,0,1.826455689841378e-08,lightgbm
5119,0,0,2.400230926098611e-08,lightgbm
1107,0,0,6.00912363556236e-07,lightgbm
2193,0,0,4.4007543662381816e-06,lightgbm
680,0,0,0.002332784185281406,lightgbm
3574,0,0,7.76831583979504e-08,lightgbm
2873,0,0,2.0041114102408026e-07,lightgbm
3616,0,0,7.649576284508835e-07,lightgbm
993,0,0,8.787277581918532e-08,lightgbm
589,0,0,5.188869544480973e-09,lightgbm
3739,0,0,6.587775668971521e-06,lightgbm
1640,0,0,1.4597444634299822e-07,lightgbm
193,0,0,8.214070734472797e-08,lightgbm
4919,0,0,7.15053472522075e-05,lightgbm
733,0,0,3.6977999629750365e-07,lightgbm
1935,0,0,1.8185993473660823e-05,lightgbm
5462,0,1,2.299800764301225e-09,lightgbm
5226,0,0,6.477160941011024e-08,lightgbm
2842,0,0,7.846678972561564e-07,lightgbm
1561,0,0,1.951076549770156e-08,lightgbm
5077,0,0,4.303578020542159e-09,lightgbm
1856,0,0,4.515054082066164e-06,lightgbm
829,0,0,2.44280867096168e-06,lightgbm
5560,0,1,0.9995088344651035,lightgbm
93,0,0,1.840228610306278e-05,lightgbm
2375,0,0,0.0002629173665399268,lightgbm
2453,0,0,1.0800987500390226e-06,lightgbm
4689,0,0,1.2121700263063512e-06,lightgbm
4135,0,0,1.4598162632621559e-06,lightgbm
5818,0,1,0.0656053375937277,lightgbm
4491,0,0,4.1377247624591266e-08,lightgbm
3792,0,0,0.0017617344611353231,lightgbm
5816,0,1,6.282920962714792e-05,lightgbm
1138,0,0,2.0150251858311298e-05,lightgbm
2514,0,0,0.0003166623690391266,lightgbm
4850,0,0,1.671495448708251e-07,lightgbm
1057,0,0,0.00014752464648848414,lightgbm
549,0,0,9.583327088955609e-09,lightgbm
141,0,0,1.8309706799762693e-09,lightgbm
3171,0,0,1.9302905833726058e-06,lightgbm
574,0,0,1.0177728984040122e-08,lightgbm
3954,0,0,0.00011676769279444096,lightgbm
4823,0,0,0.8411547270725174,lightgbm
5186,0,0,0.030242301772068443,lightgbm
3445,0,0,2.78954987151504e-08,lightgbm
2502,0,0,1.0321852883420433e-09,lightgbm
1456,0,0,1.2805463310052656e-05,lightgbm
2551,0,0,9.394944490548051e-08,lightgbm
2741,0,0,1.676247468320182e-07,lightgbm
1308,0,0,9.526419708649079e-07,lightgbm
3430,0,0,1.9101432736343395e-06,lightgbm
3590,0,0,0.0010287428527461554,lightgbm
5397,0,0,4.928419544374638e-08,lightgbm
328,0,0,3.2204615062408124e-07,lightgbm
1933,0,0,5.750477677122905e-05,lightgbm
2663,0,0,8.872821748860233e-06,lightgbm
782,0,0,1.7090914154977575e-08,lightgbm
5690,0,1,0.9998353674598084,lightgbm
4077,0,0,0.002379588620237386,lightgbm
5155,0,0,6.509298759301142e-06,lightgbm
1299,0,0,0.07621185858574436,lightgbm
3458,0,0,1.0980916081491258e-05,lightgbm
5584,0,1,0.9876180894508814,lightgbm
1890,0,0,2.468315318641788e-06,lightgbm
5179,0,0,3.762244615128875e-05,lightgbm
4799,0,0,2.9579824735661498e-06,lightgbm
597,0,0,3.8201431773343365e-08,lightgbm
5417,0,0,7.922808289338896e-06,lightgbm
3753,0,0,1.6356680652385182e-07,lightgbm
1093,0,0,1.3904163998912473e-07,lightgbm
4738,0,0,3.7877352610548856e-07,lightgbm
4837,0,0,0.011413219887388519,lightgbm
5625,0,1,0.999855164511346,lightgbm
2742,0,0,2.1548911244748834e-06,lightgbm
4428,0,0,2.4094533477937647e-07,lightgbm
5480,0,1,0.0002830567504057272,lightgbm
469,0,0,8.703762849168681e-08,lightgbm
3788,0,0,0.020079047525679516,lightgbm
487,0,0,5.8414094057763345e-08,lightgbm
617,0,0,2.831224281959252e-07,lightgbm
5132,0,0,1.6316057490501474e-07,lightgbm
726,0,0,1.532139902757887e-07,lightgbm
3641,0,0,1.090952586498389e-05,lightgbm
4639,0,0,3.2820328523417564e-07,lightgbm
2780,0,0,3.707999221848066e-06,lightgbm
4161,0,0,3.5325707935500005e-07,lightgbm
3358,0,0,1.0798393597561288e-07,lightgbm
3856,0,0,4.7039441446056365e-08,lightgbm
4815,0,0,6.352004411590916e-05,lightgbm
635,0,0,8.16452864196785e-08,lightgbm
232,0,0,1.5390185448798522e-06,lightgbm
2630,0,0,3.914663704556351e-06,lightgbm
2976,0,0,1.2419248621203789e-08,lightgbm
313,0,0,2.2397802155853598e-05,lightgbm
861,0,0,3.70631419585687e-06,lightgbm
780,0,0,0.00016838461918116003,lightgbm
1638,0,0,5.242178863955017e-07,lightgbm
227,0,0,6.419522188836024e-08,lightgbm
1241,0,0,1.2678444483009295e-07,lightgbm
874,0,0,4.509121428017087e-07,lightgbm
2624,0,0,2.001092149755072e-06,lightgbm
526,0,0,1.9222533664395867e-07,lightgbm
417,0,0,0.0013307436675915963,lightgbm
3106,0,0,1.6203374656818732e-08,lightgbm
5380,0,0,2.1190813372736845e-06,lightgbm
5258,0,0,5.416876319921893e-08,lightgbm
2816,0,0,2.6999401804918814e-08,lightgbm
2558,0,0,7.375295820763171e-08,lightgbm
2128,0,0,5.807790147641672e-05,lightgbm
5830,0,1,5.843581649931195e-07,lightgbm
5633,0,1,2.649471932943908e-05,lightgbm
4565,0,0,1.3711889686171705e-07,lightgbm
2276,0,0,2.1137149562442527e-08,lightgbm
270,0,0,9.63512854629845e-06,lightgbm
1046,0,0,7.262982068506063e-06,lightgbm
1076,0,0,3.1050351172966357e-09,lightgbm
2187,0,0,8.338363972034966e-07,lightgbm
5183,0,0,1.8715574950007113e-07,lightgbm
883,0,0,6.506206364936687e-07,lightgbm
1200,0,0,9.568694074541292e-08,lightgbm
5749,0,1,0.9995523097451584,lightgbm
5305,0,0,9.086653997703554e-07,lightgbm
2045,0,0,3.6757820997147376e-05,lightgbm
3161,0,0,4.063019250423803e-08,lightgbm
3964,0,0,1.0136699903711475e-06,lightgbm
1214,0,0,6.111230659537851e-05,lightgbm
52,0,0,6.392916253394824e-09,lightgbm
1131,0,0,2.3539834821231723e-08,lightgbm
5412,0,0,4.637085135621243e-09,lightgbm
988,0,0,4.939618118742794e-08,lightgbm
4300,0,0,5.442853263600215e-08,lightgbm
4937,0,0,8.415561679855364e-08,lightgbm
5050,0,0,0.00016581230555373804,lightgbm
3044,0,0,2.0180742975261477e-06,lightgbm
5112,0,0,4.814210368169347e-09,lightgbm
3061,0,0,5.651831053168383e-08,lightgbm
5317,0,0,9.16057637483994e-08,lightgbm
4225,0,0,9.092297229553886e-07,lightgbm
4749,0,0,1.2827172806282543e-06,lightgbm
857,0,0,0.0011992849724738097,lightgbm
4468,0,0,6.52732525033276e-08,lightgbm
3158,0,0,1.818288809796436e-06,lightgbm
3057,0,0,3.7029663795739004e-08,lightgbm
113,0,0,3.5062482605953385e-09,lightgbm
1420,0,0,8.965781665369126e-09,lightgbm
2359,0,0,4.823520519605746e-08,lightgbm
4907,0,0,0.00014680629906120782,lightgbm
890,0,0,0.5362243065534535,lightgbm
4202,0,0,1.6433153926874004e-07,lightgbm
106,0,0,1.6633708957494282e-07,lightgbm
136,0,0,2.393954232406882e-08,lightgbm
3643,0,0,6.937754015729746e-08,lightgbm
2355,0,0,0.0005353036880836452,lightgbm
5571,0,1,6.640241427495092e-05,lightgbm
683,0,0,3.3832970786795805e-06,lightgbm
5060,0,0,1.183501436513167e-07,lightgbm
2489,0,0,1.552881890417147e-07,lightgbm
4262,0,0,3.054936742989314e-07,lightgbm
5694,0,1,3.2681831222030615e-07,lightgbm
3952,0,0,2.5794731925471564e-08,lightgbm
24,0,0,1.314463945534608e-06,lightgbm
3402,0,0,9.594028043361006e-07,lightgbm
636,0,0,1.6129591369702002e-07,lightgbm
3329,0,0,8.923236006261813e-06,lightgbm
5257,0,0,1.5159426261225214e-06,lightgbm
4063,0,0,2.2835565848059444e-07,lightgbm
3839,0,0,9.780051495328108e-08,lightgbm
1517,0,0,2.6685997184319416e-08,lightgbm
468,0,0,1.3088584001430543e-08,lightgbm
4864,0,0,1.4899575089669875e-05,lightgbm
1304,0,0,7.561811087049015e-07,lightgbm
2477,0,0,9.916564869144844e-08,lightgbm
1346,0,0,4.7267380084769076e-08,lightgbm
445,0,0,4.869486903716248e-09,lightgbm
2530,0,0,1.258193454970571e-06,lightgbm
2735,0,0,1.755733598440197e-08,lightgbm
3741,0,0,7.697799761552356e-06,lightgbm
2532,0,0,5.226522269202036e-07,lightgbm
4678,0,0,1.1624537894351652e-06,lightgbm
2106,0,0,6.787905892653206e-07,lightgbm
4751,0,0,9.673421461302913e-07,lightgbm
624,0,0,6.713014831987376e-08,lightgbm
3684,0,0,1.4748030622014792e-08,lightgbm
664,0,0,1.1658362615497681e-08,lightgbm
2099,0,0,0.0011836524013670727,lightgbm
1376,0,0,4.840929975541516e-07,lightgbm
3620,0,0,3.222803762429281e-05,lightgbm
5444,0,1,7.823647655631894e-05,lightgbm
1630,0,0,1.3194308836377284e-07,lightgbm
4595,0,0,6.204105930613897e-09,lightgbm
832,0,0,3.628451510761877e-06,lightgbm
1156,0,0,5.843356041594155e-07,lightgbm
4881,0,0,1.8250068980247932e-06,lightgbm
5402,0,0,1.2106287708565076e-07,lightgbm
1712,0,0,3.7776369497444383e-06,lightgbm
3803,0,0,2.90057233372827e-06,lightgbm
696,0,0,3.7024258970372e-07,lightgbm
3782,0,0,4.897666292391675e-07,lightgbm
4125,0,0,5.711379789635013e-07,lightgbm
247,0,0,8.137657772354232e-08,lightgbm
1056,0,0,1.710739102810131e-07,lightgbm
2606,0,0,1.1764570489170656e-06,lightgbm
381,0,0,7.115205193196108e-07,lightgbm
1029,0,0,2.4085275947149215e-07,lightgbm
1062,0,0,8.415897340805687e-07,lightgbm
5581,0,1,0.7995942254925442,lightgbm
1705,0,0,3.0979938594408906e-09,lightgbm
2596,0,0,3.892046405849264e-05,lightgbm
3832,0,0,1.402516106007639e-07,lightgbm
4641,0,0,7.5169143693185e-09,lightgbm
3627,0,0,1.8712248451935217e-05,lightgbm
5268,0,0,1.1485591099980436e-06,lightgbm
3898,0,0,3.815553354046028e-07,lightgbm
675,0,0,0.0017676127784080396,lightgbm
4412,0,0,1.924989482510278e-08,lightgbm
1781,0,0,2.925552233584577e-08,lightgbm
1792,0,0,1.1850129031542219e-05,lightgbm
3342,0,0,9.072486737018001e-08,lightgbm
870,0,0,2.4318844050738478e-06,lightgbm
3866,0,0,7.954229537365885e-08,lightgbm
1864,0,0,2.652488196078912e-08,lightgbm
2410,0,0,7.187585080408858e-07,lightgbm
191,0,0,5.1382061290623264e-08,lightgbm
1626,0,0,0.00015215537510079662,lightgbm
269,0,0,6.117432812288649e-07,lightgbm
47,0,0,1.2413049301828394e-08,lightgbm
3228,0,0,3.681342870630923e-08,lightgbm
4431,0,0,6.5557575808562784e-09,lightgbm
4091,0,0,2.151416168924301e-06,lightgbm
1974,0,0,1.9899534712676064e-06,lightgbm
4207,0,0,3.2565742291655094e-07,lightgbm
3281,0,0,9.48266457356037e-07,lightgbm
302,0,0,8.494505732383114e-07,lightgbm
4444,0,0,8.20397960405378e-07,lightgbm
5724,0,1,0.999978145193116,lightgbm
351,0,0,2.0993552565379824e-09,lightgbm
4042,0,0,8.329512223614078e-08,lightgbm
3868,0,0,6.7832245275014854e-09,lightgbm
1401,0,0,2.34063004534597e-08,lightgbm
4855,0,0,1.9222302680995278e-07,lightgbm
669,0,0,9.296504949894717e-07,lightgbm
5776,0,1,0.9925698812044533,lightgbm
1744,0,0,3.280783228547553e-07,lightgbm
1472,0,0,4.325704233816367e-09,lightgbm
5394,0,0,1.6710424899034162e-07,lightgbm
3693,0,0,8.119397108404324e-08,lightgbm
1033,0,0,3.183198268242059e-06,lightgbm
581,0,0,1.514396430364196e-07,lightgbm
1971,0,0,7.850765483468559e-09,lightgbm
1844,0,0,1.8551724805587884e-06,lightgbm
3301,0,0,9.548819364029307e-06,lightgbm
3560,0,0,1.7045569693795462e-09,lightgbm
5336,0,0,1.5743166654766234e-06,lightgbm
1075,0,0,9.236076614074726e-08,lightgbm
1993,0,0,0.0003775645271900214,lightgbm
123,0,0,9.872095803240742e-07,lightgbm
2823,0,0,0.0002681923747100671,lightgbm
1318,0,0,8.3586354740179e-09,lightgbm
1307,0,0,7.667120943455097e-08,lightgbm
1475,0,0,4.698376183104844e-06,lightgbm
2170,0,0,0.028748068208309448,lightgbm
4652,0,0,4.6075334309924705e-08,lightgbm
3631,0,0,7.060318199401427e-07,lightgbm
790,0,0,1.5760088083225992e-07,lightgbm
1867,0,0,1.7871365417078465e-06,lightgbm
3041,0,0,0.04162050374586626,lightgbm
1910,0,0,8.00863601561516e-09,lightgbm
1217,0,0,5.7587915458345595e-06,lightgbm
291,0,0,3.443431594232479e-08,lightgbm
4244,0,0,8.81280792631093e-07,lightgbm
5750,0,1,0.9974943373233779,lightgbm
2843,0,0,7.916532852866454e-08,lightgbm
4119,0,0,2.2744423643671456e-07,lightgbm
4676,0,0,4.951911895026853e-08,lightgbm
5350,0,0,5.595842963931562e-06,lightgbm
5716,0,1,0.9996760529419029,lightgbm
2573,0,0,2.577584508184829e-08,lightgbm
2793,0,0,1.0397901288038857e-07,lightgbm
1089,0,0,7.403251378303378e-07,lightgbm
3862,0,0,1.0408782672532153e-06,lightgbm
2547,0,0,5.592792857774593e-07,lightgbm
2400,0,0,6.4712699442775935e-06,lightgbm
2088,0,0,4.592993740329829e-06,lightgbm
4405,0,0,2.339888140569112e-07,lightgbm
3917,0,0,1.579970748056911e-08,lightgbm
387,0,0,1.014630185543815e-08,lightgbm
238,0,0,1.1644189015174322e-07,lightgbm
3726,0,0,1.4757202126016675e-05,lightgbm
2978,0,0,3.719143985296349e-07,lightgbm
1684,0,0,0.5633780829179108,lightgbm
4978,0,0,3.038344186706219e-08,lightgbm
4667,0,0,3.54950145724731e-07,lightgbm
3495,0,0,4.9761712410308557e-08,lightgbm
528,0,0,1.4910339027037598e-06,lightgbm
274,0,0,0.0003121313247701032,lightgbm
179,0,0,3.419293044587569e-08,lightgbm
2518,0,0,9.245625300331084e-08,lightgbm
1839,0,0,1.472473596311067e-06,lightgbm
3965,0,0,1.1450979621160408e-07,lightgbm
736,0,0,9.505260591529642e-10,lightgbm
3196,0,0,3.413940841457069e-05,lightgbm
3368,0,0,0.9997524503815289,lightgbm
667,0,0,1.7076904704547812e-06,lightgbm
968,0,0,4.151751412433197e-06,lightgbm
2622,0,0,9.810967955682142e-07,lightgbm
1470,0,0,8.240118422412741e-07,lightgbm
3668,0,0,4.561438610922994e-05,lightgbm
1132,0,0,1.8062006341792943e-08,lightgbm
5538,0,1,0.9965998645436535,lightgbm
58,0,0,1.5150405644649756e-06,lightgbm
2952,0,0,3.8216767240899824e-07,lightgbm
4987,0,0,0.010435165385160174,lightgbm
198,0,0,2.9425073129514617e-08,lightgbm
2409,0,0,0.019646494398762086,lightgbm
1757,0,0,5.003724476927761e-09,lightgbm
4203,0,0,5.6937621644033586e-05,lightgbm
3434,0,0,9.024627538069149e-05,lightgbm
2391,0,0,6.322430028401923e-09,lightgbm
661,0,0,0.000100828892945519,lightgbm
3484,0,0,7.206335145592619e-07,lightgbm
3286,0,0,1.4453828950446724e-05,lightgbm
4502,0,0,3.8376122934318425e-09,lightgbm
1827,0,0,3.3811517389429085e-07,lightgbm
2010,0,0,6.164259625004719e-07,lightgbm
3704,0,0,1.0665762417284533e-09,lightgbm
5482,0,1,0.4252979702066887,lightgbm
2051,0,0,3.3541120553125036e-08,lightgbm
5065,0,0,1.0555943312481607e-06,lightgbm
1387,0,0,4.2310456835889286e-07,lightgbm
5708,0,1,1.1531727710420036e-06,lightgbm
5159,0,0,2.7156001266488976e-07,lightgbm
2483,0,0,4.5653916488767123e-07,lightgbm
4070,0,0,2.651822811609936e-07,lightgbm
1174,0,0,1.4743364960127218e-08,lightgbm
599,0,0,6.833120704481007e-07,lightgbm
5632,0,1,0.9461427427200134,lightgbm
1930,0,0,6.451390526050365e-08,lightgbm
1866,0,0,3.240220892433897e-06,lightgbm
5088,0,0,3.579916752096233e-07,lightgbm
1807,0,0,1.8351654193781078e-08,lightgbm
155,0,0,2.5239390711966536e-08,lightgbm
2546,0,0,1.730358020338244e-07,lightgbm
2428,0,0,4.012355393869024e-07,lightgbm
879,0,0,8.884518291306758e-08,lightgbm
3554,0,0,5.038160808335404e-07,lightgbm
4636,0,0,8.259647241617182e-08,lightgbm
1187,0,0,2.5061867777365143e-07,lightgbm
5131,0,0,3.839490620697622e-05,lightgbm
2715,0,0,3.614848698142559e-05,lightgbm
1170,0,0,2.6523539321610587e-08,lightgbm
3988,0,0,1.0869897472382108e-07,lightgbm
1808,0,0,4.1297809206091215e-07,lightgbm
1006,0,0,7.510593513196368e-08,lightgbm
2869,0,0,6.882700808302955e-08,lightgbm
3252,0,0,1.0572037509279528e-08,lightgbm
4744,0,0,5.882596054239369e-07,lightgbm
627,0,0,0.000913225286944188,lightgbm
45,0,0,2.3176484013488e-08,lightgbm
414,0,0,3.423493904878337e-07,lightgbm
2544,0,0,1.737544080774821e-08,lightgbm
2493,0,0,9.66993478278149e-07,lightgbm
90,0,0,9.446470033742515e-09,lightgbm
5339,0,0,1.9128753042984034e-07,lightgbm
5841,0,1,0.9993524541532022,lightgbm
1097,0,0,1.84526958633516e-05,lightgbm
5330,0,0,3.9652977874348016e-07,lightgbm
2798,0,0,6.108546227178901e-08,lightgbm
3905,0,0,7.846073434465842e-09,lightgbm
5031,0,0,0.001467646664959761,lightgbm
2196,0,0,1.933450074913514e-06,lightgbm
5844,0,1,0.9999854237516218,lightgbm
5520,0,1,0.9979720288547224,lightgbm
2992,0,0,9.40856444258263e-07,lightgbm
2273,0,0,0.00016543714211749786,lightgbm
3324,0,0,3.250451963779613e-08,lightgbm
797,0,0,6.770273558784441e-09,lightgbm
3271,0,0,4.1486079909710565e-05,lightgbm
4036,0,0,2.9739576104480367e-08,lightgbm
4232,0,0,3.664964845777422e-07,lightgbm
1024,0,0,0.3707381420320804,lightgbm
5188,0,0,2.2617872543981411e-07,lightgbm
5382,0,0,5.60813032444935e-08,lightgbm
4187,0,0,1.220080563583245e-07,lightgbm
5455,0,1,0.9440165395932398,lightgbm
2307,0,0,1.2952332602568626e-06,lightgbm
1937,0,0,3.219634586955974e-06,lightgbm
5559,0,1,0.032856195110004455,lightgbm
4427,0,0,1.924265127721965e-06,lightgbm
1324,0,0,0.0004698862364184366,lightgbm
3036,0,0,1.7855103662626894e-07,lightgbm
1002,0,0,9.484928233834868e-06,lightgbm
339,0,0,9.561172247140939e-08,lightgbm
4688,0,0,9.841297983022708e-06,lightgbm
2557,0,0,2.4608201067976345e-07,lightgbm
1469,0,0,4.96127709819243e-07,lightgbm
5501,0,1,0.9975211860973202,lightgbm
5846,0,1,0.9999972834841955,lightgbm
3774,0,0,4.169858142882459e-06,lightgbm
632,0,0,4.114962382743806e-08,lightgbm
2499,0,0,2.991489540674644e-07,lightgbm
2605,0,0,1.9142062820612492e-05,lightgbm
5367,0,0,1.2138852596384318e-05,lightgbm
2649,0,0,1.1477404794604253e-06,lightgbm
1753,0,0,1.783875782241235e-07,lightgbm
989,0,0,5.03582545160785e-05,lightgbm
1768,0,0,2.928207309622156e-06,lightgbm
3298,0,0,0.0385945812329063,lightgbm
5573,0,1,0.11476330366059904,lightgbm
3654,0,0,1.340268212793645e-07,lightgbm
1388,0,0,4.733935111817808e-08,lightgbm
1670,0,0,0.00104897948180728,lightgbm
2654,0,0,0.00048702395013738945,lightgbm
707,0,0,1.4259852297471985e-08,lightgbm
460,0,0,6.233601152754849e-09,lightgbm
1506,0,0,5.1063056317155284e-08,lightgbm
2044,0,0,2.211672180222799e-07,lightgbm
4602,0,0,4.592863506119683e-06,lightgbm
1248,0,0,4.09385595017368e-08,lightgbm
3642,0,0,3.226987642825266e-08,lightgbm
1000,0,0,4.1769378403618153e-07,lightgbm
1314,0,0,5.7247305483894297e-08,lightgbm
3533,0,0,1.763170294447569e-08,lightgbm
263,0,0,1.1038104864680476e-06,lightgbm
530,0,0,7.526532890148149e-08,lightgbm
5849,0,1,0.999981328042228,lightgbm
3399,0,0,1.4362127562238547e-07,lightgbm
68,0,0,1.2296850278396456e-06,lightgbm
2158,0,0,1.7679928460969304e-06,lightgbm
473,0,0,0.02745446335801845,lightgbm
2792,0,0,1.4059370079442438e-08,lightgbm
1800,0,0,1.3467097615434272e-08,lightgbm
2832,0,0,6.8047030111844745e-09,lightgbm
203,1,0,7.816729093182146e-07,lightgbm
3035,1,0,1.1364865074822857e-07,lightgbm
657,1,0,1.939011360478917e-06,lightgbm
1776,1,0,0.0016179575687758528,lightgbm
5685,1,1,0.9996198539461056,lightgbm
3593,1,0,9.069835012090524e-05,lightgbm
3688,1,0,4.1106878181525747e-07,lightgbm
2938,1,0,2.5614476092082574e-06,lightgbm
676,1,0,4.000453835862862e-05,lightgbm
5661,1,1,0.9999859405932703,lightgbm
3007,1,0,2.0931010948272262e-06,lightgbm
809,1,0,9.18378230469367e-06,lightgbm
4971,1,0,4.4406630079023696e-07,lightgbm
3005,1,0,2.4749900415853236e-05,lightgbm
3667,1,0,9.097221614451104e-07,lightgbm
187,1,0,1.3116946758011762e-06,lightgbm
14,1,0,1.9575787095050057e-07,lightgbm
5003,1,0,8.34692623692231e-05,lightgbm
1859,1,0,8.986551439414124e-05,lightgbm
2702,1,0,1.5943849111105924e-07,lightgbm
2085,1,0,0.001114883013954225,lightgbm
5182,1,0,3.3995110100137814e-06,lightgbm
338,1,0,1.350766756829904e-06,lightgbm
2591,1,0,2.558765367773497e-05,lightgbm
690,1,0,2.365197108702842e-07,lightgbm
3101,1,0,6.058412306462345e-07,lightgbm
3801,1,0,1.2697987986462936e-08,lightgbm
4555,1,0,0.00016689660765048108,lightgbm
2494,1,0,1.0070846136033751e-08,lightgbm
4627,1,0,4.5704277116425846e-08,lightgbm
1497,1,0,1.109061956479726e-06,lightgbm
3663,1,0,9.195415824008451e-08,lightgbm
892,1,0,6.980498709915909e-08,lightgbm
1778,1,0,2.1804140096375047e-07,lightgbm
2388,1,0,2.1674576313976635e-07,lightgbm
1869,1,0,0.001992920963359862,lightgbm
4886,1,0,3.152850787184197e-05,lightgbm
860,1,0,1.974635101330413e-05,lightgbm
2882,1,0,0.0010065456113070202,lightgbm
3132,1,0,1.7918864951684081e-06,lightgbm
1639,1,0,9.888507000816356e-08,lightgbm
3211,1,0,3.487507676093808e-05,lightgbm
4149,1,0,1.0620519296533584e-07,lightgbm
221,1,0,7.364001461252064e-08,lightgbm
1428,1,0,1.964090907002725e-06,lightgbm
2292,1,0,0.011570517278807448,lightgbm
3108,1,0,1.6412404882534772e-07,lightgbm
2528,1,0,6.538147793599649e-08,lightgbm
107,1,0,2.155043629853794e-06,lightgbm
4931,1,0,9.134621168770134e-06,lightgbm
4520,1,0,2.152891956416151e-07,lightgbm
4131,1,0,2.6480023269076462e-05,lightgbm
3490,1,0,2.345633392757171e-06,lightgbm
498,1,0,1.6012335479874998e-07,lightgbm
137,1,0,1.9605292396977363e-08,lightgbm
3524,1,0,5.7217132198752835e-09,lightgbm
289,1,0,4.5431133319371024e-08,lightgbm
4654,1,0,1.7374722683739347e-07,lightgbm
2928,1,0,1.0129107190313583e-06,lightgbm
4780,1,0,3.06111321620586e-07,lightgbm
367,1,0,1.7954251804295847e-08,lightgbm
2267,1,0,0.0023994309085702986,lightgbm
2874,1,0,2.481137622589914e-07,lightgbm
5732,1,1,0.1444764008004821,lightgbm
349,1,0,2.0186594273670944e-07,lightgbm
568,1,0,4.115812750750774e-08,lightgbm
4156,1,0,1.5168859044103062e-07,lightgbm
2657,1,0,6.520590141080182e-05,lightgbm
1787,1,0,1.9606153524278973e-08,lightgbm
3371,1,0,6.189886501333122e-08,lightgbm
4278,1,0,8.433504198320776e-05,lightgbm
3082,1,0,1.1498280439906544e-05,lightgbm
398,1,0,0.00011615405411418464,lightgbm
5612,1,1,2.9923793779402747e-06,lightgbm
3925,1,0,4.784330399605587e-06,lightgbm
4806,1,0,9.052473768212249e-08,lightgbm
3070,1,0,0.00017495846243202837,lightgbm
3934,1,0,7.716480305010154e-06,lightgbm
3814,1,0,0.9840637092169738,lightgbm
5443,1,1,0.7763045148079505,lightgbm
5720,1,1,2.7864930689456494e-05,lightgbm
3502,1,0,2.640061454151473e-06,lightgbm
2322,1,0,3.256463591688046e-08,lightgbm
426,1,0,2.5161268114572458e-08,lightgbm
3338,1,0,2.1423073421694925e-06,lightgbm
5483,1,1,0.01741406204980085,lightgbm
3603,1,0,3.166793495822552e-08,lightgbm
1268,1,0,1.404110259592392e-06,lightgbm
491,1,0,2.038131597328946e-08,lightgbm
1736,1,0,2.5662983614492895e-07,lightgbm
5767,1,1,0.9875816927076007,lightgbm
1211,1,0,6.72807807818259e-06,lightgbm
4969,1,0,8.788116094792373e-07,lightgbm
4596,1,0,4.040388315108709e-08,lightgbm
122,1,0,1.3431399361516175e-06,lightgbm
1518,1,0,3.231558794676359e-07,lightgbm
288,1,0,1.096805502226746e-07,lightgbm
810,1,0,1.5386320471082981e-06,lightgbm
4114,1,0,0.0005876061491454237,lightgbm
685,1,0,1.3254737134213414e-06,lightgbm
4672,1,0,6.540534134332477e-08,lightgbm
3944,1,0,3.118495227974662e-05,lightgbm
5646,1,1,3.434551601952096e-05,lightgbm
4351,1,0,9.426835492622998e-06,lightgbm
160,1,0,3.026246882808641e-07,lightgbm
722,1,0,0.00031374094437553417,lightgbm
2075,1,0,2.0496598584606122e-08,lightgbm
4090,1,0,1.7275237986942588e-05,lightgbm
3899,1,0,1.9893059845871047e-07,lightgbm
3692,1,0,1.4933109124269753e-07,lightgbm
18,1,0,0.00012778724924749688,lightgbm
4718,1,0,1.134190954523552e-06,lightgbm
5502,1,1,0.9999972536637127,lightgbm
3276,1,0,8.915121681018452e-08,lightgbm
3802,1,0,1.921739806389577e-07,lightgbm
5509,1,1,0.14335925647413245,lightgbm
2902,1,0,2.0898939931688063e-06,lightgbm
763,1,0,0.03144816588588157,lightgbm
3971,1,0,1.7589412778492297e-07,lightgbm
2370,1,0,1.288528439221167e-07,lightgbm
5250,1,0,1.6471353494055338e-07,lightgbm
2637,1,0,0.9058426015767469,lightgbm
2115,1,0,2.6881896186079424e-06,lightgbm
2782,1,0,1.0486991678638452e-05,lightgbm
2675,1,0,1.5550479775993588e-07,lightgbm
300,1,0,4.935710873441246e-05,lightgbm
2301,1,0,2.6465248060015862e-05,lightgbm
4720,1,0,1.4876509209221742e-07,lightgbm
1904,1,0,4.845986660351554e-07,lightgbm
938,1,0,3.4570791625379205e-06,lightgbm
4322,1,0,4.4336792074211874e-05,lightgbm
5328,1,0,7.709256550170356e-07,lightgbm
1525,1,0,8.566412404367098e-06,lightgbm
2880,1,0,5.0181062176771367e-08,lightgbm
283,1,0,2.4321703257373847e-07,lightgbm
1443,1,0,2.3553337226991916e-05,lightgbm
1694,1,0,3.826561851796299e-06,lightgbm
2004,1,0,7.350475648392702e-06,lightgbm
1709,1,0,1.2793500046450126e-07,lightgbm
2897,1,0,4.374453155098841e-08,lightgbm
1965,1,0,5.8530516387365605e-08,lightgbm
3278,1,0,2.466810253019868e-05,lightgbm
1390,1,0,4.5518562571061505e-08,lightgbm
1323,1,0,3.918190304178049e-05,lightgbm
1418,1,0,1.743847134639237e-06,lightgbm
464,1,0,1.0562206848769341e-07,lightgbm
5022,1,0,7.914883134693923e-08,lightgbm
2126,1,0,5.18355714650803e-08,lightgbm
719,1,0,2.591663750239721e-07,lightgbm
4235,1,0,4.3678972386266826e-07,lightgbm
3449,1,0,4.1242614801155554e-07,lightgbm
4898,1,0,2.3309684166878904e-07,lightgbm
5759,1,1,0.9994596454741952,lightgbm
3498,1,0,9.624592745116468e-07,lightgbm
2172,1,0,5.611591333908607e-07,lightgbm
1192,1,0,1.3412340765168844e-06,lightgbm
5002,1,0,2.349178231331122e-06,lightgbm
1210,1,0,1.057569394991223e-07,lightgbm
2714,1,0,2.272497529626576e-07,lightgbm
4370,1,0,1.8183031691307596e-07,lightgbm
5059,1,0,1.460779068211458e-06,lightgbm
2632,1,0,2.76530128155327e-05,lightgbm
3933,1,0,1.5022174664272083e-07,lightgbm
5098,1,0,3.310633789846842e-06,lightgbm
5836,1,1,0.9995931378620256,lightgbm
1230,1,0,1.432834508758379e-05,lightgbm
2097,1,0,9.228101237485006e-06,lightgbm
2664,1,0,1.0150754068363667e-06,lightgbm
1732,1,0,2.223042023649524e-07,lightgbm
5549,1,1,1.4667128043650608e-06,lightgbm
2444,1,0,6.973965492320191e-07,lightgbm
966,1,0,3.56099668878844e-08,lightgbm
2142,1,0,9.022901528366182e-07,lightgbm
5389,1,0,1.3438065009775667e-07,lightgbm
4388,1,0,1.0943468397458985e-07,lightgbm
1343,1,0,2.926444303854705e-05,lightgbm
3649,1,0,1.3116206942119092e-07,lightgbm
5162,1,0,5.302212335116638e-06,lightgbm
3912,1,0,1.9767125730639847e-07,lightgbm
2221,1,0,9.754977875100899e-05,lightgbm
4060,1,0,4.8707486491042354e-08,lightgbm
503,1,0,1.856074244780376e-06,lightgbm
2418,1,0,3.573748412323558e-07,lightgbm
4336,1,0,1.536689872019984e-08,lightgbm
4324,1,0,3.3967874055689067e-07,lightgbm
5405,1,0,7.230858868768492e-08,lightgbm
820,1,0,1.4849788999379814e-06,lightgbm
2417,1,0,3.0426433866217846e-08,lightgbm
5185,1,0,0.9995088137833313,lightgbm
3090,1,0,5.7556145149711954e-08,lightgbm
3010,1,0,0.002126906673940423,lightgbm
3645,1,0,2.330925028177855e-07,lightgbm
5548,1,1,0.03818089575473205,lightgbm
5048,1,0,0.0004433408486868793,lightgbm
4441,1,0,1.0005129485143534e-07,lightgbm
4603,1,0,1.706290460198782e-08,lightgbm
4226,1,0,4.983588715142258e-07,lightgbm
1536,1,0,2.9641029587764208e-05,lightgbm
4391,1,0,7.561880511957165e-07,lightgbm
4157,1,0,3.05114492245054e-08,lightgbm
3191,1,0,3.288684184851942e-07,lightgbm
2284,1,0,2.496429002283082e-07,lightgbm
2040,1,0,2.5580258278010447e-06,lightgbm
2,1,0,4.8715179845828345e-08,lightgbm
329,1,0,1.8703880389574364e-06,lightgbm
3333,1,0,1.648928324163037e-08,lightgbm
5124,1,0,1.4356388096319297e-06,lightgbm
638,1,0,1.4125689877496476e-08,lightgbm
3389,1,0,4.110089574276482e-08,lightgbm
4190,1,0,6.009117238383448e-08,lightgbm
1135,1,0,2.9269376455771397e-07,lightgbm
2192,1,0,7.204904103129242e-08,lightgbm
5297,1,0,7.156833884757454e-07,lightgbm
3541,1,0,1.376951818335192e-06,lightgbm
3736,1,0,2.1905434907106827e-06,lightgbm
3886,1,0,0.00015911420396555513,lightgbm
5005,1,0,1.6782137455408733e-07,lightgbm
5699,1,1,0.9991079374784607,lightgbm
2473,1,0,0.00015220918892207662,lightgbm
293,1,0,2.7257598621756737e-09,lightgbm
1690,1,0,2.7626480062932172e-05,lightgbm
1065,1,0,5.592177923805578e-08,lightgbm
104,1,0,6.075239498632405e-06,lightgbm
3126,1,0,2.733632325408745e-07,lightgbm
2049,1,0,3.176749926913068e-07,lightgbm
5030,1,0,3.7099317628510705e-07,lightgbm
4213,1,0,1.4406400195409899e-07,lightgbm
5127,1,0,7.717959032563567e-07,lightgbm
2937,1,0,1.0387621459287133e-08,lightgbm
4916,1,0,0.07097029472564999,lightgbm
4679,1,0,1.654355907345107e-05,lightgbm
2977,1,0,2.330395417532766e-05,lightgbm
3677,1,0,4.1788175231840266e-08,lightgbm
425,1,0,2.1151286600858964e-07,lightgbm
2447,1,0,1.9760753117762315e-07,lightgbm
322,1,0,2.0361509470647745e-07,lightgbm
4147,1,0,1.340521420684316e-06,lightgbm
4833,1,0,9.285861761904753e-07,lightgbm
3626,1,0,2.481955388467527e-07,lightgbm
1957,1,0,3.101610949648685e-07,lightgbm
4746,1,0,1.0249588031822987e-06,lightgbm
3601,1,0,1.457221986532206e-07,lightgbm
4643,1,0,9.27864486883887e-08,lightgbm
4133,1,0,6.483094711374982e-06,lightgbm
5557,1,1,0.9987130799235395,lightgbm
4814,1,0,1.3943074736569867e-07,lightgbm
640,1,0,1.5735454050456786e-07,lightgbm
375,1,0,1.0820491766104464e-08,lightgbm
5313,1,0,1.0773070494337339e-07,lightgbm
4293,1,0,3.4759560232480046e-06,lightgbm
4316,1,0,2.548428000220505e-07,lightgbm
4319,1,0,9.293236712191768e-07,lightgbm
4106,1,0,5.965259430246658e-07,lightgbm
5089,1,0,0.0002377854792272978,lightgbm
1805,1,0,3.2444845130728233e-06,lightgbm
135,1,0,0.0011197436449800462,lightgbm
5629,1,1,0.9998818171273518,lightgbm
584,1,0,7.26157598834679e-08,lightgbm
2727,1,0,7.314792827516407e-07,lightgbm
1136,1,0,8.285308314984068e-09,lightgbm
2579,1,0,5.021565149640375e-07,lightgbm
5019,1,0,7.389462327400398e-08,lightgbm
57,1,0,1.7668049655878392e-08,lightgbm
4506,1,0,0.040494911172229045,lightgbm
3420,1,0,9.304453027180268e-08,lightgbm
4079,1,0,0.004586463867268536,lightgbm
1005,1,0,4.0626570842617816e-07,lightgbm
3656,1,0,2.7571412454326105e-07,lightgbm
3186,1,0,3.2517930211904456e-07,lightgbm
3375,1,0,3.024965545257914e-05,lightgbm
4934,1,0,2.2687773882262687e-06,lightgbm
5378,1,0,2.8375079021885408e-05,lightgbm
1485,1,0,1.3105758258941071e-08,lightgbm
800,1,0,4.935307140210485e-07,lightgbm
4172,1,0,5.677616138624513e-08,lightgbm
5246,1,0,2.918871550545243e-07,lightgbm
1311,1,0,9.336026105792302e-08,lightgbm
1122,1,0,3.903561702829829e-07,lightgbm
3511,1,0,1.4184985445697701e-06,lightgbm
331,1,0,0.00041729051825748593,lightgbm
794,1,0,3.578364464762278e-08,lightgbm
5308,1,0,2.2618235562181766e-08,lightgbm
2323,1,0,5.515612773126063e-09,lightgbm
61,1,0,3.292500196798443e-07,lightgbm
4082,1,0,2.581280004219564e-07,lightgbm
4952,1,0,2.4567002446682926e-06,lightgbm
5085,1,0,2.237888373186912e-08,lightgbm
5568,1,1,0.23991313419895394,lightgbm
2600,1,0,2.2674149355747513e-05,lightgbm
1411,1,0,2.3501095906991065e-07,lightgbm
840,1,0,0.0033908656741735844,lightgbm
5775,1,1,0.9484981810651538,lightgbm
4046,1,0,0.00013137321764174125,lightgbm
1514,1,0,2.89444084750992e-08,lightgbm
2390,1,0,2.2290886214920208e-07,lightgbm
2904,1,0,1.045590439351229e-08,lightgbm
1621,1,0,5.1926613951968376e-08,lightgbm
1019,1,0,4.426340535533409e-07,lightgbm
4638,1,0,1.6401253379582033e-07,lightgbm
2755,1,0,3.526808281178829e-05,lightgbm
3253,1,0,1.622166847804569e-08,lightgbm
276,1,0,8.889736172081763e-08,lightgbm
4014,1,0,0.0006898552183629493,lightgbm
3145,1,0,4.647635943902418e-08,lightgbm
5826,1,1,0.9997406010831711,lightgbm
5611,1,1,0.9998467773496816,lightgbm
2486,1,0,1.2857648688432298e-08,lightgbm
2570,1,0,1.043590403177477e-07,lightgbm
1320,1,0,4.1516245597611756e-08,lightgbm
5828,1,1,0.9998646450038626,lightgbm
5704,1,1,0.9998785809094098,lightgbm
334,1,0,0.00028879310120915393,lightgbm
50,1,0,6.04935535851655e-08,lightgbm
4950,1,0,5.227058192697091e-08,lightgbm
1520,1,0,2.1748672058940473e-08,lightgbm
5009,1,0,6.107885732636829e-08,lightgbm
2548,1,0,1.1347675854498985e-05,lightgbm
4796,1,0,4.095004576615192e-08,lightgbm
1961,1,0,6.556560316670435e-09,lightgbm
5307,1,0,1.2476598111487877e-05,lightgbm
152,1,0,7.087645272255164e-08,lightgbm
3712,1,0,1.193387069890891e-06,lightgbm
111,1,0,8.130694637304992e-07,lightgbm
5570,1,1,1.4586973751780436e-08,lightgbm
29,1,0,1.8448165898731764e-06,lightgbm
2467,1,0,2.5134852227997395e-07,lightgbm
3209,1,0,3.689139595604805e-08,lightgbm
1195,1,0,4.58807103534596e-05,lightgbm
5023,1,0,7.749522244892778e-06,lightgbm
2711,1,0,2.928630301311689e-08,lightgbm
1591,1,0,0.9762061593991703,lightgbm
2592,1,0,1.8974889882558995e-08,lightgbm
3339,1,0,1.7613608965352226e-06,lightgbm
324,1,0,5.42293205371984e-06,lightgbm
441,1,0,2.577354232637715e-07,lightgbm
2509,1,0,1.278614830794357e-07,lightgbm
162,1,0,1.1034084924357944e-07,lightgbm
4429,1,0,5.481719013343988e-06,lightgbm
225,1,0,0.00019368044393772358,lightgbm
4986,1,0,0.4573321426551521,lightgbm
3474,1,0,6.341546267873614e-07,lightgbm
541,1,0,1.7976031855507676e-07,lightgbm
1496,1,0,2.417652954945108e-06,lightgbm
4686,1,0,3.3111176612558746e-07,lightgbm
1733,1,0,3.343114126577182e-07,lightgbm
3523,1,0,2.7523504643223036e-05,lightgbm
421,1,0,3.2906131439205406e-08,lightgbm
3682,1,0,0.00014511628449538012,lightgbm
2890,1,0,0.24055629619288255,lightgbm
4288,1,0,1.888710219559762e-08,lightgbm
3157,1,0,6.744932435684792e-07,lightgbm
4957,1,0,7.536946448151447e-08,lightgbm
4448,1,0,1.552218759931658e-06,lightgbm
2951,1,0,1.3929824821683739e-06,lightgbm
1394,1,0,2.6336376989472517e-05,lightgbm
3914,1,0,1.321243739425125e-07,lightgbm
5074,1,0,7.698633374140445e-08,lightgbm
604,1,0,0.0007751811618904018,lightgbm
1424,1,0,7.262203106946142e-06,lightgbm
1584,1,0,4.7395213236357605e-06,lightgbm
3875,1,0,1.545315375678942e-06,lightgbm
540,1,0,9.667831563384192e-07,lightgbm
2348,1,0,1.3914816354378713e-06,lightgbm
4273,1,0,0.00017374768129013523,lightgbm
762,1,0,0.0009745618911939457,lightgbm
2732,1,0,8.956106882214234e-06,lightgbm
4607,1,0,4.5652019249080765e-07,lightgbm
4521,1,0,1.6812657077888296e-06,lightgbm
5642,1,1,0.9999566825521609,lightgbm
1838,1,0,3.2117469303925035e-06,lightgbm
4532,1,0,0.0010546747829009613,lightgbm
2759,1,0,0.0006186416460221171,lightgbm
3032,1,0,6.148196715552142e-08,lightgbm
548,1,0,3.3930346650283534e-07,lightgbm
1761,1,0,4.3006243048798736e-08,lightgbm
5497,1,1,0.021584888137122085,lightgbm
1661,1,0,3.411273629598149e-06,lightgbm
658,1,0,1.1505714522382535e-06,lightgbm
3265,1,0,1.6898037032032935e-07,lightgbm
3199,1,0,2.865818297717941e-05,lightgbm
3719,1,0,4.200946009105935e-06,lightgbm
282,1,0,1.777071095079709e-06,lightgbm
4238,1,0,5.252876315584939e-05,lightgbm
3292,1,0,0.007357543061220782,lightgbm
4523,1,0,6.974802682391292e-06,lightgbm
693,1,0,7.94079970737309e-05,lightgbm
5034,1,0,4.307353753543635e-05,lightgbm
2118,1,0,1.651625887044736e-06,lightgbm
630,1,0,2.8528953064364768e-08,lightgbm
555,1,0,1.6078611971498485e-07,lightgbm
2408,1,0,3.674404737953484e-06,lightgbm
2480,1,0,1.984266175719466e-06,lightgbm
116,1,0,1.621717054979286e-06,lightgbm
1094,1,0,1.7895725871329539e-06,lightgbm
4256,1,0,2.5559290554845473e-06,lightgbm
3592,1,0,1.5927496595174804e-06,lightgbm
858,1,0,2.1189645483706863e-06,lightgbm
913,1,0,4.3603181390482515e-06,lightgbm
2638,1,0,1.0427190438097702e-06,lightgbm
2677,1,0,7.402543795833539e-06,lightgbm
5835,1,1,0.9999604057473043,lightgbm
583,1,0,0.0001816549663618494,lightgbm
249,1,0,8.702667312362727e-08,lightgbm
1968,1,0,2.1974401267227812e-07,lightgbm
5552,1,1,1.476089771433225e-07,lightgbm
4083,1,0,2.6577170144143075e-07,lightgbm
3068,1,0,0.0014132730970766378,lightgbm
819,1,0,0.00017066409603306795,lightgbm
2658,1,0,6.0268248409393085e-05,lightgbm
2975,1,0,1.5547590202866975e-06,lightgbm
2414,1,0,2.6556917104571525e-08,lightgbm
3491,1,0,5.8449356661712604e-05,lightgbm
5448,1,1,0.9998001604038197,lightgbm
4542,1,0,2.391401877037237e-07,lightgbm
4849,1,0,5.689620707766619e-07,lightgbm
5251,1,0,2.9973406531610944e-08,lightgbm
1270,1,0,0.6381830566444993,lightgbm
844,1,0,3.926119204730704e-06,lightgbm
4681,1,0,2.4793596966855676e-06,lightgbm
552,1,0,9.000863768733382e-08,lightgbm
1338,1,0,0.00023349013191729804,lightgbm
3254,1,0,2.0097541506782486e-06,lightgbm
2960,1,0,5.998605228134802e-08,lightgbm
110,1,0,1.5135693408240872e-06,lightgbm
777,1,0,1.2772163784185818e-07,lightgbm
5163,1,0,0.00010882275527509031,lightgbm
1155,1,0,3.843888871403619e-08,lightgbm
4141,1,0,1.3725754918325878e-07,lightgbm
3514,1,0,2.2024557968972533e-08,lightgbm
5281,1,0,1.8623426694562588e-05,lightgbm
2720,1,0,1.0697098680819882e-07,lightgbm
169,1,0,0.00013996131100896622,lightgbm
3799,1,0,0.000525041399175757,lightgbm
2497,1,0,1.0008144237612498e-07,lightgbm
2814,1,0,9.709665343471233e-07,lightgbm
5504,1,1,0.7642621057270268,lightgbm
5377,1,0,4.0604934213070156e-08,lightgbm
1567,1,0,2.882506454601306e-08,lightgbm
5368,1,0,4.3425034828080224e-05,lightgbm
150,1,0,1.82096666952109e-07,lightgbm
3800,1,0,1.7926015223884968e-06,lightgbm
1490,1,0,1.8176873123484306e-07,lightgbm
5333,1,0,4.1199955491742367e-07,lightgbm
590,1,0,2.1120320104980106e-06,lightgbm
4727,1,0,7.633708487585243e-07,lightgbm
16,1,0,8.778337085934865e-07,lightgbm
3179,1,0,5.377156636393422e-05,lightgbm
1881,1,0,5.1697379285936493e-08,lightgbm
951,1,0,7.300912554115582e-06,lightgbm
1069,1,0,2.103130791405825e-08,lightgbm
791,1,0,7.762794553831205e-08,lightgbm
5613,1,1,0.2002486879863341,lightgbm
1410,1,0,2.0288272425136914e-08,lightgbm
1127,1,0,0.0001326353496985544,lightgbm
1374,1,0,6.86192407063043e-09,lightgbm
1330,1,0,4.576022859348657e-05,lightgbm
3038,1,0,4.639503205238994e-06,lightgbm
5668,1,1,0.9615933498215571,lightgbm
371,1,0,9.327269855841941e-07,lightgbm
3362,1,0,4.2617101589299766e-05,lightgbm
409,1,0,2.3631938076068842e-08,lightgbm
3536,1,0,2.2002339806832364e-07,lightgbm
4111,1,0,7.502728982817793e-07,lightgbm
4894,1,0,1.4335041606285228e-07,lightgbm
3182,1,0,1.0411955356794874e-07,lightgbm
899,1,0,2.441454438101707e-07,lightgbm
2201,1,0,7.023801030615038e-08,lightgbm
4923,1,0,8.781103120820993e-08,lightgbm
485,1,0,8.79388882006403e-09,lightgbm
2341,1,0,1.1668782641803855e-07,lightgbm
483,1,0,1.2307127206239664e-07,lightgbm
2650,1,0,1.0398367436727378e-08,lightgbm
1564,1,0,9.938910325960014e-07,lightgbm
5829,1,1,0.7587364833076891,lightgbm
301,1,0,2.4807616410592722e-08,lightgbm
3348,1,0,2.1065783626639384e-07,lightgbm
5843,1,1,0.9973881392513749,lightgbm
823,1,0,3.423898003689437e-05,lightgbm
4339,1,0,0.038230578315212045,lightgbm
267,1,0,1.9699090957470153e-06,lightgbm
5461,1,1,0.9990544991345527,lightgbm
3337,1,0,0.00019464075157023172,lightgbm
5524,1,1,0.3021474688675757,lightgbm
4492,1,0,7.027014939851083e-09,lightgbm
5507,1,1,0.04698917455046536,lightgbm
4028,1,0,3.6322277578989936e-07,lightgbm
5123,1,0,1.3001017208211902e-07,lightgbm
3139,1,0,1.590895820344713e-07,lightgbm
4809,1,0,4.680346764345995e-08,lightgbm
5178,1,0,3.5862127745290475e-07,lightgbm
437,1,0,4.109405496615533e-08,lightgbm
5084,1,0,0.00024386945664251985,lightgbm
3315,1,0,0.00038534919908367565,lightgbm
2852,1,0,1.0616347663795633e-06,lightgbm
4067,1,0,5.712240696721265e-05,lightgbm
2830,1,0,1.9913649603937208e-05,lightgbm
4383,1,0,1.5317620620059032e-07,lightgbm
2369,1,0,1.899653823129348e-06,lightgbm
1106,1,0,2.557141188420775e-06,lightgbm
2619,1,0,4.527825890029863e-07,lightgbm
1064,1,0,1.5548760592405445e-08,lightgbm
2180,1,0,4.835175622771186e-08,lightgbm
3650,1,0,0.0003503322921075665,lightgbm
5553,1,1,0.0010070411434394849,lightgbm
3084,1,0,0.0005602173367748093,lightgbm
4891,1,0,2.137655537633607e-05,lightgbm
3970,1,0,0.00014873442665695586,lightgbm
5607,1,1,5.450138548896547e-06,lightgbm
5407,1,0,3.241571381468268e-07,lightgbm
1149,1,0,1.0894457546300886e-07,lightgbm
5785,1,1,0.031784379021528815,lightgbm
5054,1,0,0.7165993221636597,lightgbm
2586,1,0,1.1172650805468854e-07,lightgbm
1606,1,0,1.4102768283044957e-07,lightgbm
2747,1,0,3.8172385716510636e-08,lightgbm
1811,1,0,4.230138235234219e-05,lightgbm
1835,1,0,6.592976112945542e-08,lightgbm
323,1,0,3.164268644338535e-08,lightgbm
588,1,0,1.2987080445696103e-06,lightgbm
545,1,0,1.1853727199972414e-05,lightgbm
4661,1,0,9.041149536637691e-07,lightgbm
712,1,0,6.889489463933364e-06,lightgbm
532,1,0,3.460113357405515e-06,lightgbm
5802,1,1,1.7921496677570378e-06,lightgbm
5429,1,0,0.1337110843771984,lightgbm
1949,1,0,1.4446000165276085e-07,lightgbm
2668,1,0,5.640360981202088e-08,lightgbm
5011,1,0,7.965301916832345e-08,lightgbm
916,1,0,2.3903753619839332e-08,lightgbm
2421,1,0,3.385988109877704e-06,lightgbm
2519,1,0,1.2689458810655989e-05,lightgbm
4702,1,0,2.1513092566812355e-05,lightgbm
423,1,0,6.9715318473505e-08,lightgbm
3569,1,0,6.03564780222157e-06,lightgbm
1505,1,0,1.0393134720767793e-07,lightgbm
2871,1,0,3.979073412750905e-07,lightgbm
2321,1,0,1.8691593674143284e-05,lightgbm
1728,1,0,6.275229878813011e-07,lightgbm
265,1,0,2.8997942319346e-07,lightgbm
4698,1,0,9.549053739584685e-07,lightgbm
3770,1,0,9.10785965106678e-06,lightgbm
896,1,0,0.005346704353082907,lightgbm
3309,1,0,4.1516164624769674e-08,lightgbm
2386,1,0,6.349341362227674e-06,lightgbm
3235,1,0,5.206766929713838e-07,lightgbm
4206,1,0,8.006229096757309e-08,lightgbm
5374,1,0,1.0467238569181135e-08,lightgbm
3165,1,0,4.002452510501362e-07,lightgbm
5252,1,0,8.084070784748536e-07,lightgbm
1615,1,0,7.548789526362833e-08,lightgbm
3813,1,0,3.261943527466341e-07,lightgbm
5715,1,1,0.9984487741943309,lightgbm
4467,1,0,4.1277194179846435e-06,lightgbm
3816,1,0,2.2527066909633283e-08,lightgbm
5700,1,1,0.9992551544504809,lightgbm
4597,1,0,1.4915471598109757e-06,lightgbm
3156,1,0,0.0009187227272262352,lightgbm
5199,1,0,2.4091894026445293e-07,lightgbm
2023,1,0,0.0024592726360899973,lightgbm
4659,1,0,1.0981220383403368e-06,lightgbm
4307,1,0,3.520909041267763e-08,lightgbm
1267,1,0,2.635536599272781e-06,lightgbm
2491,1,0,1.5451803952945588e-07,lightgbm
5351,1,0,0.0003014701039408801,lightgbm
248,1,0,4.099638564935731e-06,lightgbm
4824,1,0,3.6424743728337695e-07,lightgbm
439,1,0,0.00026729617583318713,lightgbm
5364,1,0,3.0384215082373675e-06,lightgbm
5253,1,0,0.0009112253816871836,lightgbm
4426,1,0,8.357714030239786e-06,lightgbm
4075,1,0,6.653458707157394e-06,lightgbm
3828,1,0,6.047780912576825e-08,lightgbm
5190,1,0,1.7369503289694054e-06,lightgbm
2526,1,0,1.265705039090132e-07,lightgbm
946,1,0,1.4280133771898417e-06,lightgbm
1272,1,0,4.875353665244767e-06,lightgbm
3903,1,0,8.112323812070714e-07,lightgbm
2220,1,0,8.034016261338873e-06,lightgbm
477,1,0,4.201905396234761e-05,lightgbm
1989,1,0,2.1061941623879445e-05,lightgbm
4628,1,0,0.003144519245961075,lightgbm
3637,1,0,7.542821806336925e-05,lightgbm
1831,1,0,3.005964981420403e-07,lightgbm
3208,1,0,1.0719367414134913e-08,lightgbm
1309,1,0,2.3990601463658197e-06,lightgbm
5499,1,1,0.9995695289826895,lightgbm
128,1,0,0.5388607997823363,lightgbm
2583,1,0,1.2375712202277651e-05,lightgbm
4499,1,0,1.7388120189021127e-05,lightgbm
3604,1,0,2.6453774525620327e-08,lightgbm
1237,1,0,0.00024413666314693664,lightgbm
1888,1,0,3.7130996945823004e-06,lightgbm
1549,1,0,5.474681942084808e-07,lightgbm
2226,1,0,2.4250333210644606e-06,lightgbm
1846,1,0,0.00010882251823200838,lightgbm
5310,1,0,7.697671517198902e-08,lightgbm
4194,1,0,5.475156364296265e-07,lightgbm
241,1,0,1.4329717775465283e-07,lightgbm
1570,1,0,1.0989010753527011e-07,lightgbm
140,1,0,8.278507116518449e-05,lightgbm
2866,1,0,1.7078162441037358e-05,lightgbm
5373,1,0,5.061909646521845e-06,lightgbm
5608,1,1,0.7995445105875455,lightgbm
5770,1,1,0.9630744426198062,lightgbm
1234,1,0,5.228467723049845e-08,lightgbm
1986,1,0,6.733015848276524e-06,lightgbm
38,1,0,2.2540629109011747e-07,lightgbm
5187,1,0,5.612163791984888e-08,lightgbm
5108,1,0,1.5513698068155015e-06,lightgbm
4774,1,0,1.872997646022331e-08,lightgbm
2275,1,0,0.9893607869040165,lightgbm
2941,1,0,3.9960889392377727e-08,lightgbm
112,1,0,5.11612817933634e-07,lightgbm
3414,1,0,2.397947648006513e-07,lightgbm
5335,1,0,0.0011728768123172048,lightgbm
611,1,0,7.90010367830984e-08,lightgbm
4983,1,0,7.337958428148372e-08,lightgbm
1828,1,0,5.515171863388431e-05,lightgbm
3423,1,0,2.5731366699547026e-06,lightgbm
1204,1,0,2.4333336425917218e-08,lightgbm
5387,1,0,1.2437976567006062e-06,lightgbm
4631,1,0,1.4958286867700376e-07,lightgbm
5036,1,0,1.335228442485394e-06,lightgbm
1973,1,0,3.163439493880254e-07,lightgbm
3515,1,0,8.543944915315579e-09,lightgbm
4938,1,0,9.588443576545317e-06,lightgbm
3708,1,0,3.176389613711632e-07,lightgbm
3531,1,0,2.7814994895519217e-08,lightgbm
3006,1,0,6.574027065683869e-07,lightgbm
2379,1,0,4.1109238774088483e-07,lightgbm
2162,1,0,2.9642195616209215e-07,lightgbm
917,1,0,1.2840197471261144e-07,lightgbm
634,1,0,2.4274875169454645e-05,lightgbm
1392,1,0,3.541874543451618e-07,lightgbm
2901,1,0,5.068857941378484e-07,lightgbm
853,1,0,9.120514627951932e-07,lightgbm
2012,1,0,1.901590762067366e-07,lightgbm
3826,1,0,7.497142954362183e-06,lightgbm
308,1,0,0.5666095977463516,lightgbm
2246,1,0,2.6524270331299844e-08,lightgbm
992,1,0,5.254539495873985e-06,lightgbm
3197,1,0,4.717171521249277e-08,lightgbm
1646,1,0,0.0007014788166594997,lightgbm
877,1,0,8.059631175846227e-07,lightgbm
1773,1,0,2.2741948657934493e-05,lightgbm
1674,1,0,0.00023108409431567314,lightgbm
3370,1,0,9.78973552097137e-07,lightgbm
2748,1,0,6.563400790778567e-07,lightgbm
2846,1,0,3.9762346265149835e-07,lightgbm
59,1,0,1.6202353430005716e-05,lightgbm
3647,1,0,2.0699696422004011e-07,lightgbm
902,1,0,6.711280689416436e-05,lightgbm
2896,1,0,0.8289594086818608,lightgbm
4990,1,0,8.618863462456467e-08,lightgbm
1236,1,0,1.43949445221883e-07,lightgbm
649,1,0,4.858658285657237e-07,lightgbm
971,1,0,4.728291531080305e-06,lightgbm
5576,1,1,0.9853793336829122,lightgbm
3013,1,0,0.0001550952831694814,lightgbm
631,1,0,0.00023826189041618138,lightgbm
2357,1,0,1.0945462001084121e-07,lightgbm
364,1,0,1.8034609879756212e-07,lightgbm
922,1,0,1.0406431740955722e-05,lightgbm
2217,1,0,3.216743111089107e-05,lightgbm
2634,1,0,3.4423724022271355e-05,lightgbm
3066,1,0,6.471210889219587e-06,lightgbm
914,1,0,4.4381478188340725e-05,lightgbm
1244,1,0,9.821293673892523e-08,lightgbm
3981,1,0,7.309865720599215e-08,lightgbm
742,1,0,1.7179298938608756e-06,lightgbm
5137,1,0,9.442984035816983e-06,lightgbm
1405,1,0,5.06933319501065e-07,lightgbm
4763,1,0,3.6869692294510895e-07,lightgbm
444,1,0,1.3438065009775667e-07,lightgbm
2350,1,0,2.3649603070852152e-07,lightgbm
1722,1,0,3.57745863182951e-06,lightgbm
3099,1,0,9.513302959021829e-07,lightgbm
3717,1,0,6.881135185492885e-08,lightgbm
2235,1,0,1.940070726557852e-07,lightgbm
4057,1,0,0.005002879271815381,lightgbm
3818,1,0,5.76032208891237e-08,lightgbm
5236,1,0,5.101290091105199e-07,lightgbm
2985,1,0,0.5912586081037577,lightgbm
1103,1,0,1.9255949659213526e-05,lightgbm
1067,1,0,7.2500747358921635e-06,lightgbm
205,1,0,2.1662873093962893e-08,lightgbm
5218,1,0,3.811422993432267e-07,lightgbm
2104,1,0,4.4181221090859613e-07,lightgbm
2615,1,0,4.554845938997593e-07,lightgbm
1834,1,0,2.4121364522721777e-07,lightgbm
1503,1,0,1.1269976869714915e-07,lightgbm
1442,1,0,1.8861787750400303e-07,lightgbm
1476,1,0,2.9775010196951767e-06,lightgbm
830,1,0,1.45293481307431e-06,lightgbm
4842,1,0,4.890856745306109e-07,lightgbm
1710,1,0,2.532972820981855e-05,lightgbm
4454,1,0,2.6314065203718167e-07,lightgbm
906,1,0,9.653288181495142e-08,lightgbm
4819,1,0,3.575356638755015e-07,lightgbm
1563,1,0,5.662658433907645e-09,lightgbm
3190,1,0,2.0175385486059124e-07,lightgbm
5757,1,1,0.9999469195800068,lightgbm
427,1,0,6.238182576913382e-07,lightgbm
3840,1,0,2.7587389791624448e-08,lightgbm
4148,1,0,2.351438899463366e-08,lightgbm
799,1,0,2.660212866483455e-07,lightgbm
3302,1,0,0.0004058715591965699,lightgbm
2781,1,0,6.208571698973807e-08,lightgbm
3855,1,0,1.7707780641498975e-05,lightgbm
5643,1,1,0.9999975871749403,lightgbm
5040,1,0,4.386911886641576e-05,lightgbm
5110,1,0,1.1975031561939234e-07,lightgbm
4196,1,0,7.124693906943476e-07,lightgbm
4356,1,0,1.5896376960669827e-06,lightgbm
965,1,0,1.41807759612752e-07,lightgbm
1333,1,0,3.7108989123730864e-06,lightgbm
5229,1,0,3.4474987365305163e-07,lightgbm
352,1,0,4.3061826189236864e-08,lightgbm
602,1,0,5.3468267055158946e-08,lightgbm
2181,1,0,1.0513797727975224e-08,lightgbm
4518,1,0,0.00017083893690350414,lightgbm
645,1,0,6.458823599011197e-07,lightgbm
488,1,0,1.9746845122938036e-08,lightgbm
1782,1,0,2.065295298870182e-07,lightgbm
2062,1,0,3.4476171620291913e-07,lightgbm
3922,1,0,5.00183474540665e-07,lightgbm
3300,1,0,0.0007400198972812114,lightgbm
2639,1,0,6.03892827589407e-08,lightgbm
4836,1,0,7.856722141611434e-07,lightgbm
5457,1,1,0.9931912120106858,lightgbm
129,1,0,5.5637620836898744e-08,lightgbm
1990,1,0,4.376147341611177e-05,lightgbm
2394,1,0,7.140919818993935e-06,lightgbm
3140,1,0,1.783266440409775e-08,lightgbm
4968,1,0,5.749471845880482e-07,lightgbm
13,1,0,9.67556436813775e-07,lightgbm
959,1,0,7.562809202693848e-07,lightgbm
4361,1,0,7.122158932684618e-06,lightgbm
5670,1,1,0.9847543706024346,lightgbm
2127,1,0,3.4520578973888656e-07,lightgbm
1302,1,0,1.226963419146438e-06,lightgbm
1654,1,0,1.6806811394616037e-07,lightgbm
656,1,0,4.249669908488917e-06,lightgbm
1279,1,0,5.527197442074827e-06,lightgbm
457,1,0,7.13780065573573e-05,lightgbm
3850,1,0,1.034803860489278e-07,lightgbm
144,1,0,9.928086240070166e-08,lightgbm
652,1,0,2.1980700966798308e-07,lightgbm
236,1,0,1.1324627100031595e-07,lightgbm
957,1,0,2.6356545713149473e-08,lightgbm
2233,1,0,7.664184473900757e-07,lightgbm
3308,1,0,0.999963573256521,lightgbm
2107,1,0,1.4448739479246768e-07,lightgbm
76,1,0,2.1910294166678547e-07,lightgbm
5637,1,1,0.0186766423543499,lightgbm
215,1,0,0.00018240670866657472,lightgbm
1012,1,0,2.6818357885830263e-07,lightgbm
706,1,0,0.0004450746763953548,lightgbm
2167,1,0,0.00012081359738464357,lightgbm
5784,1,1,0.45872302864145054,lightgbm
2129,1,0,7.249778982877867e-08,lightgbm
1357,1,0,4.873644697893447e-08,lightgbm
1315,1,0,1.669885474180143e-06,lightgbm
20,1,0,0.0005173795369349374,lightgbm
5801,1,1,2.827873550263402e-05,lightgbm
4996,1,0,3.383688198206393e-07,lightgbm
3295,1,0,3.874463465545424e-07,lightgbm
51,1,0,6.896527527331437e-08,lightgbm
1578,1,0,1.6274738179015156e-07,lightgbm
316,1,0,6.988174334272723e-07,lightgbm
4260,1,0,5.975851825742867e-07,lightgbm
1754,1,0,2.068432594478343e-07,lightgbm
2805,1,0,3.105557560554772e-08,lightgbm
2685,1,0,7.300863681510985e-07,lightgbm
4635,1,0,1.2341219774444187e-07,lightgbm
3110,1,0,8.366641718584692e-09,lightgbm
644,1,0,1.1764105154647239e-05,lightgbm
4903,1,0,0.00020828290244474465,lightgbm
1079,1,0,0.00016376848960532745,lightgbm
5827,1,1,0.0012608455650758464,lightgbm
3733,1,0,4.404094298288e-07,lightgbm
880,1,0,4.847842598234786e-06,lightgbm
35,1,0,1.3222424681668876e-07,lightgbm
4151,1,0,4.906755391373485e-07,lightgbm
5741,1,1,0.0001703924146673483,lightgbm
3257,1,0,1.9687551314720228e-07,lightgbm
4180,1,0,1.6268051205089636e-07,lightgbm
3067,1,0,5.601862277364809e-06,lightgbm
5485,1,1,0.5425082849208961,lightgbm
972,1,0,1.7140182293458605e-06,lightgbm
5680,1,1,0.9995646715162004,lightgbm
1875,1,0,3.973576375423271e-06,lightgbm
252,1,0,1.2393290692913993e-06,lightgbm
3685,1,0,5.989378256003175e-08,lightgbm
692,1,0,0.03977769273137513,lightgbm
876,1,0,2.9629536060359713e-05,lightgbm
1797,1,0,1.9878400915245727e-06,lightgbm
3737,1,0,9.798279118548793e-08,lightgbm
71,1,0,6.402997218087396e-07,lightgbm
807,1,0,0.9992132535149547,lightgbm
1001,1,0,1.077318969340113e-05,lightgbm
3596,1,0,3.125263634563022e-07,lightgbm
5273,1,0,2.245737806535735e-07,lightgbm
3054,1,0,0.39000479868357996,lightgbm
1715,1,0,9.582357642747234e-06,lightgbm
686,1,0,8.211473268544623e-09,lightgbm
714,1,0,0.00013927312919397692,lightgbm
1190,1,0,6.344410103882591e-07,lightgbm
3097,1,0,8.755660593829599e-05,lightgbm
392,1,0,4.017555574404248e-06,lightgbm
172,1,0,3.671089630473549e-07,lightgbm
3062,1,0,0.00010890668525896938,lightgbm
976,1,0,3.534091971637411e-07,lightgbm
2883,1,0,1.427944287973473e-07,lightgbm
2797,1,0,0.9921982694062594,lightgbm
4911,1,0,1.747578717216315e-07,lightgbm
2159,1,0,0.9994340934464019,lightgbm
2055,1,0,9.305986374151368e-06,lightgbm
3635,1,0,2.0408811032969322e-07,lightgbm
4882,1,0,1.4956882653435402e-05,lightgbm
3240,1,0,6.662761150315485e-09,lightgbm
907,1,0,4.5972869590918763e-08,lightgbm
5463,1,1,0.00033829020313887734,lightgbm
4181,1,0,9.231189725521233e-08,lightgbm
3838,1,0,8.945880286735031e-08,lightgbm
3259,1,0,0.75261790313161,lightgbm
5292,1,0,2.1126917773677772e-05,lightgbm
2912,1,0,2.973013936959336e-07,lightgbm
105,1,0,4.187403668197848e-08,lightgbm
3048,1,0,1.6162254833863047e-06,lightgbm
4002,1,0,3.305770352283169e-07,lightgbm
1832,1,0,1.2965306002211691e-08,lightgbm
2176,1,0,9.76124151197501e-05,lightgbm
2840,1,0,2.609738496808815e-07,lightgbm
3487,1,0,1.1435185491530551e-08,lightgbm
4449,1,0,1.1343228865184868e-07,lightgbm
3040,1,0,2.9369913675366332e-05,lightgbm
63,1,0,1.537241178083938e-07,lightgbm
1409,1,0,3.5951490764748816e-07,lightgbm
37,1,0,1.5958432744670411e-06,lightgbm
2856,1,0,6.476902664860752e-08,lightgbm
4162,1,0,1.70049362337716e-06,lightgbm
866,1,0,5.502836180597994e-07,lightgbm
5046,1,0,1.7554470191946756e-06,lightgbm
5392,1,0,4.90797901019843e-07,lightgbm
1718,1,0,5.453797930176496e-06,lightgbm
2979,1,0,3.010146296855488e-08,lightgbm
1223,1,0,4.0387571737357516e-08,lightgbm
5681,1,1,0.0017127082373767717,lightgbm
1918,1,0,1.259693138108272e-06,lightgbm
4102,1,0,7.09889521024764e-07,lightgbm
697,1,0,1.2171107116637568e-06,lightgbm
2056,1,0,9.901720846540816e-07,lightgbm
2895,1,0,5.54839274941924e-08,lightgbm
4570,1,0,5.642244105691753e-08,lightgbm
3793,1,0,4.6430784795133734e-08,lightgbm
1177,1,0,9.176296962141614e-06,lightgbm
3709,1,0,0.022590722582182636,lightgbm
4266,1,0,9.261959968722932e-08,lightgbm
3825,1,0,7.326781144353513e-07,lightgbm
4242,1,0,0.00046892652941353427,lightgbm
5693,1,1,0.2816145907281121,lightgbm
2997,1,0,1.6202388790041142e-08,lightgbm
2913,1,0,9.19835442688507e-06,lightgbm
2756,1,0,0.9547516404660443,lightgbm
4415,1,0,9.453187847109867e-08,lightgbm
5737,1,1,0.006321326217072488,lightgbm
578,1,0,4.3691839515146734e-08,lightgbm
3496,1,0,1.947977618960172e-06,lightgbm
4775,1,0,3.8734531342442035e-08,lightgbm
3822,1,0,7.537644859339969e-06,lightgbm
1740,1,0,1.111423445072064e-07,lightgbm
856,1,0,6.93183251744604e-08,lightgbm
3469,1,0,1.217965326131149e-06,lightgbm
3837,1,0,2.5351237193587957e-08,lightgbm
2317,1,0,8.218340905209217e-07,lightgbm
4312,1,0,5.049881725794458e-07,lightgbm
5071,1,0,8.478647161776154e-07,lightgbm
4357,1,0,1.0738736987456642e-07,lightgbm
5053,1,0,1.0220701354328102e-06,lightgbm
4731,1,0,1.536492485996606e-06,lightgbm
4479,1,0,1.0724306071438588e-07,lightgbm
2999,1,0,0.0014054928806152426,lightgbm
1568,1,0,1.0666991077023383e-06,lightgbm
3994,1,0,8.938964000682744e-08,lightgbm
4478,1,0,4.335182081590141e-08,lightgbm
4992,1,0,2.546984056727038e-07,lightgbm
2362,1,0,6.175023590894864e-07,lightgbm
4888,1,0,0.015998786022230774,lightgbm
4208,1,0,5.541124182055825e-09,lightgbm
3392,1,0,0.003983438396014643,lightgbm
5357,1,0,3.614205155683243e-08,lightgbm
177,1,0,3.17764726069831e-05,lightgbm
4926,1,0,6.861042514865777e-06,lightgbm
3442,1,0,6.882120955945747e-06,lightgbm
524,1,0,3.647014461139888e-07,lightgbm
4764,1,0,2.8903717416468598e-06,lightgbm
5719,1,1,0.9987688676685795,lightgbm
5148,1,0,2.2863414085537206e-08,lightgbm
1264,1,0,1.1222536457309612e-06,lightgbm
1263,1,0,2.964121723309296e-08,lightgbm
4007,1,0,2.9231419774025315e-07,lightgbm
5652,1,1,0.9999883631058223,lightgbm
2320,1,0,1.607128460994127e-06,lightgbm
1996,1,0,3.4748736387844847e-05,lightgbm
4708,1,0,8.527262251753901e-07,lightgbm
3834,1,0,0.000483798681831923,lightgbm
527,1,0,3.2187222893608956e-07,lightgbm
2811,1,0,8.589183648413785e-08,lightgbm
5340,1,0,8.548154214661726e-08,lightgbm
2305,1,0,0.00012446715856589705,lightgbm
4142,1,0,1.4689444304625426e-07,lightgbm
3683,1,0,6.684545268006613e-06,lightgbm
4962,1,0,1.3242862802587082e-06,lightgbm
506,1,0,1.3959694064277584e-08,lightgbm
3424,1,0,7.553814552000189e-08,lightgbm
1118,1,0,6.156142527868736e-07,lightgbm
3412,1,0,1.6681630223666713e-07,lightgbm
1637,1,0,2.805445038671663e-06,lightgbm
2868,1,0,2.4806666294497196e-05,lightgbm
3472,1,0,1.1575717742413515e-06,lightgbm
318,1,0,7.715810076505389e-06,lightgbm
3047,1,0,5.07002555387299e-08,lightgbm
3904,1,0,0.00018089247032102,lightgbm
3117,1,0,3.606262713934558e-07,lightgbm
3152,1,0,0.002487528756752959,lightgbm
3215,1,0,5.713265765363703e-05,lightgbm
5044,1,0,8.298246925961679e-07,lightgbm
2074,1,0,4.570069559510752e-05,lightgbm
121,1,0,3.072939252757239e-08,lightgbm
2067,1,0,8.475084164866058e-08,lightgbm
601,1,0,1.0667365876307685e-05,lightgbm
926,1,0,1.910702829899093e-08,lightgbm
4257,1,0,7.549717156929221e-08,lightgbm
1450,1,0,2.1841692889344363e-05,lightgbm
4856,1,0,0.0013180912839462608,lightgbm
2079,2,0,0.000296110927592963,xgboost
2559,2,0,0.00037496216828003526,xgboost
3946,2,0,0.0016014300053939223,xgboost
3701,2,0,0.00028222668333910406,xgboost
5535,2,1,0.14646638929843903,xgboost
2561,2,0,0.00034921380574814975,xgboost
4294,2,0,8.172550587914884e-05,xgboost
5413,2,0,8.445078128715977e-05,xgboost
4059,2,0,0.0003102384798694402,xgboost
2420,2,0,0.00016073606093414128,xgboost
4417,2,0,0.0002229934761999175,xgboost
3326,2,0,0.023212989792227745,xgboost
2716,2,0,9.581390622770414e-05,xgboost
4545,2,0,2.7874164516106248e-05,xgboost
4725,2,0,2.051819501502905e-05,xgboost
4406,2,0,0.0021527500357478857,xgboost
2218,2,0,8.804428216535598e-05,xgboost
4193,2,0,2.162728378607426e-05,xgboost
2427,2,0,0.0011980959679931402,xgboost
3742,2,0,0.0016541871009394526,xgboost
25,2,0,0.00012278025678824633,xgboost
4234,2,0,0.000418235722463578,xgboost
433,2,0,0.00018727117276284844,xgboost
1104,2,0,0.0001121827372116968,xgboost
2523,2,0,0.00017095491057261825,xgboost
5213,2,0,0.0001525616244180128,xgboost
4820,2,0,0.00010877527529373765,xgboost
5739,2,1,0.9083160758018494,xgboost
3479,2,0,0.04634438827633858,xgboost
767,2,0,0.00430292496457696,xgboost
2212,2,0,0.00083203858230263,xgboost
4662,2,0,0.0007256437093019485,xgboost
3542,2,0,0.00019248152966611087,xgboost
3238,2,0,1.996638093260117e-05,xgboost
3119,2,0,0.392545223236084,xgboost
5276,2,0,4.774730768986046e-05,xgboost
4015,2,0,0.002685939660295844,xgboost
5465,2,1,0.5975887775421143,xgboost
1624,2,0,5.490539479069412e-05,xgboost
3396,2,0,0.00035860479692928493,xgboost
1461,2,0,0.0013692843494936824,xgboost
621,2,0,0.00016834492271300405,xgboost
2145,2,0,0.0003592114371713251,xgboost
4726,2,0,0.010084453970193863,xgboost
4576,2,0,0.002544127171859145,xgboost
592,2,0,0.00035322990152053535,xgboost
4754,2,0,0.001398614258505404,xgboost
3950,2,0,0.0003573637513909489,xgboost
3824,2,0,0.0053671738132834435,xgboost
5481,2,1,0.1741807609796524,xgboost
3597,2,0,0.000329549890011549,xgboost
2696,2,0,1.8092943719238974e-05,xgboost
1124,2,0,0.0003232777235098183,xgboost
2515,2,0,0.000512865197379142,xgboost
4505,2,0,7.87048484198749e-05,xgboost
626,2,0,0.00020165512978564948,xgboost
5793,2,1,0.27541762590408325,xgboost
4221,2,0,8.230370440287516e-05,xgboost
614,2,0,4.8593024985166267e-05,xgboost
5177,2,0,0.28274571895599365,xgboost
4016,2,0,0.0011892556212842464,xgboost
207,2,0,3.291740722488612e-05,xgboost
2393,2,0,0.00012098673323635012,xgboost
4527,2,0,0.003744877874851227,xgboost
5771,2,1,0.9955470561981201,xgboost
3972,2,0,0.22599735856056213,xgboost
1049,2,0,0.0013184475246816874,xgboost
2767,2,0,0.00028717314125970006,xgboost
5823,2,1,0.9866553544998169,xgboost
1512,2,0,0.00040945992805063725,xgboost
3094,2,0,0.0009394317748956382,xgboost
5586,2,1,0.9849843978881836,xgboost
343,2,0,4.531288595899241e-06,xgboost
3640,2,0,0.0023946224246174097,xgboost
2746,2,0,0.00010948342242045328,xgboost
2090,2,0,8.547192555852234e-05,xgboost
1523,2,0,0.0028624171391129494,xgboost
2723,2,0,0.0062577007338404655,xgboost
4496,2,0,0.018105830997228622,xgboost
5409,2,0,1.2416729077813216e-05,xgboost
4685,2,0,0.0007178463856689632,xgboost
1352,2,0,0.00024622344062663615,xgboost
2066,2,0,0.7487525939941406,xgboost
3879,2,0,2.6821333449333906e-05,xgboost
1815,2,0,1.1097494279965758e-05,xgboost
522,2,0,1.240418350789696e-05,xgboost
2328,2,0,0.00043798875412903726,xgboost
2280,2,0,0.0020368562545627356,xgboost
161,2,0,0.00011858087236760184,xgboost
54,2,0,0.0003934302076231688,xgboost
4572,2,0,0.00010576105705695227,xgboost
3459,2,0,8.776232789386995e-06,xgboost
5658,2,1,0.003889927174896002,xgboost
4759,2,0,0.0012252692831680179,xgboost
3134,2,0,0.0012170387199148536,xgboost
3911,2,0,0.00020299760217312723,xgboost
1224,2,0,2.2900607291376218e-05,xgboost
1274,2,0,0.0033368451986461878,xgboost
60,2,0,0.0003033771936316043,xgboost
1737,2,0,2.9987026209710166e-05,xgboost
5453,2,1,0.44764775037765503,xgboost
369,2,0,0.0016348056960850954,xgboost
4761,2,0,0.00030091972439549863,xgboost
451,2,0,0.00489322654902935,xgboost
5468,2,1,0.9954056739807129,xgboost
2156,2,0,0.006105702370405197,xgboost
2061,2,0,0.00047241876018233597,xgboost
2146,2,0,0.028400959447026253,xgboost
5555,2,1,0.875572144985199,xgboost
1692,2,0,0.007120046764612198,xgboost
3632,2,0,0.008963278494775295,xgboost
3465,2,0,0.0011345305247232318,xgboost
3528,2,0,5.5148673709481955e-05,xgboost
2753,2,0,0.0011967214522883296,xgboost
577,2,0,2.5694836949696764e-05,xgboost
4155,2,0,0.00042030966142192483,xgboost
5780,2,1,0.00451291911303997,xgboost
3356,2,0,0.0003748325980268419,xgboost
4511,2,0,1.9760491341003217e-05,xgboost
5306,2,0,0.0004037741746287793,xgboost
5312,2,0,0.03147100657224655,xgboost
2294,2,0,0.0006863620947115123,xgboost
2778,2,0,2.373147799517028e-05,xgboost
2289,2,0,0.000130457803606987,xgboost
5747,2,1,0.5831345319747925,xgboost
2556,2,0,0.005007687024772167,xgboost
261,2,0,0.0002386995911365375,xgboost
3807,2,0,0.04721231013536453,xgboost
3821,2,0,7.54766006139107e-05,xgboost
1345,2,0,0.000728751823771745,xgboost
2310,2,0,5.626641359413043e-05,xgboost
670,2,0,0.00019677258387673646,xgboost
3953,2,0,0.0009597258176654577,xgboost
5687,2,1,0.0013716337271034718,xgboost
151,2,0,0.00024507162743248045,xgboost
280,2,0,0.0023946613073349,xgboost
4821,2,0,0.00018692990124691278,xgboost
566,2,0,6.254328036447987e-05,xgboost
4982,2,0,0.02137206867337227,xgboost
4869,2,0,6.055038466001861e-05,xgboost
4321,2,0,8.476584480376914e-05,xgboost
4150,2,0,0.00033027486642822623,xgboost
4085,2,0,0.002498035551980138,xgboost
2425,2,0,0.00121384859085083,xgboost
4773,2,0,0.0001753261312842369,xgboost
3810,2,0,4.377296500024386e-05,xgboost
1488,2,0,0.0006370209157466888,xgboost
5683,2,1,0.9932748079299927,xgboost
1363,2,0,2.10714297281811e-05,xgboost
4558,2,0,0.0002504831936676055,xgboost
4205,2,0,8.36234466987662e-05,xgboost
3588,2,0,0.00021172742708586156,xgboost
214,2,0,1.019454521156149e-05,xgboost
1432,2,0,0.00013840683095622808,xgboost
3714,2,0,0.0008810384897515178,xgboost
3403,2,0,0.0020390122663229704,xgboost
4452,2,0,0.0009318419033661485,xgboost
3880,2,0,1.242854068550514e-05,xgboost
3670,2,0,0.004810439422726631,xgboost
5469,2,1,0.03231716901063919,xgboost
2432,2,0,0.05663825571537018,xgboost
1951,2,0,0.005308336578309536,xgboost
4657,2,0,0.00023566640447825193,xgboost
4030,2,0,0.002488312777131796,xgboost
5401,2,0,0.001158204860985279,xgboost
3231,2,0,0.0011555991368368268,xgboost
849,2,0,1.8045950127998367e-05,xgboost
3307,2,0,0.002446866827085614,xgboost
2378,2,0,9.967868390958756e-05,xgboost
1395,2,0,9.356691589346156e-05,xgboost
2681,2,0,0.0006528336671181023,xgboost
1121,2,0,0.0005607454804703593,xgboost
2993,2,0,0.12451361864805222,xgboost
2577,2,0,0.0020180600695312023,xgboost
4575,2,0,0.0011028049048036337,xgboost
2326,2,0,0.00018454896053299308,xgboost
4724,2,0,0.002489387523382902,xgboost
5474,2,1,0.501350998878479,xgboost
837,2,0,2.547728581703268e-05,xgboost
1221,2,0,0.0020631058141589165,xgboost
5245,2,0,0.00012924081238452345,xgboost
2859,2,0,0.0013723568990826607,xgboost
1519,2,0,0.00010747493070084602,xgboost
663,2,0,0.0015067575732246041,xgboost
3386,2,0,0.015048055909574032,xgboost
2111,2,0,0.00018651221762411296,xgboost
4997,2,0,7.83862269599922e-05,xgboost
1017,2,0,0.0001609578321222216,xgboost
937,2,0,6.897450930409832e-06,xgboost
4865,2,0,0.0018119385931640863,xgboost
2123,2,0,7.474715675925836e-05,xgboost
2380,2,0,0.00032348427339456975,xgboost
4514,2,0,0.027905171737074852,xgboost
743,2,0,0.00011513126082718372,xgboost
2021,2,0,0.004787811078131199,xgboost
4885,2,0,3.201247818651609e-05,xgboost
925,2,0,0.0033326249103993177,xgboost
1028,2,0,0.00016133613826241344,xgboost
383,2,0,0.0005374280153773725,xgboost
3195,2,0,0.0002182930475100875,xgboost
3241,2,0,0.04373985901474953,xgboost
3247,2,0,1.573196641402319e-05,xgboost
2594,2,0,0.00013305018364917487,xgboost
3344,2,0,0.0015839730622246861,xgboost
39,2,0,0.0030565857887268066,xgboost
3135,2,0,0.00016717464313842356,xgboost
2553,2,0,0.0023700587917119265,xgboost
1987,2,0,0.0015684510581195354,xgboost
333,2,0,0.13452136516571045,xgboost
408,2,0,0.0007504037348553538,xgboost
1544,2,0,0.00039110073703341186,xgboost
2534,2,0,0.002847034251317382,xgboost
463,2,0,0.0003169000265188515,xgboost
898,2,0,0.0002484874858055264,xgboost
3669,2,0,0.00023204521858133376,xgboost
4220,2,0,3.274514529039152e-05,xgboost
4501,2,0,5.732325007556938e-06,xgboost
5291,2,0,0.0006774091743864119,xgboost
5473,2,1,0.9863420128822327,xgboost
5513,2,1,0.002403591526672244,xgboost
401,2,0,0.0020131529308855534,xgboost
5141,2,0,2.759536619123537e-05,xgboost
201,2,0,0.06177666410803795,xgboost
5262,2,0,0.05933978408575058,xgboost
5512,2,1,0.0009975857101380825,xgboost
5138,2,0,0.004345642868429422,xgboost
4327,2,0,0.004286355804651976,xgboost
1171,2,0,0.00044557268847711384,xgboost
4186,2,0,2.32477905228734e-05,xgboost
2618,2,0,0.7322118282318115,xgboost
4245,2,0,0.00012892644735984504,xgboost
4622,2,0,0.0006275659543462098,xgboost
5195,2,0,0.0003369009355083108,xgboost
3185,2,0,1.490188606112497e-05,xgboost
124,2,0,0.000883344211615622,xgboost
3888,2,0,4.84941374452319e-05,xgboost
3686,2,0,0.0001032488071359694,xgboost
4071,2,0,0.00013261940330266953,xgboost
3310,2,0,0.00010475682938704267,xgboost
5628,2,1,0.4699292778968811,xgboost
5235,2,0,0.00017631138325668871,xgboost
4239,2,0,6.417416443582624e-06,xgboost
2308,2,0,0.0009475626284256577,xgboost
4381,2,0,0.00014866954006720334,xgboost
547,2,0,0.0007674226071685553,xgboost
4358,2,0,0.004241943359375,xgboost
224,2,0,3.493645635899156e-05,xgboost
720,2,0,0.00035897144698537886,xgboost
3901,2,0,0.0006825887248851359,xgboost
4086,2,0,1.680091372691095e-05,xgboost
769,2,0,0.0009184608934447169,xgboost
1631,2,0,0.0021125124767422676,xgboost
2271,2,0,6.926395872142166e-05,xgboost
2053,2,0,4.5337557821767405e-05,xgboost
1683,2,0,0.001512169255875051,xgboost
4249,2,0,0.0021147383376955986,xgboost
1437,2,0,0.0008165132021531463,xgboost
2838,2,0,0.009276590310037136,xgboost
3242,2,0,6.165771628729999e-05,xgboost
5072,2,0,0.00021654425654560328,xgboost
1582,2,0,7.846714288461953e-05,xgboost
2598,2,0,0.03814069926738739,xgboost
1413,2,0,0.0026129831094294786,xgboost
5078,2,0,0.00037474953569471836,xgboost
3624,2,0,0.049215007573366165,xgboost
3775,2,0,0.010116755031049252,xgboost
442,2,0,0.006343461573123932,xgboost
2036,2,0,0.3765053153038025,xgboost
1018,2,0,0.0005258691962808371,xgboost
557,2,0,0.00029663057648576796,xgboost
5433,2,0,0.0004694027593359351,xgboost
5156,2,0,0.0018892823718488216,xgboost
4189,2,0,1.264637103304267e-05,xgboost
5696,2,1,0.022809771820902824,xgboost
2946,2,0,0.001620920142158866,xgboost
4616,2,0,0.00025146210100501776,xgboost
5695,2,1,0.5756379961967468,xgboost
4158,2,0,0.015740729868412018,xgboost
2574,2,0,0.00011783927766373381,xgboost
2958,2,0,0.003956091124564409,xgboost
4984,2,0,8.695997530594468e-05,xgboost
4728,2,0,0.00017568943439982831,xgboost
3710,2,0,0.0006303948466666043,xgboost
3367,2,0,0.00010074186138808727,xgboost
4096,2,0,0.011252892203629017,xgboost
1984,2,0,0.0011748787946999073,xgboost
482,2,0,2.6426578187965788e-05,xgboost
1743,2,0,0.00019984437676612288,xgboost
5304,2,0,0.00038525936543010175,xgboost
5519,2,1,0.9503851532936096,xgboost
273,2,0,0.0006537286099046469,xgboost
1619,2,0,0.0009473509271629155,xgboost
3567,2,0,0.001314886729232967,xgboost
5383,2,0,0.004330899566411972,xgboost
563,2,0,2.7450272682472132e-05,xgboost
3432,2,0,1.172724205389386e-05,xgboost
3750,2,0,0.0010589169105514884,xgboost
4200,2,0,4.919046114082448e-05,xgboost
3698,2,0,0.0003208389098290354,xgboost
5521,2,1,0.05873336270451546,xgboost
178,2,0,0.1566622257232666,xgboost
1365,2,0,3.0045763196540065e-05,xgboost
3929,2,0,0.00016440697072539479,xgboost
4121,2,0,4.386230284580961e-05,xgboost
5554,2,1,0.9999765157699585,xgboost
295,2,0,0.0006014015525579453,xgboost
3608,2,0,0.0001505949767306447,xgboost
3713,2,0,5.3943291277391836e-05,xgboost
1558,2,0,0.003149613505229354,xgboost
1600,2,0,0.004849455785006285,xgboost
5375,2,0,0.0003522546903695911,xgboost
1995,2,0,0.007866231724619865,xgboost
1319,2,0,0.0001283718302147463,xgboost
3700,2,0,0.00011005093983840197,xgboost
3453,2,0,0.013905197381973267,xgboost
5615,2,1,0.9411762356758118,xgboost
3744,2,0,0.00014432343596126884,xgboost
5587,2,1,0.989143431186676,xgboost
376,2,0,2.104775012412574e-05,xgboost
3223,2,0,0.01645372435450554,xgboost
3408,2,0,0.005926525220274925,xgboost
2627,2,0,0.0005930371698923409,xgboost
4359,2,0,0.0004306108457967639,xgboost
4276,2,0,0.0004619377723429352,xgboost
5711,2,1,0.9982549548149109,xgboost
3985,2,0,0.2810138761997223,xgboost
2143,2,0,0.000413262692745775,xgboost
1178,2,0,0.7489809989929199,xgboost
4671,2,0,0.0001643737341510132,xgboost
3544,2,0,0.00010754002869362012,xgboost
2636,2,0,0.6154540777206421,xgboost
4834,2,0,0.00011372500739526004,xgboost
3401,2,0,0.0003263178514316678,xgboost
4100,2,0,0.004262462258338928,xgboost
4404,2,0,0.0005779520724900067,xgboost
4691,2,0,2.1842808564542793e-05,xgboost
1687,2,0,0.0006435519317165017,xgboost
303,2,0,7.501943764509633e-05,xgboost
1010,2,0,8.030680328374729e-05,xgboost
1358,2,0,0.0029874597676098347,xgboost
5016,2,0,0.0013431425904855132,xgboost
1109,2,0,0.00020911384490318596,xgboost
1400,2,0,2.068199682980776e-05,xgboost
1938,2,0,0.0044901748187839985,xgboost
3020,2,0,9.396248060511425e-05,xgboost
2757,2,0,0.00037030925159342587,xgboost
2456,2,0,7.001483754720539e-05,xgboost
900,2,0,0.01408025249838829,xgboost
3335,2,0,2.564971691754181e-05,xgboost
5314,2,0,0.0002459798997733742,xgboost
2373,2,0,0.015224367380142212,xgboost
5678,2,1,0.4696480929851532,xgboost
315,2,0,0.00042652772390283644,xgboost
3398,2,0,0.0003121545014437288,xgboost
361,2,0,8.643500041216612e-05,xgboost
4272,2,0,0.001072304672561586,xgboost
4211,2,0,0.00012954829435329884,xgboost
4566,2,0,0.10964064300060272,xgboost
986,2,0,0.04327646270394325,xgboost
4817,2,0,7.384159107459709e-05,xgboost
2575,2,0,0.0006905707414261997,xgboost
3388,2,0,0.000921642582397908,xgboost
5676,2,1,0.021105268970131874,xgboost
2219,2,0,0.0005543789593502879,xgboost
4587,2,0,0.00038990555913187563,xgboost
1417,2,0,0.0001854277215898037,xgboost
795,2,0,0.0002898995589930564,xgboost
3046,2,0,0.0005103872972540557,xgboost
1166,2,0,0.00016905558004509658,xgboost
1765,2,0,0.0031806628685444593,xgboost
2943,2,0,0.006202644668519497,xgboost
2631,2,0,0.012155326083302498,xgboost
5169,2,0,9.305484854849055e-05,xgboost
1105,2,0,0.0012156739830970764,xgboost
698,2,0,0.009307514876127243,xgboost
3908,2,0,3.7233759940136224e-05,xgboost
4863,2,0,0.004562214016914368,xgboost
4378,2,0,0.0001619557588128373,xgboost
4218,2,0,0.011101296171545982,xgboost
4803,2,0,0.00012166097440058365,xgboost
2462,2,0,0.0010032342979684472,xgboost
1265,2,0,0.000140985895995982,xgboost
3716,2,0,0.00034801437868736684,xgboost
2236,2,0,0.00026049272855743766,xgboost
2330,2,0,0.001755365403369069,xgboost
101,2,0,0.04517727717757225,xgboost
1455,2,0,0.00023603947192896158,xgboost
3540,2,0,0.0002557307598181069,xgboost
3448,2,0,0.00011760579218389466,xgboost
3332,2,0,2.6966548830387183e-05,xgboost
77,2,0,0.0008082938729785383,xgboost
1725,2,0,0.42795002460479736,xgboost
5198,2,0,0.0005336778122000396,xgboost
2682,2,0,1.4479334822681267e-05,xgboost
3833,2,0,0.00010111151641467586,xgboost
4890,2,0,0.0036630176473408937,xgboost
5837,2,1,0.9998642206192017,xgboost
1161,2,0,2.0024273908347823e-05,xgboost
746,2,0,3.88327389373444e-05,xgboost
3851,2,0,0.0015082246391102672,xgboost
1884,2,0,0.1468486487865448,xgboost
1532,2,0,0.002847547410055995,xgboost
950,2,0,0.002293969737365842,xgboost
1229,2,0,0.009776663035154343,xgboost
885,2,0,5.315485395840369e-05,xgboost
5216,2,0,0.0014715201687067747,xgboost
4828,2,0,0.186583012342453,xgboost
4908,2,0,0.002340502105653286,xgboost
2416,2,0,0.00019983276433777064,xgboost
5588,2,1,0.9887856245040894,xgboost
5599,2,1,0.13830696046352386,xgboost
2304,2,0,0.00010609145101625472,xgboost
1191,2,0,0.0009552021510899067,xgboost
2669,2,0,0.0020981580018997192,xgboost
342,2,0,8.450330642517656e-05,xgboost
2815,2,0,0.03844507783651352,xgboost
2745,2,0,0.24635076522827148,xgboost
3722,2,0,0.12996967136859894,xgboost
2268,2,0,0.004475540481507778,xgboost
846,2,0,0.00017046496213879436,xgboost
481,2,0,0.00023531792976427823,xgboost
3485,2,0,0.00019629005691967905,xgboost
389,2,0,9.526763460598886e-05,xgboost
4216,2,0,4.051282303407788e-05,xgboost
817,2,0,0.4649266302585602,xgboost
4854,2,0,0.003182407934218645,xgboost
1853,2,0,6.23273299424909e-05,xgboost
1545,2,0,0.00030358522781170905,xgboost
3842,2,0,0.00046096759615466,xgboost
360,2,0,3.817319156951271e-05,xgboost
1117,2,0,1.4219800505088642e-05,xgboost
1590,2,0,0.002197887748479843,xgboost
629,2,0,9.491435048403218e-05,xgboost
5191,2,0,0.0001754182594595477,xgboost
1926,2,0,0.018827712163329124,xgboost
3363,2,0,0.15528033673763275,xgboost
5356,2,0,0.00020352128194645047,xgboost
1576,2,0,0.0031508193351328373,xgboost
1700,2,0,0.005607305094599724,xgboost
3895,2,0,0.1033579483628273,xgboost
5211,2,0,0.003867965191602707,xgboost
520,2,0,0.00013143800606485456,xgboost
5592,2,1,0.9293608665466309,xgboost
5435,2,0,0.0005779253551736474,xgboost
4462,2,0,0.0038723198231309652,xgboost
5529,2,1,0.8777221441268921,xgboost
40,2,0,0.00018502557941246778,xgboost
2001,2,0,0.0024417845997959375,xgboost
3861,2,0,0.004123641178011894,xgboost
3089,2,0,0.8309868574142456,xgboost
2942,2,0,0.0013432903215289116,xgboost
3872,2,0,0.004898746032267809,xgboost
4504,2,0,0.0004059896164108068,xgboost
4283,2,0,0.01236689556390047,xgboost
2446,2,0,0.00013357186981011182,xgboost
4320,2,0,0.00010178676166106015,xgboost
1569,2,0,0.00021038719569332898,xgboost
3373,2,0,0.0008638164727017283,xgboost
1861,2,0,0.004668866284191608,xgboost
2511,2,0,0.0006162610370665789,xgboost
1507,2,0,0.0031165326945483685,xgboost
2286,2,0,3.161359200021252e-05,xgboost
5248,2,0,5.288632382871583e-05,xgboost
1285,2,0,0.0987420305609703,xgboost
4832,2,0,0.015670936554670334,xgboost
1425,2,0,0.00020761370251420885,xgboost
2964,2,0,4.983291364624165e-05,xgboost
1632,2,0,1.451724619982997e-05,xgboost
4397,2,0,0.00036064538289792836,xgboost
2785,2,0,0.0008954672375693917,xgboost
3891,2,0,0.0009338884265162051,xgboost
3461,2,0,3.2116349757416174e-05,xgboost
2125,2,0,0.001178902224637568,xgboost
404,2,0,0.00010165329877054319,xgboost
2018,2,0,0.11767695099115372,xgboost
1054,2,0,0.0003168036637362093,xgboost
2926,2,0,0.0001394696009811014,xgboost
4217,2,0,0.00018098426517099142,xgboost
4930,2,0,0.0002932025527115911,xgboost
2876,2,0,7.157958316383883e-05,xgboost
3697,2,0,0.00021624466171488166,xgboost
5360,2,0,0.0019516783067956567,xgboost
4988,2,0,0.027898181229829788,xgboost
4588,2,0,0.00011741686466848478,xgboost
4810,2,0,6.0875070630572736e-05,xgboost
4765,2,0,0.00019996541959699243,xgboost
1716,2,0,6.794017099309713e-05,xgboost
3749,2,0,0.0019413753179833293,xgboost
5014,2,0,0.0004039443447254598,xgboost
1219,2,0,0.00034887954825535417,xgboost
2970,2,0,0.0010929690906777978,xgboost
3002,2,0,0.0028574455063790083,xgboost
2031,2,0,0.01980351097881794,xgboost
5318,2,0,0.0004720462893601507,xgboost
200,2,0,0.0003426375624258071,xgboost
2527,2,0,0.004486026708036661,xgboost
1113,2,0,0.0001887028047349304,xgboost
585,2,0,7.15974674676545e-05,xgboost
1565,2,0,0.0004350871022325009,xgboost
181,2,0,4.080848157173023e-06,xgboost
4534,2,0,0.00014503086276818067,xgboost
3535,2,0,0.0009555615833960474,xgboost
2353,2,0,3.259650111431256e-05,xgboost
3841,2,0,0.0008413598407059908,xgboost
1997,2,0,0.0003314018249511719,xgboost
2858,2,0,0.00108638359233737,xgboost
2434,2,0,0.5233161449432373,xgboost
1672,2,0,8.769362466409802e-05,xgboost
2009,2,0,0.00015823209832888097,xgboost
148,2,0,0.00040764480945654213,xgboost
4525,2,0,7.737221312709153e-05,xgboost
5848,2,1,0.8425242900848389,xgboost
1383,2,0,3.1263027722161496e-06,xgboost
1462,2,0,0.026458822190761566,xgboost
1119,2,0,0.00035466448753140867,xgboost
2710,2,0,4.8481422709301114e-05,xgboost
5142,2,0,0.07095856219530106,xgboost
4655,2,0,0.004259535111486912,xgboost
4626,2,0,0.0038699093274772167,xgboost
3174,2,0,0.0006030316581018269,xgboost
5638,2,1,0.9986400008201599,xgboost
228,2,0,0.00060275784926489,xgboost
4000,2,0,0.00017970539920497686,xgboost
4600,2,0,5.89135306654498e-05,xgboost
1082,2,0,5.709114338969812e-05,xgboost
2133,2,0,0.0004739801515825093,xgboost
5580,2,1,0.9883661866188049,xgboost
510,2,0,7.038308831397444e-05,xgboost
4757,2,0,0.020038455724716187,xgboost
738,2,0,0.0004980730009265244,xgboost
399,2,0,0.0008403542451560497,xgboost
497,2,0,6.81702367728576e-05,xgboost
5656,2,1,0.4487767517566681,xgboost
1350,2,0,0.0006356666563078761,xgboost
956,2,0,0.00014398623898159713,xgboost
5847,2,1,0.13717523217201233,xgboost
2554,2,0,0.00023685692576691508,xgboost
4507,2,0,0.0019564004614949226,xgboost
4942,2,0,0.0007233339129015803,xgboost
3192,2,0,6.657435733359307e-05,xgboost
1830,2,0,5.341486757970415e-05,xgboost
1039,2,0,0.00016227138985414058,xgboost
494,2,0,1.9746777979889885e-05,xgboost
1460,2,0,0.0003262099053245038,xgboost
3130,2,0,0.0013977187918499112,xgboost
4805,2,0,0.0010857866145670414,xgboost
2930,2,0,5.66048693144694e-05,xgboost
5478,2,1,0.8506690859794617,xgboost
3069,2,0,1.3411608051683288e-05,xgboost
2361,2,0,3.783934880630113e-05,xgboost
560,2,0,0.00010031776764662936,xgboost
2411,2,0,1.4092319361225236e-05,xgboost
921,2,0,0.00010951307194773108,xgboost
1382,2,0,1.1192342753929552e-05,xgboost
2028,2,0,0.0002135673857992515,xgboost
3384,2,0,0.0006542069604620337,xgboost
2691,2,0,0.004832323640584946,xgboost
4619,2,0,0.000392277492210269,xgboost
260,2,0,0.00010778662544908002,xgboost
2659,2,0,6.518972077174112e-05,xgboost
3501,2,0,0.5665174126625061,xgboost
4170,2,0,0.0003326375735923648,xgboost
271,2,0,0.0014936961233615875,xgboost
1360,2,0,0.0005981338326819241,xgboost
2213,2,0,0.0005042527918703854,xgboost
995,2,0,0.0002656367141753435,xgboost
32,2,0,0.00039296786417253315,xgboost
3582,2,0,0.00928414799273014,xgboost
358,2,0,0.00021651142742484808,xgboost
770,2,0,1.627017991268076e-05,xgboost
1721,2,0,0.13580679893493652,xgboost
1183,2,0,0.00039157565333880484,xgboost
2802,2,0,0.00011553234071470797,xgboost
2345,2,0,0.00018084849580191076,xgboost
1767,2,0,5.149738353793509e-05,xgboost
2731,2,0,0.0002111508511006832,xgboost
4857,2,0,0.08871825039386749,xgboost
1650,2,0,0.0005536985700018704,xgboost
1509,2,0,2.946655331470538e-05,xgboost
1611,2,0,0.008239904418587685,xgboost
2020,2,0,7.27411825209856e-05,xgboost
2954,2,0,0.0029347885865718126,xgboost
336,2,0,0.1959124207496643,xgboost
1756,2,0,0.00027270318241789937,xgboost
4551,2,0,0.04286551475524902,xgboost
595,2,0,5.901266194996424e-05,xgboost
2786,2,0,0.0019283731235191226,xgboost
5320,2,0,0.0018255041213706136,xgboost
3939,2,0,0.0018996114376932383,xgboost
1714,2,0,0.0025039217434823513,xgboost
671,2,0,0.00014157622354105115,xgboost
4557,2,0,0.00041605281876400113,xgboost
366,2,0,9.194319864036515e-05,xgboost
2487,2,0,3.0214629077818245e-05,xgboost
3216,2,0,5.355257599148899e-05,xgboost
4838,2,0,0.0007428330718539655,xgboost
3219,2,0,2.8925034712301567e-05,xgboost
4620,2,0,0.961672842502594,xgboost
2475,2,0,8.603756577940658e-05,xgboost
507,2,0,0.005500442814081907,xgboost
1290,2,0,0.005094341468065977,xgboost
4325,2,0,9.662932279752567e-05,xgboost
1301,2,0,0.0010666928719729185,xgboost
1948,2,0,0.00018606139929033816,xgboost
2694,2,0,0.001211698167026043,xgboost
5787,2,1,0.5192617774009705,xgboost
2795,2,0,0.0006373078213073313,xgboost
1955,2,0,0.0002142894663847983,xgboost
5845,2,1,0.15069973468780518,xgboost
284,2,0,0.005787674803286791,xgboost
1160,2,0,0.0055662416853010654,xgboost
4530,2,0,0.0009821801213547587,xgboost
3558,2,0,0.000179035821929574,xgboost
2790,2,0,0.1384008228778839,xgboost
4918,2,0,0.00025435566203668714,xgboost
1663,2,0,0.0020023153629153967,xgboost
447,2,0,0.02198030985891819,xgboost
1772,2,0,0.00025559766800142825,xgboost
3,2,0,0.00019311721553094685,xgboost
3050,2,0,0.0003329300961922854,xgboost
5283,2,0,0.1171020120382309,xgboost
3674,2,0,3.535415817168541e-05,xgboost
5752,2,1,0.0007469327538274229,xgboost
2238,2,0,0.0008843678515404463,xgboost
91,2,0,0.0004907565307803452,xgboost
3537,2,0,0.0035911176819354296,xgboost
5171,2,0,0.001362712704576552,xgboost
2680,2,0,0.004065889399498701,xgboost
593,2,0,0.00022705658921040595,xgboost
27,2,0,0.0006683859974145889,xgboost
3282,2,0,0.0030619215685874224,xgboost
4005,2,0,0.0006131909904070199,xgboost
4743,2,0,0.0024408334866166115,xgboost
470,2,0,0.00015069164510350674,xgboost
213,2,0,6.977508746786043e-05,xgboost
2081,2,0,0.026871662586927414,xgboost
4740,2,0,9.082110045710579e-05,xgboost
4072,2,0,0.0002056284574791789,xgboost
2451,2,0,0.001618405687622726,xgboost
1061,2,0,0.00206743273884058,xgboost
1783,2,0,0.00010991806630045176,xgboost
1143,2,0,4.516524859354831e-05,xgboost
1516,2,0,0.00016399190644733608,xgboost
3892,2,0,0.0691683366894722,xgboost
233,2,0,0.00028769602067768574,xgboost
5424,2,0,0.0002724690129980445,xgboost
3317,2,0,0.01832493208348751,xgboost
1784,2,0,0.0009639601339586079,xgboost
5688,2,1,0.14039292931556702,xgboost
619,2,0,1.3351882444112562e-05,xgboost
4914,2,0,0.002247593831270933,xgboost
1852,2,0,0.0005218508886173368,xgboost
4776,2,0,5.6594402849441394e-05,xgboost
2256,2,0,0.020453965291380882,xgboost
521,2,0,0.00039869415923021734,xgboost
1711,2,0,0.0002622763277031481,xgboost
1924,2,0,0.01357391756027937,xgboost
1468,2,0,0.0001439648331142962,xgboost
5289,2,0,4.277100015315227e-05,xgboost
2205,2,0,5.524367588805035e-05,xgboost
955,2,0,0.009140875190496445,xgboost
3133,2,0,0.0005889555905014277,xgboost
1655,2,0,3.8093516195658594e-05,xgboost
1326,2,0,0.00034571150899864733,xgboost
119,2,0,8.818586502457038e-05,xgboost
1899,2,0,0.028584249317646027,xgboost
2721,2,0,0.0122021259739995,xgboost
4374,2,0,0.00047672330401837826,xgboost
5238,2,0,0.013966036029160023,xgboost
4360,2,0,6.363629654515535e-05,xgboost
4729,2,0,0.0001937398628797382,xgboost
4830,2,0,0.00023816856264602393,xgboost
2763,2,0,0.00010264508455293253,xgboost
3863,2,0,0.00014907610602676868,xgboost
4438,2,0,8.949293260229751e-05,xgboost
3433,2,0,0.00029482890386134386,xgboost
4497,2,0,0.0005324837402440608,xgboost
4484,2,0,0.46017539501190186,xgboost
1795,2,0,0.0006459837895818055,xgboost
4331,2,0,0.004238551016896963,xgboost
1719,2,0,0.00044924861867912114,xgboost
2507,2,0,0.0011200896697118878,xgboost
3687,2,0,0.00021107074280735105,xgboost
1508,2,0,0.000557954772375524,xgboost
1682,2,0,0.015142279677093029,xgboost
5425,2,0,0.0011205411283299327,xgboost
4001,2,0,0.0012331318575888872,xgboost
1253,2,0,0.02096608467400074,xgboost
3181,2,0,0.011628394946455956,xgboost
4769,2,0,2.4860341000021435e-05,xgboost
3727,2,0,0.00020440145453903824,xgboost
848,2,0,0.05809326469898224,xgboost
4269,2,0,0.000857104838360101,xgboost
3229,2,0,0.4571487009525299,xgboost
567,2,0,0.005477175582200289,xgboost
3539,2,0,2.646082612045575e-05,xgboost
737,2,0,0.0009548659436404705,xgboost
1066,2,0,0.0011727353557944298,xgboost
3073,2,0,7.203206041594967e-05,xgboost
4165,2,0,0.00020121759735047817,xgboost
2853,2,0,0.0435335673391819,xgboost
2265,2,0,3.365034672242473e-06,xgboost
190,2,0,4.173206980340183e-05,xgboost
3999,2,0,2.3583230358781293e-05,xgboost
1927,2,0,0.20291860401630402,xgboost
3521,2,0,0.0005163320456631482,xgboost
5517,2,1,0.7445756196975708,xgboost
2955,2,0,0.0011370497522875667,xgboost
2590,2,0,5.537295146496035e-05,xgboost
4310,2,0,0.0014054023195058107,xgboost
2113,2,0,4.5636996219400316e-05,xgboost
2096,2,0,0.0002538488479331136,xgboost
1769,2,0,0.000384718383429572,xgboost
5043,2,0,0.21645736694335938,xgboost
1903,2,0,9.88165193120949e-05,xgboost
1379,2,0,0.00012086947390343994,xgboost
4414,2,0,0.00017438728536944836,xgboost
2726,2,0,0.00010257844405714422,xgboost
5789,2,1,0.020660826936364174,xgboost
4920,2,0,1.107046591641847e-05,xgboost
2506,2,0,0.011575639247894287,xgboost
3639,2,0,0.00013091640721540898,xgboost
432,2,0,3.717259460245259e-05,xgboost
4183,2,0,6.06326648266986e-05,xgboost
3664,2,0,0.0005305072409100831,xgboost
3885,2,0,0.0003759623796213418,xgboost
1300,2,0,4.179192546871491e-05,xgboost
4816,2,0,0.0006859683780930936,xgboost
4463,2,0,0.011252118274569511,xgboost
4159,2,0,0.0031141869258135557,xgboost
4577,2,0,0.00012523488840088248,xgboost
3166,2,0,0.00013400422176346183,xgboost
936,2,0,0.00024400492839049548,xgboost
1609,2,0,0.0003761466941796243,xgboost
5332,2,0,8.838690700940788e-05,xgboost
4777,2,0,0.0005885125719942153,xgboost
1985,2,0,0.000321104220347479,xgboost
5255,2,0,0.0006026840419508517,xgboost
5806,2,1,0.12724001705646515,xgboost
3319,2,0,0.00027252876316197217,xgboost
4808,2,0,0.003229403868317604,xgboost
579,2,0,1.3469376426655799e-05,xgboost
4074,2,0,0.028878649696707726,xgboost
3936,2,0,0.0016142789972946048,xgboost
2905,2,0,0.0003175923484377563,xgboost
1944,2,0,0.016211410984396935,xgboost
5526,2,1,0.9719960689544678,xgboost
2333,2,0,2.4226081222877838e-05,xgboost
167,2,0,0.00033056025858968496,xgboost
2463,2,0,0.004142474848777056,xgboost
3894,2,0,2.2386260752682574e-05,xgboost
3481,2,0,4.3634554458549246e-05,xgboost
4580,2,0,0.004507924430072308,xgboost
3352,2,0,0.0016726896865293384,xgboost
5645,2,1,0.9953908920288086,xgboost
5698,2,1,0.0054146908223629,xgboost
139,2,0,0.00023031517048366368,xgboost
2406,2,0,0.0031128532718867064,xgboost
2543,2,0,0.0008567867917008698,xgboost
5796,2,1,0.9875067472457886,xgboost
1686,2,0,5.6816435971995816e-05,xgboost
3680,2,0,0.000339316000463441,xgboost
4442,2,0,3.496155113680288e-05,xgboost
1936,2,0,0.00039717089384794235,xgboost
5000,2,0,0.22627559304237366,xgboost
2401,2,0,0.00024155524442903697,xgboost
1169,2,0,0.014619612134993076,xgboost
2737,2,0,0.005888893269002438,xgboost
1295,2,0,0.00014103739522397518,xgboost
5798,2,1,0.05662649869918823,xgboost
4536,2,0,9.142063390754629e-06,xgboost
5217,2,0,8.457908552372828e-05,xgboost
701,2,0,0.0001555921189719811,xgboost
3610,2,0,0.0011660245945677161,xgboost
5493,2,1,0.4154593050479889,xgboost
3312,2,0,0.00015485621406696737,xgboost
350,2,0,1.2657434126595035e-05,xgboost
1465,2,0,0.00031020655296742916,xgboost
3804,2,0,0.0003263825783506036,xgboost
2833,2,0,0.0002527572214603424,xgboost
2647,2,0,0.00021410934277810156,xgboost
730,2,0,3.337284942972474e-05,xgboost
5600,2,1,0.8805636763572693,xgboost
5595,2,1,0.9902321696281433,xgboost
2918,2,0,0.0001281220029341057,xgboost
3318,2,0,0.001367306220345199,xgboost
5723,2,1,0.998984158039093,xgboost
1539,2,0,0.00586926843971014,xgboost
2990,2,0,8.338328916579485e-05,xgboost
183,2,0,0.09225136786699295,xgboost
1134,2,0,0.001068655401468277,xgboost
2743,2,0,0.009114214219152927,xgboost
1614,2,0,0.0001471870782552287,xgboost
3919,2,0,7.780185114825144e-06,xgboost
2387,2,0,0.002103976672515273,xgboost
3648,2,0,0.011727781966328621,xgboost
3440,2,0,0.0002541074645705521,xgboost
3019,2,0,2.2862028345116414e-05,xgboost
4592,2,0,0.013494758866727352,xgboost
450,2,0,0.004220380913466215,xgboost
5027,2,0,0.0009913197718560696,xgboost
297,2,0,0.19212336838245392,xgboost
5259,2,0,0.0004178693052381277,xgboost
4301,2,0,0.002666613319888711,xgboost
3294,2,0,0.00013852922711521387,xgboost
3779,2,0,0.0024376357905566692,xgboost
2734,2,0,0.0005096605163998902,xgboost
2358,2,0,0.003531819209456444,xgboost
952,2,0,8.430377783952281e-05,xgboost
3016,2,0,0.05132175236940384,xgboost
5039,2,0,0.0008473788038827479,xgboost
3725,2,0,0.0001850433909567073,xgboost
2314,2,0,0.16349580883979797,xgboost
4976,2,0,0.004297312349081039,xgboost
286,2,0,0.0005701450281776488,xgboost
5204,2,0,0.019879626110196114,xgboost
2470,2,0,0.0009873030940070748,xgboost
1623,2,0,0.001220623729750514,xgboost
2244,2,0,0.00031800410943105817,xgboost
4018,2,0,8.151061774697155e-05,xgboost
3781,2,0,0.00016643505659885705,xgboost
5197,2,0,0.018316276371479034,xgboost
1970,2,0,0.0001605764264240861,xgboost
2593,2,0,2.2833004550193436e-05,xgboost
216,2,0,0.00023380476341117173,xgboost
2374,2,0,9.854042582446709e-05,xgboost
4019,2,0,0.0020644974429160357,xgboost
4171,2,0,0.00024872642825357616,xgboost
1883,2,0,0.00028818382997997105,xgboost
3702,2,0,0.06409701704978943,xgboost
4097,2,0,0.011975719593465328,xgboost
4584,2,0,0.0018743424443528056,xgboost
2847,2,0,0.00030715452157892287,xgboost
2316,2,0,0.03867245092988014,xgboost
298,2,0,0.000747248122934252,xgboost
5153,2,0,0.00013269756163936108,xgboost
4347,2,0,0.4472247064113617,xgboost
4528,2,0,0.0016959815984591842,xgboost
3678,2,0,1.2024706848023925e-05,xgboost
4229,2,0,0.00010194752394454554,xgboost
3506,2,0,0.0003545678046066314,xgboost
2137,2,0,5.1794759201584384e-05,xgboost
3225,2,0,0.0002446472062729299,xgboost
5008,2,0,0.008113584481179714,xgboost
5808,2,1,0.18154296278953552,xgboost
251,2,0,0.00015570032701361924,xgboost
725,2,0,6.808304897276685e-05,xgboost
3497,2,0,0.0006570540717802942,xgboost
1585,2,0,0.0005213678814470768,xgboost
3105,2,0,0.0006156047456897795,xgboost
5222,2,0,0.00010025808296632022,xgboost
5742,2,1,0.001274837413802743,xgboost
4503,2,0,0.00017033969925250858,xgboost
828,2,0,0.8493850827217102,xgboost
4660,2,0,0.2871999442577362,xgboost
4068,2,0,0.3316166400909424,xgboost
4710,2,0,0.006606806069612503,xgboost
3690,2,0,0.002057186560705304,xgboost
3222,2,0,0.00017063946870621294,xgboost
2149,2,0,4.46589219791349e-05,xgboost
2332,2,0,2.8657770599238575e-05,xgboost
1730,2,0,9.715782653074712e-05,xgboost
2718,2,0,0.0007269265479408205,xgboost
4168,2,0,2.360372855036985e-05,xgboost
4605,2,0,0.001828931737691164,xgboost
775,2,0,0.00014421310334000736,xgboost
5347,2,0,4.444348087417893e-05,xgboost
1799,2,0,0.00039139518048614264,xgboost
3947,2,0,0.007899118587374687,xgboost
2808,2,0,2.127220250258688e-05,xgboost
3172,2,0,0.03135997802019119,xgboost
5790,2,1,0.030365698039531708,xgboost
2764,2,0,0.007363215088844299,xgboost
5300,2,0,0.009222937747836113,xgboost
2069,2,0,0.004462741315364838,xgboost
2324,2,0,0.009649538435041904,xgboost
4925,2,0,0.001779664191417396,xgboost
806,2,0,0.001997492043301463,xgboost
4395,2,0,0.003836807794868946,xgboost
262,2,0,5.503608190338127e-05,xgboost
3791,2,0,0.0013122600503265858,xgboost
4522,2,0,0.00015748851001262665,xgboost
2059,2,0,0.0002643051266204566,xgboost
569,2,0,0.00011610220826696604,xgboost
1227,2,0,0.0004683336883317679,xgboost
4935,2,0,0.007605192717164755,xgboost
2120,2,0,0.002663352293893695,xgboost
5459,2,1,0.29453229904174805,xgboost
362,2,0,2.8689242753898725e-05,xgboost
2695,2,0,0.00026313267881050706,xgboost
3320,2,0,0.00242448877543211,xgboost
2015,2,0,0.0002503213472664356,xgboost
1380,2,0,0.007232058327645063,xgboost
4767,2,0,0.00022982007067184895,xgboost
4387,2,0,5.528915789909661e-05,xgboost
4615,2,0,0.0001539384393254295,xgboost
386,2,0,0.0004961983649991453,xgboost
4340,2,0,0.00039194856071844697,xgboost
418,2,0,0.00038446119287982583,xgboost
4446,2,0,0.0006535759894177318,xgboost
4295,2,0,0.0016976811457425356,xgboost
5342,2,0,0.0005132757360115647,xgboost
3852,2,0,0.0016702588181942701,xgboost
3075,2,0,0.00010033622675109655,xgboost
3896,2,0,0.001228435430675745,xgboost
1750,2,0,0.0005163023015484214,xgboost
1675,2,0,0.016312023624777794,xgboost
3864,2,0,6.656453024334041e-06,xgboost
3167,2,0,6.261745875235647e-05,xgboost
1667,2,0,0.0004008051473647356,xgboost
2564,2,0,0.028507521376013756,xgboost
3629,2,0,0.004732436966150999,xgboost
5630,2,1,0.9494896531105042,xgboost
4264,2,0,0.00034188918652944267,xgboost
5682,2,1,0.998870313167572,xgboost
1260,2,0,0.002381803235039115,xgboost
199,2,0,0.005717990454286337,xgboost
1349,2,0,0.0030347895808517933,xgboost
3360,2,0,9.306300489697605e-05,xgboost
3379,2,0,0.00024983921321108937,xgboost
377,2,0,6.21873332420364e-05,xgboost
3494,2,0,0.00013111115549691021,xgboost
2687,2,0,5.6540186051279306e-05,xgboost
2135,2,0,1.6011616025934927e-05,xgboost
2994,2,0,0.0023811901919543743,xgboost
2351,2,0,0.04438164457678795,xgboost
1281,2,0,0.00020772973948623985,xgboost
2760,2,0,1.3975294677948114e-05,xgboost
3493,2,0,6.890971417305991e-05,xgboost
1009,2,0,0.05944026634097099,xgboost
258,2,0,0.0004037191392853856,xgboost
2430,2,0,1.9620110833784565e-05,xgboost
1542,2,0,2.6925074052996933e-05,xgboost
979,2,0,6.444381142500788e-05,xgboost
5056,2,0,0.0002745336969383061,xgboost
739,2,0,4.81960378238e-05,xgboost
3772,3,0,0.5566816611660307,lightgbm
3897,3,0,4.627481662430802e-06,lightgbm
1657,3,0,5.935400988459925e-08,lightgbm
5135,3,0,1.8829814933326126e-06,lightgbm
3565,3,0,1.3722543968362495e-09,lightgbm
3987,3,0,8.193743448122147e-10,lightgbm
4127,3,0,2.78903381414434e-07,lightgbm
1822,3,0,4.779501675449819e-07,lightgbm
1966,3,0,3.7985428465874675e-08,lightgbm
2776,3,0,0.00013737304889314888,lightgbm
4826,3,0,1.1915893048314724e-09,lightgbm
723,3,0,8.761385946479577e-09,lightgbm
5068,3,0,0.004548942916910568,lightgbm
120,3,0,8.121631618491763e-09,lightgbm
4201,3,0,5.7652333403802526e-08,lightgbm
4733,3,0,1.0948928497403678e-08,lightgbm
1043,3,0,4.659034917364067e-08,lightgbm
3882,3,0,2.9014303475293372e-08,lightgbm
1546,3,0,2.264281812522049e-09,lightgbm
462,3,0,5.160570087815742e-09,lightgbm
4338,3,0,7.840952643321724e-09,lightgbm
3605,3,0,7.268236073514388e-06,lightgbm
2153,3,0,3.842404702532281e-09,lightgbm
3239,3,0,1.1335313385174941e-06,lightgbm
4783,3,0,1.0269267878885511e-05,lightgbm
347,3,0,1.207030765062654e-06,lightgbm
2248,3,0,7.2886388376192675e-09,lightgbm
4210,3,0,1.2211350664600574e-08,lightgbm
4253,3,0,3.605457192094777e-08,lightgbm
1652,3,0,9.765700248140322e-09,lightgbm
4494,3,0,6.279364173343128e-08,lightgbm
618,3,0,3.4377005456383697e-06,lightgbm
476,3,0,1.9469853584301396e-06,lightgbm
1950,3,0,3.591114511040291e-09,lightgbm
4835,3,0,7.931268456083126e-09,lightgbm
4567,3,0,4.372686923172793e-06,lightgbm
2645,3,0,0.0007188459104849507,lightgbm
1225,3,0,7.816869835828748e-11,lightgbm
942,3,0,1.8654509960198616e-09,lightgbm
3576,3,0,2.0626631929503918e-08,lightgbm
1812,3,0,2.3725585111102665e-08,lightgbm
4376,3,0,1.8467858040494843e-08,lightgbm
5355,3,0,3.265522558887733e-08,lightgbm
1537,3,0,3.603938549640169e-08,lightgbm
5803,3,1,0.9999886456532048,lightgbm
1412,3,0,2.2428496449417454e-08,lightgbm
218,3,0,8.875521725243336e-09,lightgbm
4512,3,0,5.805495866675768e-08,lightgbm
4034,3,0,7.303542039936077e-08,lightgbm
3455,3,0,0.00011181943909800302,lightgbm
812,3,0,1.6250695603844377e-07,lightgbm
766,3,0,2.014990650294325e-09,lightgbm
2054,3,0,1.0099973179591917e-08,lightgbm
5665,3,1,0.9999679837423641,lightgbm
5505,3,1,0.004362384706331029,lightgbm
1673,3,0,6.007118743209677e-06,lightgbm
243,3,0,1.2439379827016069e-05,lightgbm
1577,3,0,0.0005505479430205589,lightgbm
1218,3,0,4.276642559142155e-08,lightgbm
1943,3,0,2.6048688716842436e-09,lightgbm
587,3,0,9.40784211368597e-08,lightgbm
1452,3,0,9.479219152736519e-08,lightgbm
2038,3,0,0.999997784957107,lightgbm
1165,3,0,6.824143488682099e-08,lightgbm
372,3,0,1.3475657673179582e-09,lightgbm
3636,3,0,4.593972835052677e-06,lightgbm
4790,3,0,3.63319308659056e-07,lightgbm
2360,3,0,4.6589413263272996e-07,lightgbm
3526,3,0,2.6456793332549926e-07,lightgbm
1120,3,0,5.268705483328625e-08,lightgbm
1292,3,0,2.998472674903285e-09,lightgbm
1697,3,0,8.332507426194614e-09,lightgbm
4585,3,0,1.1076518473241987e-09,lightgbm
2765,3,0,4.276906119824761e-06,lightgbm
620,3,0,7.941478117788407e-09,lightgbm
2103,3,0,1.307281539383394e-05,lightgbm
3034,3,0,2.8030058244118193e-09,lightgbm
1348,3,0,2.0185860046994517e-08,lightgbm
3341,3,0,1.202282464749291e-07,lightgbm
1734,3,0,6.172223659858902e-11,lightgbm
3976,3,0,2.609271342588386e-09,lightgbm
944,3,0,1.9030048092930838e-08,lightgbm
4543,3,0,1.6594089838509213e-08,lightgbm
3003,3,0,9.903894404151215e-10,lightgbm
3176,3,0,4.688694316279035e-05,lightgbm
755,3,0,8.689146795923676e-10,lightgbm
4261,3,0,1.336214866106489e-05,lightgbm
759,3,0,6.045163523833556e-07,lightgbm
3776,3,0,5.629284202256879e-07,lightgbm
1760,3,0,0.00012543271922430015,lightgbm
296,3,0,5.65179418686683e-10,lightgbm
5516,3,1,0.11711338438750915,lightgbm
3268,3,0,2.2075753777426028e-07,lightgbm
1562,3,0,9.205524135779181e-08,lightgbm
2469,3,0,1.573601999853933e-07,lightgbm
3063,3,0,3.6797164671080396e-10,lightgbm
5275,3,0,2.2059575186885256e-09,lightgbm
1620,3,0,3.5479447652373344e-06,lightgbm
3728,3,0,3.559590636115857e-10,lightgbm
449,3,0,2.2088237256815523e-09,lightgbm
5684,3,1,0.8705192372252931,lightgbm
1555,3,0,5.037525200417361e-08,lightgbm
4080,3,0,8.818937540044403e-08,lightgbm
1245,3,0,3.5771628799475113e-07,lightgbm
3789,3,0,4.863562518953321e-05,lightgbm
4092,3,0,0.00014169122927391054,lightgbm
4277,3,0,8.617011477676543e-07,lightgbm
4599,3,0,2.1695752663475182e-08,lightgbm
1391,3,0,6.8200053523482475e-09,lightgbm
5533,3,1,0.999999324545601,lightgbm
970,3,0,1.067530302917845e-08,lightgbm
2199,3,0,2.725459461158766e-07,lightgbm
1854,3,0,5.3608896281611645e-05,lightgbm
4644,3,0,3.199609551520745e-08,lightgbm
3131,3,0,4.029985889426771e-08,lightgbm
963,3,0,3.443263137135473e-07,lightgbm
3221,3,0,5.987413045442615e-08,lightgbm
1286,3,0,4.3959351023893e-09,lightgbm
3731,3,0,1.5951801132044127e-06,lightgbm
4433,3,0,0.4496283794543774,lightgbm
5203,3,0,4.151313707319812e-06,lightgbm
2368,3,0,0.575945490817002,lightgbm
4486,3,0,5.547936799623568e-08,lightgbm
5503,3,1,2.44207659164562e-07,lightgbm
3267,3,0,5.384461604634815e-09,lightgbm
2230,3,0,2.5849044161207234e-08,lightgbm
5663,3,1,0.9975732570486721,lightgbm
5697,3,1,0.9948954778761466,lightgbm
5706,3,1,0.9999979538006832,lightgbm
5623,3,1,0.9999992418646478,lightgbm
2264,3,0,1.4150149641821018e-08,lightgbm
5193,3,0,1.0270830861246838e-06,lightgbm
2165,3,0,2.547162382514918e-09,lightgbm
4533,3,0,2.6958032759012386e-06,lightgbm
5527,3,1,0.9993797148749306,lightgbm
3652,3,0,1.4753586318848057e-09,lightgbm
69,3,0,1.0080594758724491e-10,lightgbm
2629,3,0,0.0007341778055421542,lightgbm
3340,3,0,1.1039600909023995e-08,lightgbm
1209,3,0,9.991059567732759e-09,lightgbm
3871,3,0,1.2287327545186679e-05,lightgbm
1593,3,0,2.305583818883276e-06,lightgbm
1550,3,0,1.8664604292099896e-08,lightgbm
4457,3,0,0.0002348855218420012,lightgbm
4782,3,0,4.5870153413721283e-07,lightgbm
4739,3,0,2.0573177815523114e-07,lightgbm
5434,3,0,8.133159696869848e-11,lightgbm
75,3,0,1.3923548579921514e-08,lightgbm
534,3,0,2.348792928421397e-05,lightgbm
1841,3,0,4.743350756401303e-10,lightgbm
4721,3,0,1.803441651184897e-08,lightgbm
537,3,0,0.7507746435061979,lightgbm
689,3,0,2.1088933876061497e-08,lightgbm
378,3,0,5.202977794681279e-10,lightgbm
744,3,0,7.987906094390787e-08,lightgbm
2492,3,0,1.003578394599785e-09,lightgbm
4723,3,0,8.570632328140805e-09,lightgbm
1739,3,0,6.978196350814224e-09,lightgbm
2026,3,0,4.485970983252957e-09,lightgbm
2818,3,0,4.795106690388758e-09,lightgbm
5522,3,1,0.00041295919287434894,lightgbm
5205,3,0,5.296961542867368e-11,lightgbm
4715,3,0,0.0002756377917020696,lightgbm
4703,3,0,3.3455812436811334e-07,lightgbm
5819,3,1,0.037528864904290304,lightgbm
17,3,0,1.2384206796149696e-08,lightgbm
3155,3,0,0.0002510459286307045,lightgbm
4290,3,0,5.975900785346794e-09,lightgbm
535,3,0,1.8952077300243918e-05,lightgbm
2820,3,0,7.531987720241651e-10,lightgbm
2585,3,0,1.1293384838871457e-10,lightgbm
940,3,0,4.611716686429528e-07,lightgbm
4297,3,0,2.823012357779744e-07,lightgbm
2860,3,0,1.657341324465562e-08,lightgbm
4440,3,0,4.981856824228027e-08,lightgbm
4382,3,0,5.751847875876399e-07,lightgbm
3021,3,0,2.083095008922025e-08,lightgbm
484,3,0,1.1827903178751021e-08,lightgbm
4994,3,0,1.2736245480847133e-09,lightgbm
2560,3,0,2.4626395743853173e-10,lightgbm
2688,3,0,3.640677524927377e-10,lightgbm
388,3,0,8.732990045850293e-07,lightgbm
259,3,0,7.232182248356103e-08,lightgbm
4859,3,0,7.016851698007619e-06,lightgbm
403,3,0,9.293274779114335e-10,lightgbm
550,3,0,1.254603512640043e-06,lightgbm
3584,3,0,1.3057124820227748e-08,lightgbm
808,3,0,6.312983898045675e-08,lightgbm
1851,3,0,5.6538375938944814e-08,lightgbm
5385,3,0,6.7397382800426015e-06,lightgbm
1964,3,0,4.537817157133452e-06,lightgbm
2092,3,0,4.0587239252677404e-08,lightgbm
2134,3,0,1.6259564404366853e-09,lightgbm
4972,3,0,0.0003347054117614387,lightgbm
3138,3,0,1.053028929255771e-07,lightgbm
5025,3,0,1.2683781535652088e-07,lightgbm
5731,3,1,0.8264229054449346,lightgbm
4482,3,0,1.4977750905397958e-06,lightgbm
904,3,0,1.749255345211038e-08,lightgbm
5395,3,0,1.3224689693754707e-06,lightgbm
335,3,0,0.16790410100247297,lightgbm
1770,3,0,1.6414277266613086e-07,lightgbm
1931,3,0,1.4608654852337234e-05,lightgbm
3346,3,0,0.00013611596750032909,lightgbm
1962,3,0,6.221091113153142e-09,lightgbm
1142,3,0,1.4419195776808553e-08,lightgbm
752,3,0,1.7360225539904872e-06,lightgbm
2186,3,0,3.4476391012625944e-09,lightgbm
2312,3,0,4.1449904089761086e-05,lightgbm
1441,3,0,3.44962122043317e-08,lightgbm
5352,3,0,2.019053762358703e-08,lightgbm
5391,3,0,3.5076860924382733e-09,lightgbm
4802,3,0,1.7028819749930424e-09,lightgbm
2614,3,0,1.129283392153462e-09,lightgbm
606,3,0,1.5697613629316814e-07,lightgbm
5748,3,1,0.00255446663100307,lightgbm
461,3,0,5.615737296361915e-09,lightgbm
2057,3,0,0.0008271629029415373,lightgbm
1547,3,0,2.0379325347760617e-05,lightgbm
1510,3,0,3.7591304484405225e-08,lightgbm
1273,3,0,0.005692054174475454,lightgbm
3187,3,0,8.250388181675611e-09,lightgbm
2576,3,0,3.0590259738134425e-06,lightgbm
3777,3,0,4.709438809732466e-07,lightgbm
2766,3,0,8.412863487558274e-08,lightgbm
72,3,0,2.366058549765817e-10,lightgbm
3778,3,0,8.764163194005318e-05,lightgbm
5107,3,0,2.7901660934535885e-09,lightgbm
4663,3,0,7.421064597713047e-08,lightgbm
511,3,0,1.7898288870363374e-06,lightgbm
3051,3,0,7.636494409021648e-06,lightgbm
480,3,0,3.7098985980633145e-10,lightgbm
981,3,0,0.00013680211875641914,lightgbm
3374,3,0,4.1515858725153385e-09,lightgbm
3357,3,0,4.3348690709539374e-05,lightgbm
3120,3,0,1.60463047112898e-07,lightgbm
2844,3,0,5.1552032318541054e-06,lightgbm
2956,3,0,5.774206693983427e-07,lightgbm
4623,3,0,7.468959300335765e-08,lightgbm
5602,3,1,1.9749226626917953e-06,lightgbm
3464,3,0,7.042062959686912e-09,lightgbm
3513,3,0,2.2831702491606355e-08,lightgbm
4697,3,0,1.9232177950400656e-10,lightgbm
2807,3,0,7.357843084692204e-07,lightgbm
2450,3,0,7.59580996734467e-10,lightgbm
4884,3,0,6.549066104779552e-08,lightgbm
1129,3,0,7.214733686290902e-06,lightgbm
5384,3,0,7.362481186892228e-08,lightgbm
4845,3,0,3.7695063350159316e-09,lightgbm
1916,3,0,8.052821030245259e-09,lightgbm
4844,3,0,2.0346094938022935e-10,lightgbm
147,3,0,4.2845049659041214e-08,lightgbm
4058,3,0,4.0195381743155105e-06,lightgbm
5240,3,0,1.2451279911127682e-06,lightgbm
2907,3,0,1.498424859809382e-06,lightgbm
1751,3,0,3.535650489646343e-07,lightgbm
5536,3,1,2.4531061768632966e-05,lightgbm
4017,3,0,1.3757617428972139e-10,lightgbm
1139,3,0,7.123883192026781e-09,lightgbm
1098,3,0,5.319559603831602e-10,lightgbm
4495,3,0,1.1074715729475883e-08,lightgbm
2084,3,0,3.781395892793655e-07,lightgbm
5539,3,1,0.083296468294929,lightgbm
1813,3,0,8.908841947954493e-05,lightgbm
679,3,0,1.3464566902830628e-08,lightgbm
2282,3,0,6.885095783464271e-07,lightgbm
1980,3,0,0.09021818159953318,lightgbm
2921,3,0,6.778273313867015e-06,lightgbm
3798,3,0,3.070489438989098e-08,lightgbm
4647,3,0,0.020683396594698145,lightgbm
2537,3,0,2.2845460390083443e-10,lightgbm
1963,3,0,5.148721779176032e-08,lightgbm
5100,3,0,3.863202132675769e-06,lightgbm
5001,3,0,6.280631671735007e-10,lightgbm
4101,3,0,1.5421525368224163e-08,lightgbm
803,3,0,0.015202490274104087,lightgbm
4209,3,0,3.3483632958422166e-08,lightgbm
5206,3,0,6.231549400653607e-08,lightgbm
2620,3,0,0.40961488718419375,lightgbm
4084,3,0,0.21054741665710677,lightgbm
5353,3,0,2.689894310240358e-07,lightgbm
44,3,0,3.808600172867042e-08,lightgbm
813,3,0,3.412703555356797e-07,lightgbm
1440,3,0,1.393185749785148e-07,lightgbm
3846,3,0,5.171034821405884e-08,lightgbm
3707,3,0,2.1821115816236154e-09,lightgbm
2399,3,0,1.2090957399655321e-09,lightgbm
4069,3,0,1.5591986612064838e-09,lightgbm
3018,3,0,2.7982303683357043e-09,lightgbm
4798,3,0,1.1458937796075625e-09,lightgbm
5707,3,1,0.9199468872317251,lightgbm
394,3,0,3.2926972153199446e-08,lightgbm
1256,3,0,4.235862082602303e-08,lightgbm
3085,3,0,2.2773906413695585e-09,lightgbm
21,3,0,8.601177321915149e-11,lightgbm
691,3,0,4.242640804567166e-07,lightgbm
149,3,0,7.979002103499294e-08,lightgbm
4696,3,0,6.570793996202023e-05,lightgbm
1313,3,0,1.2977807050759813e-09,lightgbm
4970,3,0,4.785570121873308e-05,lightgbm
4458,3,0,6.665229857327607e-10,lightgbm
4879,3,0,9.448653789429818e-11,lightgbm
2986,3,0,1.0897193601393225e-07,lightgbm
2471,3,0,1.1990229636209486e-07,lightgbm
2371,3,0,2.3049865062180495e-09,lightgbm
3028,3,0,5.258227594345888e-07,lightgbm
495,3,0,6.011608256631432e-09,lightgbm
1872,3,0,7.632690294089255e-09,lightgbm
2642,3,0,9.396128293803718e-06,lightgbm
4154,3,0,8.011717630711803e-06,lightgbm
2433,3,0,4.484460813658136e-08,lightgbm
3547,3,0,1.0899481436934625e-09,lightgbm
4537,3,0,5.2327206911355195e-08,lightgbm
2770,3,0,1.0515905434874285e-07,lightgbm
4899,3,0,5.337481488914027e-08,lightgbm
1220,3,0,1.9994434347003757e-10,lightgbm
79,3,0,1.7222238185964827e-06,lightgbm
5472,3,1,0.9996748785823716,lightgbm
1810,3,0,3.0806596970240282e-09,lightgbm
554,3,0,0.13644053414530644,lightgbm
3429,3,0,0.00013101115628418093,lightgbm
4471,3,0,1.0729115109160507e-08,lightgbm
1466,3,0,1.6295185719051387e-05,lightgbm
5390,3,0,2.1761380311911417e-09,lightgbm
1269,3,0,1.2658030304863348e-09,lightgbm
1459,3,0,1.4490585840832176e-07,lightgbm
4410,3,0,1.4949159381266068e-08,lightgbm
5712,3,1,0.037069598650906845,lightgbm
4076,3,0,1.3415447240056095e-08,lightgbm
2152,3,0,1.319227304190952e-09,lightgbm
3706,3,0,2.0492355050520582e-08,lightgbm
1840,3,0,4.261460454450727e-07,lightgbm
2291,3,0,1.560006431088613e-09,lightgbm
4877,3,0,8.377299285473935e-09,lightgbm
5760,3,1,0.9997695956759733,lightgbm
1825,3,0,9.07075822157504e-08,lightgbm
3796,3,0,2.9797870344462314e-07,lightgbm
1102,3,0,6.92309888397012e-10,lightgbm
4425,3,0,6.372534145972766e-07,lightgbm
1453,3,0,1.4901371366148392e-06,lightgbm
3419,3,0,6.488561225769041e-06,lightgbm
4435,3,0,8.093963050373171e-09,lightgbm
4730,3,0,5.232623773133637e-09,lightgbm
1058,3,0,2.870076056964445e-07,lightgbm
3780,3,0,2.0382411288004046e-06,lightgbm
400,3,0,1.6236994380514348e-08,lightgbm
4048,3,0,3.360527894077217e-08,lightgbm
5073,3,0,4.41456514522692e-08,lightgbm
1649,3,0,1.3884277120435996e-06,lightgbm
3977,3,0,1.3257726565735606e-07,lightgbm
1474,3,0,8.650915836655664e-09,lightgbm
4964,3,0,2.1684230523295624e-07,lightgbm
2076,3,0,2.532250357621444e-07,lightgbm
4594,3,0,1.5787284081614793e-08,lightgbm
4948,3,0,2.1636795239508998e-07,lightgbm
4901,3,0,7.575818574469266e-05,lightgbm
1199,3,0,2.351699681379093e-08,lightgbm
786,3,0,5.34849217870548e-07,lightgbm
5176,3,0,1.1310008300992428e-05,lightgbm
2006,3,0,1.977621480180774e-07,lightgbm
4450,3,0,1.1505508732607901e-07,lightgbm
4875,3,0,0.999991079932397,lightgbm
2520,3,0,3.156335276736306e-08,lightgbm
479,3,0,1.3351629620294853e-09,lightgbm
4553,3,0,4.857020057193046e-10,lightgbm
3646,3,0,6.582244503954589e-09,lightgbm
2933,3,0,5.8488585427886425e-06,lightgbm
5365,3,0,8.181240733472031e-08,lightgbm
5348,3,0,3.783172050357672e-06,lightgbm
4432,3,0,8.288294329555682e-09,lightgbm
70,3,0,1.7322089621756058e-08,lightgbm
978,3,0,2.6505564967079343e-08,lightgbm
1208,3,0,2.8280003463859415e-09,lightgbm
1967,3,0,2.4761267382768347e-08,lightgbm
4868,3,0,4.040201984019604e-07,lightgbm
1159,3,0,1.3810007378950258e-08,lightgbm
30,3,0,2.957752831881836e-08,lightgbm
3555,3,0,2.235267366358673e-07,lightgbm
2397,3,0,5.5964917930995945e-05,lightgbm
1072,3,0,2.9742192091934667e-08,lightgbm
5440,3,0,4.874027550066644e-09,lightgbm
4789,3,0,1.1103417573859725e-08,lightgbm
1110,3,0,4.739567293380049e-07,lightgbm
3471,3,0,1.1682313510777744e-08,lightgbm
3397,3,0,5.27705541434012e-09,lightgbm
3008,3,0,2.881356451212452e-06,lightgbm
4658,3,0,9.861222009677934e-07,lightgbm
5172,3,0,2.1034239042528965e-06,lightgbm
5202,3,0,7.387963455052034e-10,lightgbm
402,3,0,1.9801427500559253e-10,lightgbm
66,3,0,1.2832700825942318e-08,lightgbm
1878,3,0,2.170071656967938e-08,lightgbm
2751,3,0,5.9711195212508144e-09,lightgbm
4811,3,0,3.839819638821096e-09,lightgbm
4160,3,0,2.0855726134452637e-08,lightgbm
5431,3,0,2.0542264593909623e-08,lightgbm
867,3,0,1.090151312601304e-06,lightgbm
2884,3,0,4.009008609238681e-09,lightgbm
1378,3,0,7.429946563830632e-05,lightgbm
3509,3,0,3.657718210513223e-06,lightgbm
553,3,0,1.945493067193159e-09,lightgbm
3989,3,0,2.223009685825128e-08,lightgbm
1473,3,0,2.5067353155733104e-06,lightgbm
523,3,0,5.282419757501324e-08,lightgbm
5833,3,1,0.9999647467912802,lightgbm
3948,3,0,3.440864721886238e-08,lightgbm
2297,3,0,6.641039973087145e-07,lightgbm
974,3,0,1.044591721353632e-08,lightgbm
2789,3,0,1.7159092642029948e-09,lightgbm
4050,3,0,2.0246125233539236e-10,lightgbm
5744,3,1,1.1893845486196095e-06,lightgbm
2541,3,0,0.00027846262573246735,lightgbm
5811,3,1,0.9999939256507148,lightgbm
5657,3,1,0.9999986090542298,lightgbm
2803,3,0,2.8528714271949816e-10,lightgbm
931,3,0,6.925883905801652e-10,lightgbm
4993,3,0,1.542011811091313e-08,lightgbm
5029,3,0,0.0002476826998948525,lightgbm
3443,3,0,4.486740233596321e-08,lightgbm
133,3,0,4.44128454979896e-10,lightgbm
2587,3,0,4.035057283076323e-08,lightgbm
1896,3,0,5.745772308760616e-07,lightgbm
4051,3,0,0.0012192595296367382,lightgbm
888,3,0,8.97273529992885e-09,lightgbm
5717,3,1,0.00023854297443283483,lightgbm
603,3,0,2.8548985967515196e-08,lightgbm
4237,3,0,1.855277310485906e-08,lightgbm
175,3,0,8.129068201358024e-10,lightgbm
4795,3,0,1.3072747398777598e-06,lightgbm
2762,3,0,5.039826357015298e-08,lightgbm
1702,3,0,1.1042256483808503e-07,lightgbm
5239,3,0,2.3033953872649627e-08,lightgbm
2083,3,0,7.885529732129569e-10,lightgbm
3723,3,0,7.942592569457912e-08,lightgbm
3421,3,0,4.6241542159692666e-07,lightgbm
3325,3,0,2.2922994005299153e-09,lightgbm
174,3,0,5.250199659639654e-07,lightgbm
2894,3,0,8.141853703180355e-09,lightgbm
114,3,0,2.4071514906517837e-07,lightgbm
5083,3,0,2.9650210578752448e-08,lightgbm
1524,3,0,1.6282432539189416e-08,lightgbm
4026,3,0,3.685705602137777e-07,lightgbm
2496,3,0,1.036369828474855e-08,lightgbm
4611,3,0,9.973312058517791e-05,lightgbm
4792,3,0,3.6541764839811904e-09,lightgbm
1745,3,0,4.156221348278212e-09,lightgbm
909,3,0,2.776867768494833e-07,lightgbm
4645,3,0,9.440651695649547e-06,lightgbm
1130,3,0,4.770180018676533e-10,lightgbm
1720,3,0,3.181400369675137e-08,lightgbm
1645,3,0,9.65158885196162e-09,lightgbm
2363,3,0,0.0002050303391534671,lightgbm
4308,3,0,2.0474818457406485e-08,lightgbm
1186,3,0,7.016314717673439e-09,lightgbm
2693,3,0,1.018463589547238e-06,lightgbm
5327,3,0,5.678294925686704e-05,lightgbm
2206,3,0,6.21758512102298e-07,lightgbm
827,3,0,8.52308101755196e-05,lightgbm
734,3,0,1.603026972189512e-09,lightgbm
145,3,0,2.3875337250412086e-07,lightgbm
5200,3,0,0.00041568057741551246,lightgbm
1529,3,0,8.364266409614873e-10,lightgbm
4037,3,0,6.0825737271372304e-05,lightgbm
2048,3,0,9.302658066994085e-11,lightgbm
4045,3,0,1.513578764990987e-09,lightgbm
1235,3,0,1.2422070897560603e-08,lightgbm
2791,3,0,1.5053019648326325e-08,lightgbm
3189,3,0,1.9935190753200885e-10,lightgbm
3049,3,0,9.214304301846667e-08,lightgbm
3527,3,0,4.331662708762126e-07,lightgbm
5679,3,1,0.1417605200039274,lightgbm
1816,3,0,1.1465188049391688e-09,lightgbm
1158,3,0,7.801978500510977e-08,lightgbm
2065,3,0,2.0398812694732528e-08,lightgbm
1691,3,0,3.4315774887282086e-07,lightgbm
3180,3,0,4.408350194013765e-10,lightgbm
2787,3,0,4.1973259618884325e-09,lightgbm
3773,3,0,1.3383817261729339e-09,lightgbm
1341,3,0,1.1333637876269428e-07,lightgbm
5269,3,0,6.148533296559341e-07,lightgbm
4906,3,0,1.4217044572425223e-10,lightgbm
2200,3,0,4.95720375197236e-09,lightgbm
5049,3,0,1.0812207635908514e-06,lightgbm
2052,3,0,1.3169012906689534e-06,lightgbm
275,3,0,1.9490865880675674e-09,lightgbm
3173,3,0,2.5804148089029187e-06,lightgbm
3382,3,0,4.895221314682207e-10,lightgbm
28,3,0,1.5510191408389762e-09,lightgbm
1845,3,0,9.466025007250292e-10,lightgbm
4143,3,0,2.3674445750660798e-07,lightgbm
833,3,0,7.316075416466742e-10,lightgbm
5396,3,0,1.2969678373229734e-08,lightgbm
42,3,0,1.4787655530691361e-08,lightgbm
2644,3,0,4.0648038589931905e-08,lightgbm
958,3,0,2.0905702109543677e-10,lightgbm
2886,3,0,8.589402941869016e-08,lightgbm
156,3,0,3.364936705532667e-08,lightgbm
2147,3,0,3.3126512818851926e-09,lightgbm
3784,3,0,8.969873484986959e-05,lightgbm
3907,3,0,2.170473824966331e-06,lightgbm
5145,3,0,9.701418483277351e-08,lightgbm
173,3,0,1.4151823445986496e-09,lightgbm
5471,3,1,0.0034996057908868645,lightgbm
4539,3,0,3.0093699592453902e-05,lightgbm
264,3,0,0.00010726420647751176,lightgbm
1499,3,0,2.7569803522880208e-06,lightgbm
1232,3,0,5.719041905911861e-09,lightgbm
2752,3,0,7.303892977656868e-07,lightgbm
4732,3,0,1.808294982362553e-05,lightgbm
2521,3,0,5.837678729656041e-09,lightgbm
973,3,0,3.109607958203276e-08,lightgbm
5432,3,0,4.1471062746269507e-07,lightgbm
4650,3,0,7.267707024754213e-09,lightgbm
826,3,0,7.587237638409491e-07,lightgbm
5545,3,1,0.9999999813058965,lightgbm
4770,3,0,4.62194412354933e-09,lightgbm
1312,3,0,8.390619309137459e-07,lightgbm
3993,3,0,1.7175525521052896e-10,lightgbm
4956,3,0,1.212581072572631e-08,lightgbm
1665,3,0,1.7894256072660365e-06,lightgbm
2119,3,0,9.58646937014774e-09,lightgbm
1370,3,0,4.788096205278999e-07,lightgbm
565,3,0,9.591449780993016e-08,lightgbm
3391,3,0,1.5910708181142614e-08,lightgbm
5379,3,0,3.500063606251635e-08,lightgbm
2279,3,0,0.0007942430479813316,lightgbm
2098,3,0,1.1438817936640585e-08,lightgbm
5,3,0,8.40642993229101e-08,lightgbm
3653,3,0,6.05022346214691e-08,lightgbm
5006,3,0,2.4958092725337573e-08,lightgbm
4547,3,0,1.3848084227702202e-08,lightgbm
3748,3,0,2.8867878294438584e-08,lightgbm
1445,3,0,5.930970529818128e-10,lightgbm
5489,3,1,0.9986963810818684,lightgbm
4684,3,0,1.670961574691974e-07,lightgbm
997,3,0,1.880581965251271e-07,lightgbm
446,3,0,1.5131479359850428e-05,lightgbm
2105,3,0,2.987619614806959e-09,lightgbm
2610,3,0,6.980756932143896e-07,lightgbm
4191,3,0,5.977719737190992e-10,lightgbm
5672,3,1,0.9865102298758585,lightgbm
4040,3,0,1.7387738628513824e-09,lightgbm
4640,3,0,7.871332981681739e-08,lightgbm
2037,3,0,1.2371799593749485e-09,lightgbm
4144,3,0,2.815236912480118e-08,lightgbm
1586,3,0,9.248269417766137e-09,lightgbm
237,3,0,1.271298406086553e-05,lightgbm
3159,3,0,4.4329266199556686e-08,lightgbm
5075,3,0,4.560041618320937e-07,lightgbm
5626,3,1,0.9999988096771142,lightgbm
2303,3,0,4.3811170542449537e-08,lightgbm
5069,3,0,8.322804881466176e-10,lightgbm
5486,3,1,0.9990665530817496,lightgbm
4719,3,0,1.4521114977749012e-08,lightgbm
4608,3,0,5.126813953635394e-09,lightgbm
1396,3,0,7.119843106187009e-09,lightgbm
3149,3,0,8.039112799562886e-08,lightgbm
5345,3,0,2.1553247696422759e-07,lightgbm
3266,3,0,3.3091923623397827e-06,lightgbm
3927,3,0,3.8360048529758125e-08,lightgbm
2996,3,0,0.013343703235261744,lightgbm
2161,3,0,2.59809686437181e-08,lightgbm
5278,3,0,8.066151946540176e-05,lightgbm
5274,3,0,7.3923014686368195e-09,lightgbm
518,3,0,7.102096274739545e-10,lightgbm
1594,3,0,1.9996579676181577e-07,lightgbm
1501,3,0,4.167998747554521e-06,lightgbm
4054,3,0,3.2005573806690566e-09,lightgbm
4524,3,0,7.780683363193967e-09,lightgbm
2923,3,0,1.5148361245320185e-06,lightgbm
2184,3,0,7.42241898516899e-07,lightgbm
5403,3,0,3.789184805889241e-08,lightgbm
2234,3,0,0.00018870281193544724,lightgbm
4153,3,0,2.3907369791384034e-07,lightgbm
953,3,0,2.2428758049965385e-09,lightgbm
2335,3,0,0.9999955634606457,lightgbm
1571,3,0,2.7140992923776265e-05,lightgbm
36,3,0,7.614318739236192e-10,lightgbm
3456,3,0,1.1086206183199924e-08,lightgbm
3272,3,0,3.568658614800492e-06,lightgbm
1088,3,0,6.017937783530271e-08,lightgbm
3114,3,0,2.4492497796717006e-06,lightgbm
3351,3,0,1.0749457350110151e-08,lightgbm
3785,3,0,8.952389451405472e-10,lightgbm
4748,3,0,1.62891328254178e-05,lightgbm
1981,3,0,1.2573024252780404e-09,lightgbm
623,3,0,0.0109491159665945,lightgbm
1789,3,0,2.0147696687657903e-08,lightgbm
1247,3,0,1.0554955663704316e-07,lightgbm
1147,3,0,3.249014034387813e-07,lightgbm
5728,3,1,1.675979196044562e-08,lightgbm
1920,3,0,2.941113891421663e-08,lightgbm
4569,3,0,3.1896753015434305e-07,lightgbm
1222,3,0,4.50073997532049e-11,lightgbm
594,3,0,0.0006535532986824917,lightgbm
2311,3,0,1.86208035112232e-05,lightgbm
2211,3,0,3.050202117029387e-07,lightgbm
1487,3,0,1.3246480410475032e-08,lightgbm
1724,3,0,2.7102479338239537e-09,lightgbm
3910,3,0,6.489901487918789e-10,lightgbm
4166,3,0,9.201998944279918e-09,lightgbm
5232,3,0,5.945634966882864e-06,lightgbm
5476,3,1,0.9999414197336965,lightgbm
1893,3,0,2.440121226268638e-07,lightgbm
4263,3,0,3.6084237058783003e-07,lightgbm
834,3,0,2.340961381530594e-09,lightgbm
5515,3,1,0.3907358215408667,lightgbm
5782,3,1,0.8700338671242058,lightgbm
3390,3,0,1.848583276759063e-08,lightgbm
1748,3,0,1.1757800098074584e-07,lightgbm
1766,3,0,5.609915853647766e-07,lightgbm
1945,3,0,1.3912274355305037e-06,lightgbm
2966,3,0,2.538015877328675e-08,lightgbm
3867,3,0,1.4304003515426359e-08,lightgbm
1419,3,0,3.675175021521706e-09,lightgbm
1078,3,0,9.032385910845771e-08,lightgbm
5745,3,1,0.9999999672775448,lightgbm
171,3,0,4.10388818181299e-08,lightgbm
5574,3,1,0.9967113156979984,lightgbm
4490,3,0,0.00024787199581602766,lightgbm
5134,3,0,7.157930850889684e-09,lightgbm
2030,3,0,4.014955488682551e-05,lightgbm
3900,3,0,1.0244308846301207e-07,lightgbm
641,3,0,3.5571804878539204e-08,lightgbm
2043,3,0,6.924992729515449e-09,lightgbm
1580,3,0,1.292284866675718e-10,lightgbm
5636,3,1,0.014568177884373415,lightgbm
4306,3,0,4.187717334480948e-07,lightgbm
1803,3,0,4.582085106997072e-09,lightgbm
3634,3,0,2.567208893498636e-05,lightgbm
1137,3,0,2.1732152153541938e-08,lightgbm
2646,3,0,4.929502067517535e-07,lightgbm
2034,3,0,3.72539159051936e-08,lightgbm
1238,3,0,1.9406077298580364e-09,lightgbm
5800,3,1,0.9983557816729582,lightgbm
5506,3,1,0.954612017413374,lightgbm
4317,3,0,1.6842865800978274e-05,lightgbm
2086,3,0,3.840789678701809e-07,lightgbm
1902,3,0,0.013858647237973797,lightgbm
2750,3,0,4.130057961758388e-06,lightgbm
3207,3,0,8.440080668546024e-10,lightgbm
5284,3,0,4.123333000664138e-10,lightgbm
1181,3,0,7.593334289478019e-07,lightgbm
5223,3,0,1.1485845878660022e-06,lightgbm
2725,3,0,3.7912492094889835e-10,lightgbm
562,3,0,1.5345951053891767e-07,lightgbm
3572,3,0,9.278868842154105e-08,lightgbm
2035,3,0,4.613864217540616e-08,lightgbm
651,3,0,2.2187656486013794e-05,lightgbm
5105,3,0,0.013389282906892213,lightgbm
5017,3,0,9.928369593771297e-07,lightgbm
2464,3,0,7.509364955423839e-07,lightgbm
88,3,0,4.82696975112247e-08,lightgbm
721,3,0,1.483292966732379e-07,lightgbm
5231,3,0,1.4497143708858854e-06,lightgbm
4140,3,0,9.93931107003694e-10,lightgbm
5337,3,0,5.859953136708666e-06,lightgbm
2472,3,0,1.1217361634717786e-08,lightgbm
731,3,0,5.438867784048535e-09,lightgbm
5620,3,1,0.999997991409829,lightgbm
3997,3,0,1.2544220694817403e-08,lightgbm
2032,3,0,5.940805189588108e-06,lightgbm
3441,3,0,1.338871991845803e-08,lightgbm
5705,3,1,0.9999999977911602,lightgbm
5285,3,0,6.623394733452205e-09,lightgbm
838,3,0,3.0407527613834622e-09,lightgbm
2484,3,0,8.805819467523835e-10,lightgbm
5583,3,1,5.372649767759801e-08,lightgbm
3260,3,0,6.400488409472145e-10,lightgbm
4848,3,0,1.44072236749291e-07,lightgbm
67,3,0,2.970866515362001e-05,lightgbm
3754,3,0,2.959808112151518e-09,lightgbm
4456,3,0,3.6292255509872194e-08,lightgbm
3115,3,0,0.00012204948081308106,lightgbm
3847,3,0,5.9548004748550504e-08,lightgbm
774,3,0,1.404311896084436e-08,lightgbm
4737,3,0,2.0374571490202267e-07,lightgbm
1669,3,0,1.7843650098198135e-05,lightgbm
3853,3,0,4.5424892736267834e-10,lightgbm
2924,3,0,2.1480415270811946e-08,lightgbm
3045,3,0,1.1875414329544164e-06,lightgbm
492,3,0,2.1708381307345015e-08,lightgbm
4590,3,0,7.819212435398067e-08,lightgbm
1402,3,0,1.9119125894962807e-08,lightgbm
345,3,0,1.0877919516777516e-09,lightgbm
2182,3,0,2.766511677364395e-09,lightgbm
192,3,0,8.237889577029026e-09,lightgbm
5129,3,0,4.089568876870679e-09,lightgbm
1444,3,0,6.165226310176718e-10,lightgbm
2422,3,0,1.0721974044947357e-08,lightgbm
2643,3,0,0.0004328498811289256,lightgbm
3499,3,0,0.0011778601670631148,lightgbm
3767,3,0,0.00039196370725590315,lightgbm
912,3,0,1.1082239723558031e-05,lightgbm
2002,3,0,1.9333241000876393e-05,lightgbm
4285,3,0,1.3504316000747062e-07,lightgbm
5214,3,0,1.0872494450816058e-07,lightgbm
4362,3,0,2.0574964945178983e-10,lightgbm
1275,3,0,7.949218569774658e-06,lightgbm
2612,3,0,2.9922384515216695e-08,lightgbm
1566,3,0,5.2812387804029314e-08,lightgbm
3940,3,0,0.0005363003555117022,lightgbm
1193,3,0,3.554823246834754e-07,lightgbm
3660,3,0,7.357117456226338e-06,lightgbm
2254,3,0,7.830255960058769e-07,lightgbm
134,3,0,0.0014851266194416475,lightgbm
5366,3,0,1.1707401350863822e-10,lightgbm
3594,3,0,0.0009992111191376597,lightgbm
1231,3,0,2.2110653468041608e-08,lightgbm
5210,3,0,7.149391846965439e-07,lightgbm
5097,3,0,2.704765036058409e-08,lightgbm
3516,3,0,0.04168165100543269,lightgbm
668,3,0,3.529985682700145e-08,lightgbm
1940,3,0,1.0402891433463179e-08,lightgbm
10,3,0,3.868290974166478e-09,lightgbm
928,3,0,7.274903880673236e-09,lightgbm
5544,3,1,0.9999957381836876,lightgbm
2670,3,0,0.9341091743716493,lightgbm
5372,3,0,6.757605006762908e-07,lightgbm
5452,3,1,2.1216615625490864e-05,lightgbm
1912,3,0,0.057800926199889684,lightgbm
2224,3,0,3.923082750173151e-05,lightgbm
1535,3,0,1.6968639308348698e-08,lightgbm
4963,3,0,4.9679112515745385e-08,lightgbm
2898,3,0,1.303421225464898e-10,lightgbm
4386,3,0,8.533045061380841e-07,lightgbm
1777,3,0,6.615317375178943e-08,lightgbm
2935,3,0,1.5574509287316584e-08,lightgbm
346,3,0,2.2784646192133487e-10,lightgbm
3218,3,0,5.079237374617797e-08,lightgbm
5627,3,1,4.2664656736697e-05,lightgbm
211,3,0,1.6184837022743655e-09,lightgbm
2503,3,0,1.913085155252354e-09,lightgbm
1873,3,0,0.25014989414179095,lightgbm
1421,3,0,3.634487986932356e-10,lightgbm
384,3,0,6.41896537782549e-09,lightgbm
2744,3,0,3.439292722773859e-08,lightgbm
4418,3,0,3.6593039147143122e-09,lightgbm
3287,3,0,2.7067073988178097e-08,lightgbm
2259,3,0,6.071338019221402e-11,lightgbm
4675,3,0,2.4723329682900493e-06,lightgbm
1140,3,0,2.415625521356987e-06,lightgbm
3234,3,0,3.115489138625069e-07,lightgbm
3881,3,0,8.372726919396423e-07,lightgbm
2962,3,0,4.2842247388974455e-09,lightgbm
5334,3,0,9.712975862686526e-07,lightgbm
5095,3,0,3.7762165646719933e-07,lightgbm
499,3,0,2.734537081291023e-06,lightgbm
1976,3,0,0.00035008794900964865,lightgbm
3787,3,0,3.967576450450079e-08,lightgbm
5092,3,0,1.5327278997697538e-09,lightgbm
1115,3,0,3.3680286510440403e-06,lightgbm
4087,3,0,2.40170544426664e-10,lightgbm
4129,3,0,6.563403496895874e-07,lightgbm
189,3,0,2.8503555586566557e-06,lightgbm
647,3,0,9.421252843156704e-09,lightgbm
2872,3,0,3.5273425812569682e-09,lightgbm
4709,3,0,2.2953312033824731e-07,lightgbm
3924,3,0,4.592612455715876e-07,lightgbm
5822,3,1,0.9999849236425342,lightgbm
713,3,0,7.344132637231901e-07,lightgbm
310,3,0,1.4646031914227498e-08,lightgbm
2824,3,0,3.176598927867573e-09,lightgbm
2190,3,0,1.3321763245916492e-07,lightgbm
1393,3,0,2.0394698517870724e-05,lightgbm
5795,3,1,0.9931739277891941,lightgbm
2150,3,0,0.0011024137446743274,lightgbm
3210,3,0,4.918778942495583e-08,lightgbm
1146,3,0,1.1302574084130637e-10,lightgbm
570,3,0,2.950663546429641e-08,lightgbm
5331,3,0,1.0791898604816334e-08,lightgbm
5086,3,0,7.68207505884884e-05,lightgbm
46,3,0,4.879396359559032e-09,lightgbm
749,3,0,1.7125359819935678e-07,lightgbm
5569,3,1,0.9968517689012684,lightgbm
4980,3,0,3.903479093547829e-08,lightgbm
2003,3,0,3.0906325166769213e-08,lightgbm
765,3,0,2.4859553346703316e-08,lightgbm
5080,3,0,1.6370760239632252e-07,lightgbm
438,3,0,6.335788789543685e-09,lightgbm
4329,3,0,1.879452255842636e-09,lightgbm
4813,3,0,1.3283887649705337e-06,lightgbm
5362,3,0,1.867279999694184e-09,lightgbm
3425,3,0,6.656477967162347e-08,lightgbm
78,3,0,7.408564392109516e-09,lightgbm
525,3,0,1.453384003547148e-09,lightgbm
779,3,0,7.526533689865257e-06,lightgbm
2899,3,0,3.866114142272258e-09,lightgbm
1849,3,0,4.2207504844504326e-08,lightgbm
3658,3,0,0.005770591384152651,lightgbm
4255,3,0,4.090736005943438e-09,lightgbm
4897,3,0,2.3161188633187745e-08,lightgbm
4778,3,0,6.918901246426788e-10,lightgbm
202,3,0,1.8307080803191996e-07,lightgbm
2240,3,0,3.7808707070186514e-07,lightgbm
5618,3,1,0.9999562970171345,lightgbm
4922,3,0,8.714210090601892e-09,lightgbm
2029,3,0,2.3118566648745932e-10,lightgbm
4013,3,0,4.9423155741301e-07,lightgbm
2302,3,0,1.573193351804607e-09,lightgbm
188,3,0,5.111654246103943e-08,lightgbm
5408,3,0,6.474489932407471e-07,lightgbm
5669,3,1,0.9999992079491363,lightgbm
348,3,0,3.0424592675538433e-10,lightgbm
4559,3,0,1.5721166490025725e-08,lightgbm
5184,3,0,1.3713124740681605e-08,lightgbm
5020,3,0,1.4180587094169489e-07,lightgbm
2623,3,0,9.575129137573617e-08,lightgbm
4583,3,0,9.100721979871366e-07,lightgbm
4818,3,0,8.649886451914908e-06,lightgbm
5558,3,1,0.9999616960181053,lightgbm
4064,3,0,1.2001411322990165e-07,lightgbm
5726,3,1,0.9979823481144201,lightgbm
5015,3,0,1.6625839075115399e-06,lightgbm
2334,3,0,4.1889669314634256e-07,lightgbm
3503,3,0,8.886702092541332e-06,lightgbm
2983,3,0,3.5858773482506686e-07,lightgbm
3599,3,0,1.3340011617164265e-10,lightgbm
5256,3,0,2.6121321132420467e-06,lightgbm
4287,3,0,1.1196440497278044e-08,lightgbm
516,3,0,2.5438621749790694e-06,lightgbm
4311,3,0,7.200633128653347e-05,lightgbm
230,3,0,2.357185042650372e-06,lightgbm
3659,3,0,2.0513360863860577e-07,lightgbm
5788,3,1,0.8469403005211337,lightgbm
1900,3,0,8.847701348809617e-10,lightgbm
2863,3,0,1.053647645546832e-09,lightgbm
5624,3,1,0.34625860152742605,lightgbm
2628,3,0,8.054976242740095e-10,lightgbm
2839,3,0,0.002463393963751453,lightgbm
815,3,0,1.0329128227044403e-06,lightgbm
1482,3,0,1.773419958246876e-08,lightgbm
3759,3,0,2.6215804945623437e-07,lightgbm
1259,3,0,0.007261842825227665,lightgbm
2163,3,0,2.6358112440720718e-08,lightgbm
729,3,0,2.5114043844057333e-08,lightgbm
2784,3,0,3.905697005226352e-08,lightgbm
1625,3,0,7.996208687391261e-11,lightgbm
2274,3,0,2.092199741263304e-07,lightgbm
2867,3,0,7.829870014509659e-09,lightgbm
2998,3,0,1.1239878010645103e-07,lightgbm
4915,3,0,4.6371316130776723e-10,lightgbm
2253,3,0,1.719487312662012e-07,lightgbm
3937,3,0,5.1412154097256955e-09,lightgbm
3377,3,0,6.578012213117734e-10,lightgbm
2266,3,0,4.6461315179677485e-08,lightgbm
3201,3,0,1.798807525182078e-07,lightgbm
1511,3,0,2.630355605890229e-07,lightgbm
2455,3,0,3.1982535072008234e-07,lightgbm
4722,3,0,0.0040127571661337956,lightgbm
2982,3,0,1.9041678183624434e-07,lightgbm
412,3,0,6.4804600605573246e-09,lightgbm
5601,3,1,0.9958973862667467,lightgbm
5076,3,0,8.903825580055275e-09,lightgbm
655,3,0,4.489033930807199e-09,lightgbm
3410,3,0,1.4291881715561578e-05,lightgbm
3990,3,0,1.9436424544291793e-05,lightgbm
4606,3,0,2.7563693931061313e-07,lightgbm
977,3,0,1.2467028908539112e-07,lightgbm
1023,3,0,1.6710743359294467e-09,lightgbm
4346,3,0,5.857467836261672e-06,lightgbm
2237,3,0,1.1333525313473884e-08,lightgbm
4714,3,0,9.191834974847498e-09,lightgbm
382,3,0,1.4744793905483633e-09,lightgbm
2885,3,0,5.342051160611763e-10,lightgbm
4369,3,0,3.243202516357545e-07,lightgbm
831,3,0,5.6424137215041e-06,lightgbm
3444,3,0,2.6438253474506593e-09,lightgbm
2505,3,0,7.395885420760624e-06,lightgbm
536,3,0,1.1538645012321771e-08,lightgbm
4941,3,0,1.456743169790937e-07,lightgbm
496,3,0,4.803603723082215e-06,lightgbm
1215,3,0,8.61295573981137e-08,lightgbm
5004,3,0,5.13902227253003e-08,lightgbm
1325,3,0,5.745885016270458e-11,lightgbm
1534,3,0,1.9258313175981e-05,lightgbm
2740,3,0,6.231486765537508e-07,lightgbm
1321,3,0,1.1513020585016393e-08,lightgbm
5032,3,0,1.4700951288638746e-09,lightgbm
2697,3,0,3.4082929985650382e-09,lightgbm
4047,3,0,3.3018101402319543e-09,lightgbm
5430,3,0,6.813220217171476e-10,lightgbm
750,3,0,0.00014684233265636282,lightgbm
2457,3,0,0.008322396858871008,lightgbm
2580,3,0,8.704028993562525e-07,lightgbm
4371,3,0,8.912717028401242e-07,lightgbm
3204,3,0,4.6476723347216104e-08,lightgbm
3534,3,0,1.101563865360535e-06,lightgbm
2239,3,0,3.43772297672257e-07,lightgbm
1463,3,0,4.5800541533710996e-10,lightgbm
4062,3,0,9.653588367923977e-06,lightgbm
3545,3,0,9.601378101268457e-08,lightgbm
4004,3,0,1.0253096751913935e-08,lightgbm
355,3,0,1.8168488977541787e-07,lightgbm
1874,3,0,1.3066014730658975e-07,lightgbm
1471,3,0,1.789493577950421e-08,lightgbm
871,3,0,2.3512483377453499e-07,lightgbm
1038,3,0,9.93375337171698e-06,lightgbm
3480,3,0,1.0264899450786774e-08,lightgbm
2204,3,0,3.51469093252239e-07,lightgbm
5442,3,1,0.0009664238330409516,lightgbm
2989,3,0,1.7128221710212343e-09,lightgbm
2875,3,0,9.275066714917507e-07,lightgbm
1016,3,0,1.7055356091941016e-08,lightgbm
4110,3,0,7.671007151602863e-08,lightgbm
4271,3,0,3.343705109634266e-07,lightgbm
1083,3,0,2.828773964669672e-08,lightgbm
3299,3,0,6.163620877530406e-07,lightgbm
732,3,0,1.0550208017675333e-07,lightgbm
5117,3,0,4.3220391998957685e-08,lightgbm
405,3,0,7.171912980073388e-06,lightgbm
2775,3,0,2.764338346297168e-07,lightgbm
5794,3,1,2.0122475843005606e-08,lightgbm
5779,3,1,0.06371238610373052,lightgbm
5562,3,1,0.999999987002846,lightgbm
2707,3,0,2.302568511010788e-09,lightgbm
4874,3,0,1.6826276573051071e-09,lightgbm
4961,3,0,9.229578632196594e-05,lightgbm
3858,3,0,1.6455188948840667e-08,lightgbm
1679,3,0,3.32382996884125e-08,lightgbm
1958,3,0,2.2192252822525178e-06,lightgbm
255,3,0,2.0134628072312068e-08,lightgbm
2228,3,0,1.0732483792426386e-08,lightgbm
3011,3,0,7.34976294113847e-09,lightgbm
2277,3,0,1.1437848995359923e-05,lightgbm
704,3,0,8.500651189023087e-09,lightgbm
5346,3,0,4.7313904708832245e-11,lightgbm
4674,3,0,1.112714140023287e-08,lightgbm
1189,3,0,8.119888934430182e-09,lightgbm
2151,3,0,3.379267510067489e-09,lightgbm
859,3,0,6.9709603390166155e-06,lightgbm
2050,3,0,3.7111324375208515e-08,lightgbm
5751,3,1,0.038903558684599104,lightgbm
2684,3,0,3.435848903038066e-08,lightgbm
7,3,0,1.2684437757226875e-08,lightgbm
939,3,0,3.3851994091718833e-10,lightgbm
1925,4,0,0.00940450094640255,xgboost
4474,4,0,0.0039937556721270084,xgboost
3125,4,0,0.9177947044372559,xgboost
3262,4,0,0.13944819569587708,xgboost
4945,4,0,0.004277930129319429,xgboost
4349,4,0,0.0012312580365687609,xgboost
4589,4,0,0.003172019263729453,xgboost
1627,4,0,0.021152231842279434,xgboost
5221,4,0,0.0007685793098062277,xgboost
219,4,0,0.007695949636399746,xgboost
2995,4,0,0.023385675624012947,xgboost
1629,4,0,0.005853691603988409,xgboost
5692,4,1,0.5181030631065369,xgboost
935,4,0,0.0011280892649665475,xgboost
783,4,0,0.002420309465378523,xgboost
5192,4,0,0.17776058614253998,xgboost
2911,4,0,0.0010165441781282425,xgboost
5578,4,1,0.9951497912406921,xgboost
4389,4,0,0.004026115406304598,xgboost
4268,4,0,0.0028525367379188538,xgboost
2089,4,0,0.05638691410422325,xgboost
2611,4,0,0.17820191383361816,xgboost
3876,4,0,0.004700283985584974,xgboost
508,4,0,0.0009884118335321546,xgboost
3500,4,0,0.011748281307518482,xgboost
1755,4,0,0.016889819875359535,xgboost
2813,4,0,0.0036527973134070635,xgboost
287,4,0,0.018053779378533363,xgboost
3248,4,0,0.20838592946529388,xgboost
117,4,0,0.0022527496330440044,xgboost
2452,4,0,0.0031197238713502884,xgboost
4041,4,0,0.3946629464626312,xgboost
1956,4,0,0.03770357742905617,xgboost
3170,4,0,0.04915247857570648,xgboost
5146,4,0,0.0028347244951874018,xgboost
3568,4,0,0.0050568063743412495,xgboost
4862,4,0,0.01005121972411871,xgboost
3829,4,0,0.0009223027736879885,xgboost
2339,4,0,0.00552705442532897,xgboost
2252,4,0,0.005180425010621548,xgboost
728,4,0,0.0027829939499497414,xgboost
3553,4,0,0.06932398676872253,xgboost
3274,4,0,0.13264687359333038,xgboost
4538,4,0,0.007607773412019014,xgboost
872,4,0,0.011593099683523178,xgboost
368,4,0,0.07261156290769577,xgboost
4411,4,0,0.011750634759664536,xgboost
4693,4,0,0.03918108344078064,xgboost
3413,4,0,0.0034793992526829243,xgboost
2700,4,0,0.0034041714388877153,xgboost
5399,4,0,0.005136946681886911,xgboost
2488,4,0,0.0013976888731122017,xgboost
2227,4,0,0.00175608997233212,xgboost
3306,4,0,0.0017106093000620604,xgboost
3452,4,0,0.001484929583966732,xgboost
4910,4,0,0.01639273390173912,xgboost
2155,4,0,0.256137877702713,xgboost
3580,4,0,0.008138115517795086,xgboost
4240,4,0,0.051795609295368195,xgboost
2617,4,0,0.0053052655421197414,xgboost
4380,4,0,0.0027329479344189167,xgboost
4909,4,0,0.056825920939445496,xgboost
2652,4,0,0.17767232656478882,xgboost
2917,4,0,0.004119445104151964,xgboost
4460,4,0,0.22922071814537048,xgboost
4398,4,0,0.0013608542503789067,xgboost
5814,4,1,0.015728434547781944,xgboost
2571,4,0,0.20197585225105286,xgboost
1013,4,0,0.0017135130474343896,xgboost
5414,4,0,0.0613696314394474,xgboost
4055,4,0,0.005519961938261986,xgboost
4033,4,0,0.005302915815263987,xgboost
3794,4,0,0.006280357483774424,xgboost
4975,4,0,0.007067596074193716,xgboost
3671,4,0,0.0012079615844413638,xgboost
1656,4,0,0.35658541321754456,xgboost
185,4,0,0.00172819709405303,xgboost
5267,4,0,0.0027306328993290663,xgboost
908,4,0,0.0006159204640425742,xgboost
2729,4,0,0.0168280228972435,xgboost
5237,4,0,0.0044972398318350315,xgboost
1928,4,0,0.01802889257669449,xgboost
5479,4,1,0.9309061169624329,xgboost
4352,4,0,0.040777694433927536,xgboost
2039,4,0,0.07033081352710724,xgboost
5441,4,0,0.0019827084615826607,xgboost
4195,4,0,0.004001423716545105,xgboost
517,4,0,0.0031993447337299585,xgboost
4940,4,0,0.008150849491357803,xgboost
1556,4,0,0.04364925995469093,xgboost
4078,4,0,0.16703838109970093,xgboost
5528,4,1,0.8285074234008789,xgboost
2041,4,0,0.006461004260927439,xgboost
3183,4,0,0.010440178215503693,xgboost
3017,4,0,0.007272582966834307,xgboost
2736,4,0,0.00859683658927679,xgboost
519,4,0,0.004626086913049221,xgboost
5531,4,1,0.5347959399223328,xgboost
96,4,0,0.004311638884246349,xgboost
3573,4,0,0.004041876643896103,xgboost
2195,4,0,0.0010764350881800056,xgboost
2957,4,0,0.030757732689380646,xgboost
1696,4,0,0.006438102573156357,xgboost
217,4,0,0.0028655556961894035,xgboost
1860,4,0,0.005790432449430227,xgboost
3353,4,0,0.028961412608623505,xgboost
3827,4,0,0.0024086013436317444,xgboost
2516,4,0,0.0008255363209173083,xgboost
5591,4,1,0.8512490391731262,xgboost
3720,4,0,0.0067750499583780766,xgboost
4694,4,0,0.1803300976753235,xgboost
1991,4,0,0.00644063763320446,xgboost
3607,4,0,0.003053753636777401,xgboost
1020,4,0,0.005310479551553726,xgboost
768,4,0,0.01623215340077877,xgboost
2169,4,0,0.02159949205815792,xgboost
1036,4,0,0.006415254436433315,xgboost
3079,4,0,0.28480735421180725,xgboost
2262,4,0,0.003412472316995263,xgboost
3411,4,0,0.01100324559956789,xgboost
1983,4,0,0.017023002728819847,xgboost
186,4,0,0.03141787275671959,xgboost
2188,4,0,0.0025626143906265497,xgboost
4113,4,0,0.0016568296123296022,xgboost
1289,4,0,0.529508113861084,xgboost
1339,4,0,0.17855684459209442,xgboost
1531,4,0,0.0008094381191767752,xgboost
2431,4,0,0.002171911299228668,xgboost
2082,4,0,0.0029087145812809467,xgboost
1617,4,0,0.13313831388950348,xgboost
5181,4,0,0.0011603842722252011,xgboost
4625,4,0,0.0007044133963063359,xgboost
1226,4,0,0.0031304950825870037,xgboost
1922,4,0,0.0024830454494804144,xgboost
918,4,0,0.002843222115188837,xgboost
4198,4,0,0.0021055820398032665,xgboost
490,4,0,0.0070252614095807076,xgboost
306,4,0,0.00311856297776103,xgboost
357,4,0,0.0010960845975205302,xgboost
5035,4,0,0.0012093241093680263,xgboost
458,4,0,0.0038707696367055178,xgboost
3055,4,0,0.05184483528137207,xgboost
431,4,0,0.016569990664720535,xgboost
5815,4,1,0.022593554109334946,xgboost
1666,4,0,0.1459638923406601,xgboost
941,4,0,0.5090543031692505,xgboost
4093,4,0,0.012293609790503979,xgboost
1340,4,0,0.004695131443440914,xgboost
1500,4,0,0.008100872859358788,xgboost
2525,4,0,0.0010719543788582087,xgboost
3695,4,0,0.003179257269948721,xgboost
5087,4,0,0.001045332057401538,xgboost
4252,4,0,0.002773863263428211,xgboost
23,4,0,0.16798405349254608,xgboost
4466,4,0,0.015017279423773289,xgboost
5422,4,0,0.00227781618013978,xgboost
1283,4,0,0.0045565334148705006,xgboost
591,4,0,0.0008348555420525372,xgboost
1634,4,0,0.0014920009998604655,xgboost
4677,4,0,0.12343495339155197,xgboost
5323,4,0,0.00299665005877614,xgboost
2804,4,0,0.004768720827996731,xgboost
3991,4,0,0.0032341459300369024,xgboost
2801,4,0,0.003726377384737134,xgboost
1870,4,0,0.008728794753551483,xgboost
2939,4,0,0.0023335313890129328,xgboost
4871,4,0,0.062211472541093826,xgboost
2783,4,0,0.04923645034432411,xgboost
1862,4,0,0.0007306467741727829,xgboost
2384,4,0,0.04854351654648781,xgboost
2175,4,0,0.0011514719808474183,xgboost
1877,4,0,0.1222505271434784,xgboost
326,4,0,0.001837637391872704,xgboost
2950,4,0,0.3521946668624878,xgboost
3598,4,0,0.0019095978932455182,xgboost
4893,4,0,0.002219925168901682,xgboost
3578,4,0,0.001133440062403679,xgboost
1538,4,0,0.0009729096200317144,xgboost
3024,4,0,0.0015449455240741372,xgboost
1373,4,0,0.000860431173350662,xgboost
4286,4,0,0.0018326384015381336,xgboost
3322,4,0,0.005597659386694431,xgboost
4562,4,0,0.0015548097435384989,xgboost
1752,4,0,0.01956716924905777,xgboost
4284,4,0,0.00438240310177207,xgboost
542,4,0,0.013609877787530422,xgboost
2967,4,0,0.006685101427137852,xgboost
3103,4,0,0.06730294972658157,xgboost
337,4,0,0.008234173990786076,xgboost
1658,4,0,0.12188234180212021,xgboost
472,4,0,0.0012380477273836732,xgboost
2705,4,0,0.09172739833593369,xgboost
6,4,0,0.0010338277788832784,xgboost
740,4,0,0.18536941707134247,xgboost
4138,4,0,0.0011691671097651124,xgboost
5120,4,0,0.006418109405785799,xgboost
5207,4,0,0.08893750607967377,xgboost
4020,4,0,0.037519991397857666,xgboost
5490,4,1,0.05581458657979965,xgboost
4099,4,0,0.003744965186342597,xgboost
1361,4,0,0.001477120560593903,xgboost
407,4,0,0.015284213237464428,xgboost
1729,4,0,0.001683303969912231,xgboost
5010,4,0,0.0022563342936336994,xgboost
710,4,0,0.0023068003356456757,xgboost
910,4,0,0.03865830972790718,xgboost
4680,4,0,0.01022277120500803,xgboost
5825,4,1,0.9843123555183411,xgboost
3409,4,0,0.02318549156188965,xgboost
374,4,0,0.003353405511006713,xgboost
816,4,0,0.002872365526854992,xgboost
4267,4,0,0.012647276744246483,xgboost
2504,4,0,0.0008163556340150535,xgboost
996,4,0,0.21136154234409332,xgboost
4396,4,0,0.022749273106455803,xgboost
4541,4,0,0.005761822685599327,xgboost
1628,4,0,0.0017357688629999757,xgboost
5743,4,1,0.29287484288215637,xgboost
2550,4,0,0.08548640459775925,xgboost
3918,4,0,0.0034164281096309423,xgboost
4629,4,0,0.5679674744606018,xgboost
3845,4,0,0.004559651017189026,xgboost
2313,4,0,0.0077517107129096985,xgboost
785,4,0,0.006247748155146837,xgboost
1915,4,0,0.03531772643327713,xgboost
1723,4,0,0.00239331996999681,xgboost
2344,4,0,0.08246476203203201,xgboost
781,4,0,0.0029273969121277332,xgboost
2855,4,0,0.006341499276459217,xgboost
3415,4,0,0.03172594681382179,xgboost
1123,4,0,0.012692634016275406,xgboost
3757,4,0,0.0010038609616458416,xgboost
1929,4,0,0.045950997620821,xgboost
4137,4,0,0.0019276967504993081,xgboost
1429,4,0,0.0034383765887469053,xgboost
612,4,0,0.002322623273357749,xgboost
5057,4,0,0.012506159953773022,xgboost
220,4,0,0.0007447798270732164,xgboost
869,4,0,0.0009741983958519995,xgboost
459,4,0,0.006628893781453371,xgboost
3508,4,0,0.000705498328898102,xgboost
34,4,0,0.00807288195937872,xgboost
505,4,0,0.004725634586066008,xgboost
1351,4,0,0.00045167107600718737,xgboost
2177,4,0,0.025148972868919373,xgboost
3968,4,0,0.004985501989722252,xgboost
1427,4,0,0.01213354803621769,xgboost
3141,4,0,0.002625088905915618,xgboost
5523,4,1,0.00923714879900217,xgboost
108,4,0,0.0011271573603153229,xgboost
2100,4,0,0.04405805468559265,xgboost
3691,4,0,0.026298735290765762,xgboost
2819,4,0,0.009890075773000717,xgboost
735,4,0,0.0019043401116505265,xgboost
4509,4,0,0.0019692941568791866,xgboost
1901,4,0,0.0017638551071286201,xgboost
5174,4,0,0.000904886401258409,xgboost
5419,4,0,0.00427970802411437,xgboost
3617,4,0,0.0198835302144289,xgboost
4670,4,0,0.04522611200809479,xgboost
1408,4,0,0.0026530090253800154,xgboost
1513,4,0,0.006970456335693598,xgboost
253,4,0,0.0031827271450310946,xgboost
2166,4,0,0.0006621986394748092,xgboost
3591,4,0,0.0018921097507700324,xgboost
3666,4,0,0.011262834072113037,xgboost
3564,4,0,0.0026683779433369637,xgboost
4008,4,0,0.0015874842647463083,xgboost
1004,4,0,0.0013456777669489384,xgboost
2197,4,0,0.010358498431742191,xgboost
5718,4,1,0.8355078101158142,xgboost
2138,4,0,0.023480964824557304,xgboost
3000,4,0,0.003508778056129813,xgboost
4469,4,0,0.0010700597194954753,xgboost
3887,4,0,0.015910662710666656,xgboost
3213,4,0,0.0036620465107262135,xgboost
1034,4,0,0.010075741447508335,xgboost
1258,4,0,0.04623257368803024,xgboost
380,4,0,0.0005574724054895341,xgboost
4163,4,0,0.011781467124819756,xgboost
1668,4,0,0.006150152534246445,xgboost
5575,4,1,0.9842836856842041,xgboost
1526,4,0,0.0018978655571117997,xgboost
3273,4,0,0.009444467723369598,xgboost
1051,4,0,0.01074187457561493,xgboost
3979,4,0,0.027504490688443184,xgboost
4634,4,0,0.2160906046628952,xgboost
943,4,0,0.01313823089003563,xgboost
3150,4,0,0.0033416789956390858,xgboost
4649,4,0,0.026875808835029602,xgboost
2449,4,0,0.212572380900383,xgboost
3486,4,0,0.0014371619326993823,xgboost
1595,4,0,0.0025097629986703396,xgboost
1530,4,0,0.0008310406701639295,xgboost
1250,4,0,0.00389396445825696,xgboost
1817,4,0,0.001549881650134921,xgboost
5609,4,1,0.14622862637043,xgboost
1572,4,0,0.0009469385258853436,xgboost
1070,4,0,0.11587078124284744,xgboost
5201,4,0,0.0017627704655751586,xgboost
2934,4,0,0.0060249753296375275,xgboost
2661,4,0,0.005136342253535986,xgboost
2249,4,0,0.0008389840950258076,xgboost
4299,4,0,0.010645934380590916,xgboost
2281,4,0,0.0051775043830275536,xgboost
1381,4,0,0.0008073362987488508,xgboost
681,4,0,0.33823060989379883,xgboost
3581,4,0,0.0018162160413339734,xgboost
5769,4,1,0.20172472298145294,xgboost
2148,4,0,0.003868686966598034,xgboost
5565,4,1,0.7386483550071716,xgboost
2160,4,0,0.46192339062690735,xgboost
341,4,0,0.00390772707760334,xgboost
1449,4,0,0.10740700364112854,xgboost
5805,4,1,0.9450497031211853,xgboost
3331,4,0,0.030476877465844154,xgboost
3220,4,0,0.019697114825248718,xgboost
142,4,0,0.007403777912259102,xgboost
1998,4,0,0.042798444628715515,xgboost
1887,4,0,0.12810638546943665,xgboost
1334,4,0,0.001085209660232067,xgboost
3915,4,0,0.04198717325925827,xgboost
1909,4,0,0.0018484611064195633,xgboost
454,4,0,0.002662598853930831,xgboost
4683,4,0,0.006923262029886246,xgboost
2749,4,0,0.021891310811042786,xgboost
153,4,0,0.003224051557481289,xgboost
4788,4,0,0.03645015507936478,xgboost
847,4,0,0.0008369204588234425,xgboost
646,4,0,0.0018727437127381563,xgboost
3314,4,0,0.08664649724960327,xgboost
2255,4,0,0.03387311100959778,xgboost
5298,4,0,0.0025864301715046167,xgboost
4044,4,0,0.019152840599417686,xgboost
4866,4,0,0.00874666590243578,xgboost
1905,4,0,0.030024193227291107,xgboost
5265,4,0,0.007318402174860239,xgboost
3681,4,0,0.00718513922765851,xgboost
3865,4,0,0.0011070574400946498,xgboost
4666,4,0,0.003994036465883255,xgboost
694,4,0,0.0013555920450016856,xgboost
4617,4,0,0.0032395964954048395,xgboost
1579,4,0,0.005243662279099226,xgboost
3098,4,0,0.02438434213399887,xgboost
3644,4,0,0.00568964472040534,xgboost
4648,4,0,0.00024309514265041798,xgboost
299,4,0,0.007577345706522465,xgboost
2461,4,0,0.0040457420982420444,xgboost
5755,4,1,0.9285497665405273,xgboost
4021,4,0,0.44394010305404663,xgboost
4472,4,0,0.003042277880012989,xgboost
718,4,0,0.023464830592274666,xgboost
2295,4,0,0.0030624880455434322,xgboost
3836,4,0,0.003570351516827941,xgboost
3025,4,0,0.021882349625229836,xgboost
1824,4,0,0.000718651688657701,xgboost
3926,4,0,0.001869619358330965,xgboost
3194,4,0,0.016278987750411034,xgboost
1048,4,0,0.0021830799523741007,xgboost
2981,4,0,0.003126519965007901,xgboost
682,4,0,0.0017707598162814975,xgboost
5644,4,1,0.9650640487670898,xgboost
456,4,0,0.002398749580606818,xgboost
1327,4,0,0.003885797690600157,xgboost
365,4,0,0.004750037100166082,xgboost
1249,4,0,0.0008829238940961659,xgboost
5475,4,1,0.2761490046977997,xgboost
4399,4,0,0.004781235940754414,xgboost
3783,4,0,0.002329195849597454,xgboost
4309,4,0,0.00408637709915638,xgboost
1597,4,0,0.010642644949257374,xgboost
559,4,0,0.018689172342419624,xgboost
3808,4,0,0.002176835900172591,xgboost
2293,4,0,0.0014457391807809472,xgboost
5590,4,1,0.9391183257102966,xgboost
3279,4,0,0.003899400122463703,xgboost
4214,4,0,0.004639636725187302,xgboost
4350,4,0,0.006697623524814844,xgboost
1758,4,0,0.02970706857740879,xgboost
2381,4,0,0.0013929303968325257,xgboost
2539,4,0,0.02004307135939598,xgboost
5635,4,1,0.9961701035499573,xgboost
3124,4,0,0.002303012879565358,xgboost
3849,4,0,0.002615703735500574,xgboost
998,4,0,0.0013721308205276728,xgboost
983,4,0,0.004571018740534782,xgboost
4549,4,0,0.584245502948761,xgboost
4591,4,0,0.0014817210612818599,xgboost
3327,4,0,0.18627488613128662,xgboost
3815,4,0,0.0813346803188324,xgboost
3550,4,0,0.007693794090300798,xgboost
2567,4,0,0.19099976122379303,xgboost
5603,4,1,0.8024616241455078,xgboost
0,4,0,0.007961263880133629,xgboost
3407,4,0,0.05883263796567917,xgboost
3665,4,0,0.006846030242741108,xgboost
5662,4,1,0.9750805497169495,xgboost
4959,4,0,0.02970433607697487,xgboost
5038,4,0,0.15473920106887817,xgboost
2214,4,0,0.006234112195670605,xgboost
5103,4,0,0.001216200296767056,xgboost
5610,4,1,0.9837220311164856,xgboost
2909,4,0,0.0007029055268503726,xgboost
3431,4,0,0.0007305075414478779,xgboost
109,4,0,0.6822285652160645,xgboost
1706,4,0,0.0019596992060542107,xgboost
1027,4,0,0.0035002571530640125,xgboost
3975,4,0,0.002950558438897133,xgboost
4222,4,0,0.0029595696832984686,xgboost
901,4,0,0.0012697700876742601,xgboost
2768,4,0,0.0008574500097893178,xgboost
3504,4,0,0.037248652428388596,xgboost
2465,4,0,0.06374643743038177,xgboost
2984,4,0,0.38333860039711,xgboost
1052,4,0,0.262884259223938,xgboost
2796,4,0,0.011666830629110336,xgboost
967,4,0,0.001772088697180152,xgboost
711,4,0,0.006568523123860359,xgboost
3387,4,0,0.0029009433928877115,xgboost
643,4,0,0.0034485773649066687,xgboost
3570,4,0,0.010598207823932171,xgboost
3982,4,0,0.019134003669023514,xgboost
1843,4,0,0.0016735052922740579,xgboost
2124,4,0,0.0068536242470145226,xgboost
724,4,0,0.006994929630309343,xgboost
8,4,0,0.00047893141163513064,xgboost
1202,4,0,0.010860837996006012,xgboost
5703,4,1,0.0017400241922587156,xgboost
2733,4,0,0.5645409226417542,xgboost
4488,4,0,0.0012392899952828884,xgboost
1037,4,0,0.002795108826830983,xgboost
1153,4,0,0.0026624202728271484,xgboost
3015,4,0,0.12623335421085358,xgboost
5411,4,0,0.002704271115362644,xgboost
642,4,0,0.003322214586660266,xgboost
2651,4,0,0.004650220740586519,xgboost
5774,4,1,0.7816588282585144,xgboost
4227,4,0,0.0031949561089277267,xgboost
4175,4,0,0.00252549652941525,xgboost
3819,4,0,0.015577868558466434,xgboost
3355,4,0,0.008766834624111652,xgboost
3959,4,0,0.024460816755890846,xgboost
1796,4,0,0.010007431730628014,xgboost
3529,4,0,0.003181257052347064,xgboost
2799,4,0,0.014845109544694424,xgboost
1573,4,0,0.10776616632938385,xgboost
5466,4,1,0.9874067902565002,xgboost
513,4,0,0.0656365156173706,xgboost
2701,4,0,0.042661845684051514,xgboost
3530,4,0,0.0008841917151585221,xgboost
2117,4,0,0.0009322726400569081,xgboost
4742,4,0,0.01112791895866394,xgboost
1297,4,0,0.0027403123676776886,xgboost
3611,4,0,0.051391903311014175,xgboost
4094,4,0,0.4052714705467224,xgboost
4568,4,0,0.0012897133128717542,xgboost
1205,4,0,0.0011761726345866919,xgboost
1081,4,0,0.2977268695831299,xgboost
4032,4,0,0.018451333045959473,xgboost
5151,4,0,0.0009087762446142733,xgboost
4250,4,0,0.003004674334079027,xgboost
3473,4,0,0.0014495364157482982,xgboost
65,4,0,0.005606393329799175,xgboost
960,4,0,0.03290684148669243,xgboost
2831,4,0,0.007958019152283669,xgboost
3941,4,0,0.03297320380806923,xgboost
1355,4,0,0.004102414473891258,xgboost
1685,4,0,0.01110721193253994,xgboost
4618,4,0,0.004659904632717371,xgboost
2210,4,0,0.04587148129940033,xgboost
5324,4,0,0.9187847971916199,xgboost
4762,4,0,0.0027525939512997866,xgboost
761,4,0,0.0009665844263508916,xgboost
4822,4,0,0.001074314466677606,xgboost
4747,4,0,0.002191145671531558,xgboost
4867,4,0,0.03966599330306053,xgboost
1479,4,0,0.012744113802909851,xgboost
3283,4,0,0.02223784103989601,xgboost
5713,4,1,0.9686075448989868,xgboost
4465,4,0,0.003565084422007203,xgboost
443,4,0,0.3317682445049286,xgboost
4043,4,0,0.01233022753149271,xgboost
4493,4,0,0.11609986424446106,xgboost
2412,4,0,0.019241804257035255,xgboost
1185,4,0,0.012240882962942123,xgboost
4332,4,0,0.0046353996731340885,xgboost
5234,4,0,0.003520064987242222,xgboost
2991,4,0,0.0034294358920305967,xgboost
1932,4,0,0.0023458146024495363,xgboost
5282,4,0,0.008987713605165482,xgboost
82,4,0,0.001072234706953168,xgboost
2136,4,0,0.00159964628983289,xgboost
3890,4,0,0.026177944615483284,xgboost
5295,4,0,0.8753523230552673,xgboost
784,4,0,0.006494204513728619,xgboost
4500,4,0,0.003127675037831068,xgboost
277,4,0,0.0015383587451651692,xgboost
1707,4,0,0.0035471522714942694,xgboost
2662,4,0,0.1645158976316452,xgboost
4095,4,0,0.006833122577518225,xgboost
4896,4,0,0.4339345693588257,xgboost
390,4,0,0.0014839916257187724,xgboost
2510,4,0,0.13548043370246887,xgboost
2270,4,0,0.0026503042317926884,xgboost
2476,4,0,0.0011357150506228209,xgboost
434,4,0,0.08282309025526047,xgboost
660,4,0,0.0031131505966186523,xgboost
2215,4,0,0.0038080941885709763,xgboost
9,4,0,0.0008174548274837434,xgboost
1681,4,0,0.08999043703079224,xgboost
1823,4,0,0.0038198446854948997,xgboost
5832,4,1,0.09036523103713989,xgboost
2538,4,0,0.0010116512421518564,xgboost
223,4,0,0.03277600184082985,xgboost
3618,4,0,0.005408762022852898,xgboost
1515,4,0,0.0009675730834715068,xgboost
1145,4,0,0.006596086546778679,xgboost
2739,4,0,0.0011351784924045205,xgboost
3751,4,0,0.0009287926950491965,xgboost
2517,4,0,0.0003468709473963827,xgboost
2346,4,0,0.10389334708452225,xgboost
990,4,0,0.04085405543446541,xgboost
5622,4,1,0.891691267490387,xgboost
3949,4,0,0.0036054595839232206,xgboost
4328,4,0,0.002823874820023775,xgboost
3151,4,0,0.001432510674931109,xgboost
2063,4,0,0.004523449577391148,xgboost
86,4,0,0.04813932627439499,xgboost
3470,4,0,0.003527696942910552,xgboost
2024,4,0,0.051018428057432175,xgboost
2589,4,0,0.0009208653937093914,xgboost
703,4,0,0.0018289202125743032,xgboost
5416,4,0,0.4522445499897003,xgboost
1522,4,0,0.01347960252314806,xgboost
5450,4,1,0.011139968410134315,xgboost
1060,4,0,0.004153142683207989,xgboost
1448,4,0,0.006959800608456135,xgboost
3178,4,0,0.0062725176103413105,xgboost
2920,4,0,0.5432195663452148,xgboost
5534,4,1,0.980040431022644,xgboost
1701,4,0,0.0019656498916447163,xgboost
1587,4,0,0.19104288518428802,xgboost
5439,4,0,0.09798871725797653,xgboost
5041,4,0,0.0016791886882856488,xgboost
1559,4,0,0.014592963270843029,xgboost
672,4,0,0.19698217511177063,xgboost
1616,4,0,0.001765071996487677,xgboost
4373,4,0,0.009572564624249935,xgboost
5532,4,1,0.05757654458284378,xgboost
1080,4,0,0.003856163937598467,xgboost
1434,4,0,0.1313256174325943,xgboost
5617,4,1,0.981927216053009,xgboost
772,4,0,0.008769798092544079,xgboost
3236,4,0,0.0029446433763951063,xgboost
5173,4,0,0.003290560794994235,xgboost
5598,4,1,0.6590842604637146,xgboost
582,4,0,0.0037139656487852335,xgboost
666,4,0,0.05331287533044815,xgboost
4009,4,0,0.03726072981953621,xgboost
4991,4,0,0.04376409947872162,xgboost
2672,4,0,0.0017255075508728623,xgboost
2131,4,0,0.14883185923099518,xgboost
5664,4,1,0.9955125451087952,xgboost
4305,4,0,0.00609925901517272,xgboost
3096,4,0,0.07157879322767258,xgboost
1794,4,0,0.0011034318013116717,xgboost
5614,4,1,0.21892230212688446,xgboost
2862,4,0,0.004900448024272919,xgboost
245,4,0,0.0007479538326151669,xgboost
4791,4,0,0.014546744525432587,xgboost
1035,4,0,0.008420220576226711,xgboost
4548,4,0,0.036302607506513596,xgboost
4556,4,0,0.0027355810161679983,xgboost
3349,4,0,0.007321939337998629,xgboost
2087,4,0,0.009383915923535824,xgboost
1026,4,0,0.07204676419496536,xgboost
3128,4,0,0.0005896844086237252,xgboost
1288,4,0,0.0016292670043185353,xgboost
3769,4,0,0.001179194776341319,xgboost
4736,4,0,0.002217733534052968,xgboost
1044,4,0,0.020373640581965446,xgboost
3945,4,0,0.010610240511596203,xgboost
3214,4,0,0.017313266173005104,xgboost
2879,4,0,0.0034652294125407934,xgboost
4752,4,0,0.004177321679890156,xgboost
3960,4,0,0.10185234248638153,xgboost
5225,4,0,0.003399872686713934,xgboost
2987,4,0,0.2674262821674347,xgboost
146,4,0,0.004613956902176142,xgboost
1880,4,0,0.05873877927660942,xgboost
1397,4,0,0.0010908185504376888,xgboost
654,4,0,0.0062317377887666225,xgboost
756,4,0,0.05222231149673462,xgboost
5260,4,0,0.006908625829964876,xgboost
1848,4,0,0.11618537455797195,xgboost
3255,4,0,0.3154829740524292,xgboost
841,4,0,0.004501801915466785,xgboost
4453,4,0,0.010284951888024807,xgboost
3088,4,0,0.0018916414119303226,xgboost
2495,4,0,0.0010083959205076098,xgboost
2625,4,0,0.0062764836475253105,xgboost
3962,4,0,0.0032942835241556168,xgboost
2914,4,0,0.0015775911742821336,xgboost
5701,4,1,0.9240157008171082,xgboost
2963,4,0,0.05320945009589195,xgboost
321,4,0,0.009595317766070366,xgboost
1858,4,0,0.0032181343995034695,xgboost
4933,4,0,0.057372163981199265,xgboost
2019,4,0,0.008891364559531212,xgboost
1368,4,0,0.0061151920817792416,xgboost
1073,4,0,0.009229750372469425,xgboost
5605,4,1,0.9743494391441345,xgboost
1651,4,0,0.0024028485640883446,xgboost
3243,4,0,0.4956512451171875,xgboost
3675,4,0,0.014114098623394966,xgboost
2712,4,0,0.4815249741077423,xgboost
3168,4,0,0.027844849973917007,xgboost
94,4,0,0.0034266244620084763,xgboost
4633,4,0,0.01632550358772278,xgboost
4073,4,0,0.0025426694191992283,xgboost
3154,4,0,0.03801281005144119,xgboost
4489,4,0,0.34664326906204224,xgboost
87,4,0,0.00818302109837532,xgboost
3768,4,0,0.026075897738337517,xgboost
4664,4,0,0.026328954845666885,xgboost
665,4,0,0.0015949985245242715,xgboost
2198,4,0,0.009456108324229717,xgboost
2562,4,0,0.0017549052136018872,xgboost
2604,4,0,0.01374299917370081,xgboost
3612,4,0,0.18441787362098694,xgboost
5812,4,1,0.10875745862722397,xgboost
754,4,0,0.011811455711722374,xgboost
2810,4,0,0.0030021900311112404,xgboost
3930,4,0,0.015891142189502716,xgboost
5244,4,0,0.002519323956221342,xgboost
3998,4,0,0.001989703858271241,xgboost
5561,4,1,0.48596954345703125,xgboost
2738,4,0,0.002592363627627492,xgboost
3261,4,0,0.0014848100254312158,xgboost
1908,4,0,0.2236396223306656,xgboost
4851,4,0,0.000493885949254036,xgboost
3177,4,0,0.8157894611358643,xgboost
2060,4,0,0.004496672190725803,xgboost
163,4,0,0.0033213021233677864,xgboost
1494,4,0,0.02747754566371441,xgboost
5831,4,1,0.8017333149909973,xgboost
1886,4,0,0.04406890273094177,xgboost
4797,4,0,0.3810466229915619,xgboost
609,4,0,0.0134451137855649,xgboost
3232,4,0,0.00224642944522202,xgboost
5491,4,1,0.13611295819282532,xgboost
3563,4,0,0.000820752524305135,xgboost
5219,4,0,0.0015684606041759253,xgboost
3467,4,0,0.04997750371694565,xgboost
325,4,0,0.0013455899897962809,xgboost
327,4,0,0.4696838855743408,xgboost
4755,4,0,0.03524134308099747,xgboost
4212,4,0,0.0032494086772203445,xgboost
3613,4,0,0.007561287377029657,xgboost
727,4,0,0.003992331214249134,xgboost
3655,4,0,0.038178425282239914,xgboost
2257,4,0,0.08315601944923401,xgboost
2071,4,0,0.0008474409696646035,xgboost
3854,4,0,0.02493736706674099,xgboost
3478,4,0,0.00245154881849885,xgboost
4323,4,0,0.003421369008719921,xgboost
4423,4,0,0.0019891017582267523,xgboost
2132,4,0,0.00609242357313633,xgboost
4117,4,0,0.0018172035925090313,xgboost
3878,4,0,0.02965334989130497,xgboost
5398,4,0,0.028362978249788284,xgboost
3628,4,0,0.001349076395854354,xgboost
2633,4,0,0.008787167258560658,xgboost
687,4,0,0.0021287540439516306,xgboost
2424,4,0,0.002155917463824153,xgboost
5161,4,0,0.015487396158277988,xgboost
5266,4,0,0.010506353341042995,xgboost
3747,4,0,0.00569122564047575,xgboost
4372,4,0,0.026416143402457237,xgboost
3280,4,0,0.09309763461351395,xgboost
764,4,0,0.013479518704116344,xgboost
5047,4,0,0.00808752328157425,xgboost
422,4,0,0.003289459738880396,xgboost
4949,4,0,0.0066444166004657745,xgboost
1246,4,0,0.005015557166188955,xgboost
2893,4,0,0.0037447691429406404,xgboost
3752,4,0,0.0070414855144917965,xgboost
4812,4,0,0.024113552644848824,xgboost
1882,4,0,0.03615657240152359,xgboost
2825,4,0,0.0034726932644844055,xgboost
2112,4,0,0.022608939558267593,xgboost
1842,4,0,0.017330026254057884,xgboost
3522,4,0,0.0031496062874794006,xgboost
393,4,0,0.027716320008039474,xgboost
429,4,0,0.001146159484051168,xgboost
1664,4,0,0.013534477911889553,xgboost
4038,4,0,0.006174748297780752,xgboost
4574,4,0,0.0009728108416311443,xgboost
5777,4,1,0.9060195684432983,xgboost
2602,4,0,0.8455291390419006,xgboost
3476,4,0,0.1409294605255127,xgboost
5018,4,0,0.5324755311012268,xgboost
125,4,0,0.0072308499366045,xgboost
3426,4,0,0.008400317281484604,xgboost
240,4,0,0.0043366439640522,xgboost
5093,4,0,0.003183197695761919,xgboost
1451,4,0,0.021658707410097122,xgboost
5376,4,0,0.004220358561724424,xgboost
2929,4,0,0.0015562871703878045,xgboost
254,4,0,0.004908563103526831,xgboost
596,4,0,0.020202042534947395,xgboost
1622,4,0,0.0031265022698789835,xgboost
5763,4,1,0.993253767490387,xgboost
533,4,0,0.0003043758333660662,xgboost
81,4,0,0.011249295435845852,xgboost
4439,4,0,0.01671046018600464,xgboost
546,4,0,0.2742255926132202,xgboost
5738,4,1,0.2210148423910141,xgboost
1894,4,0,0.2348397970199585,xgboost
2887,4,0,0.21248547732830048,xgboost
3790,4,0,0.6928111910820007,xgboost
3625,4,0,0.0049328431487083435,xgboost
1809,4,0,0.0027706664986908436,xgboost
1953,4,0,0.033420294523239136,xgboost
5094,4,0,0.15766766667366028,xgboost
854,4,0,0.004387182649224997,xgboost
2788,4,0,0.4281040132045746,xgboost
1829,4,0,0.0027644180227071047,xgboost
4027,4,0,0.006934847217053175,xgboost
3405,4,0,0.007772260811179876,xgboost
4056,4,0,0.002783539006486535,xgboost
1603,4,0,0.02154235728085041,xgboost
3980,4,0,0.0036940795835107565,xgboost
2102,4,0,0.00519661046564579,xgboost
5168,4,0,0.0012726688291877508,xgboost
56,4,0,0.13917352259159088,xgboost
4223,4,0,0.004109796602278948,xgboost
514,4,0,0.1456270068883896,xgboost
3860,4,0,0.023477597162127495,xgboost
4656,4,0,0.03080904856324196,xgboost
3870,4,0,0.006591891869902611,xgboost
1085,4,0,0.0007831716211512685,xgboost
3735,4,0,0.2958352863788605,xgboost
158,4,0,0.0013801443856209517,xgboost
4892,4,0,0.04778138920664787,xgboost
3107,4,0,0.001137791434302926,xgboost
1489,4,0,0.0021069541107863188,xgboost
4035,4,0,0.16928337514400482,xgboost
2173,4,0,0.01240782905369997,xgboost
1233,4,0,0.045985106378793716,xgboost
5388,4,0,0.0035878720227628946,xgboost
4335,4,0,0.008466304279863834,xgboost
1698,4,0,0.1012030765414238,xgboost
2094,4,0,0.017119167372584343,xgboost
2699,4,0,0.005156300496309996,xgboost
3206,4,0,0.0030577469151467085,xgboost
5436,4,0,0.0040679387748241425,xgboost
575,4,0,0.002897812519222498,xgboost
2203,4,0,0.0017753239953890443,xgboost
1007,4,0,0.274050772190094,xgboost
5421,4,0,0.001012595253996551,xgboost
5589,4,1,0.992319643497467,xgboost
4614,4,0,0.0006179190240800381,xgboost
2837,4,0,0.03951910883188248,xgboost
4118,4,0,0.0010384588968008757,xgboost
3718,4,0,0.010709074325859547,xgboost
1588,4,0,0.0012111408868804574,xgboost
2971,4,0,0.004218038637191057,xgboost
4540,4,0,0.0032665939070284367,xgboost
126,4,0,0.9198217391967773,xgboost
1676,4,0,0.18482190370559692,xgboost
4974,4,0,0.002561471424996853,xgboost
1763,4,0,0.003295066300779581,xgboost
4573,4,0,0.0014976285165175796,xgboost
5118,4,0,0.00308043509721756,xgboost
3078,4,0,0.013569347560405731,xgboost
115,4,0,0.005386825650930405,xgboost
2046,4,0,0.12877574563026428,xgboost
1662,4,0,0.0034459433518350124,xgboost
430,4,0,0.0006930886884219944,xgboost
4031,4,0,0.03877651318907738,xgboost
1746,4,0,0.002772131934762001,xgboost
1398,4,0,0.1265256702899933,xgboost
4758,4,0,0.003707270370796323,xgboost
1447,4,0,0.016329316422343254,xgboost
4228,4,0,0.0038519972003996372,xgboost
2698,4,0,0.026444779708981514,xgboost
3817,4,0,0.06731468439102173,xgboost
1633,4,0,0.0014579951530322433,xgboost
3304,4,0,0.06747341901063919,xgboost
5807,4,1,0.7442154288291931,xgboost
1644,4,0,0.0037960854824632406,xgboost
4895,4,0,0.008943498134613037,xgboost
465,4,0,0.002227354096248746,xgboost
1101,4,0,0.02911662496626377,xgboost
3966,4,0,0.03112790174782276,xgboost
865,4,0,0.053074199706315994,xgboost
2906,4,0,0.004725695122033358,xgboost
4365,4,0,0.0034464902710169554,xgboost
5160,4,0,0.004976970609277487,xgboost
4247,4,0,0.0024756616912782192,xgboost
5082,4,0,0.005563642363995314,xgboost
4705,4,0,0.013647845946252346,xgboost
3505,4,0,0.13304322957992554,xgboost
796,4,0,0.0010651980992406607,xgboost
4581,4,0,0.014376280829310417,xgboost
1095,4,0,0.013668105937540531,xgboost
5329,4,0,0.0645662173628807,xgboost
311,4,0,0.023992683738470078,xgboost
5655,4,1,0.9960123300552368,xgboost
4932,4,0,0.19157682359218597,xgboost
3715,4,0,0.06021367013454437,xgboost
2251,4,0,0.0012955163838341832,xgboost
2566,4,0,0.0015170288970693946,xgboost
4561,4,0,0.0008974244701676071,xgboost
2072,4,0,0.0019151743035763502,xgboost
2338,4,0,0.0009751697070896626,xgboost
3622,4,0,0.0019112773006781936,xgboost
3153,4,0,0.0024276934564113617,xgboost
4554,4,0,0.13305000960826874,xgboost
180,4,0,0.002499867230653763,xgboost
1913,4,0,0.0036892653442919254,xgboost
1354,4,0,0.0057499464601278305,xgboost
5445,4,1,0.870189905166626,xgboost
5761,4,1,0.9960348010063171,xgboost
2861,4,0,0.09155765175819397,xgboost
2208,4,0,0.0020498880185186863,xgboost
1328,4,0,0.004049861803650856,xgboost
1607,4,0,0.023610448464751244,xgboost
4979,4,0,0.001753408694639802,xgboost
1086,4,0,0.0022422673646360636,xgboost
2974,4,0,0.001510154688730836,xgboost
1164,4,0,0.002927193883806467,xgboost
3366,4,0,0.05031222850084305,xgboost
1704,4,0,0.0027516819536685944,xgboost
1435,4,0,0.0023549036122858524,xgboost
1207,4,0,0.03441101312637329,xgboost
2841,4,0,0.020077932626008987,xgboost
4900,4,0,0.012189958244562149,xgboost
4750,4,0,0.0034190805163234472,xgboost
5113,4,0,0.005665479227900505,xgboost
3251,4,0,0.04112500324845314,xgboost
4839,4,0,0.0146100465208292,xgboost
5321,4,0,0.0036345620173960924,xgboost
1216,4,0,0.010914787650108337,xgboost
2435,4,0,0.1277022510766983,xgboost
5215,4,0,0.0488368421792984,xgboost
2969,4,0,0.00104382389690727,xgboost
5654,4,1,0.4297502040863037,xgboost
2927,4,0,0.0012921071611344814,xgboost
2366,4,0,0.0019780131988227367,xgboost
5564,4,1,0.9284253716468811,xgboost
130,4,0,0.002167897066101432,xgboost
717,4,0,0.09148119390010834,xgboost
5449,4,1,0.8189921379089355,xgboost
320,4,0,0.019821636378765106,xgboost
5104,4,0,0.006441858131438494,xgboost
5293,4,0,0.01191936805844307,xgboost
1680,4,0,0.0009329745662398636,xgboost
1850,4,0,0.013767872005701065,xgboost
5537,4,1,0.18804152309894562,xgboost
2468,4,0,0.0014178439741954207,xgboost
3913,4,0,0.01786353997886181,xgboost
55,4,0,0.043889205902814865,xgboost
5242,4,0,0.00244694110006094,xgboost
5369,4,0,0.0018568822415545583,xgboost
5660,4,1,0.9526536464691162,xgboost
5677,4,1,0.9380677342414856,xgboost
2961,4,0,0.12965790927410126,xgboost
428,4,0,0.6246656179428101,xgboost
2910,4,0,0.12388067692518234,xgboost
4348,4,0,0.005964774172753096,xgboost
1780,4,0,0.022673282772302628,xgboost
512,4,0,0.018310828134417534,xgboost
5288,4,0,0.006881668232381344,xgboost
4246,4,0,0.001979477470740676,xgboost
2139,4,0,0.0049168081022799015,xgboost
650,4,0,0.006707610562443733,xgboost
31,4,0,0.0009735553758218884,xgboost
715,4,0,0.016860928386449814,xgboost
4861,4,0,0.0022255999501794577,xgboost
5604,4,1,0.292072057723999,xgboost
5653,4,1,0.9913362264633179,xgboost
4485,4,0,0.2860938012599945,xgboost
2965,4,0,0.0016760366270318627,xgboost
4846,4,0,0.032166365534067154,xgboost
3609,4,0,0.0012932978570461273,xgboost
2318,4,0,0.03452818840742111,xgboost
2535,4,0,0.02787167765200138,xgboost
598,4,0,0.0014543702127411962,xgboost
1342,4,0,0.011077022179961205,xgboost
5175,4,0,0.0697748064994812,xgboost
2402,4,0,0.004386049695312977,xgboost
1042,4,0,0.0242477860301733,xgboost
501,4,0,0.0010462432401254773,xgboost
1660,4,0,0.06611506640911102,xgboost
1994,4,0,0.007154224440455437,xgboost
5508,4,1,0.81629878282547,xgboost
3264,4,0,0.029260555282235146,xgboost
4455,4,0,0.006714457646012306,xgboost
3920,4,0,0.00218017864972353,xgboost
3087,4,0,0.02102114073932171,xgboost
5012,4,0,0.005046599078923464,xgboost
4637,4,0,0.011112331412732601,xgboost
1430,4,0,0.15176348388195038,xgboost
2222,4,0,0.003482229309156537,xgboost
3058,4,0,0.0007646562880836427,xgboost
3288,4,0,0.01039967779070139,xgboost
3615,4,0,0.0045464616268873215,xgboost
4258,4,0,0.0035980839747935534,xgboost
2395,4,0,0.00801799912005663,xgboost
3583,4,0,0.018105102702975273,xgboost
176,4,0,0.016484711319208145,xgboost
4786,4,0,0.0356929674744606,xgboost
5762,4,1,0.3057235777378082,xgboost
5154,4,0,0.016188466921448708,xgboost
2171,4,0,0.012578830122947693,xgboost
4134,4,0,0.004238114692270756,xgboost
3100,4,0,0.03684435412287712,xgboost
863,4,0,0.003986378200352192,xgboost
5834,4,1,0.9850313663482666,xgboost
1021,4,0,0.001173736178316176,xgboost
99,4,0,0.0030059844721108675,xgboost
564,4,0,0.0033938870765268803,xgboost
5058,4,0,0.010174877010285854,xgboost
5813,4,1,0.02282063663005829,xgboost
4088,4,0,0.012442104518413544,xgboost
1821,4,0,0.0940462052822113,xgboost
3806,4,0,0.007504562381654978,xgboost
1907,4,0,0.0012262441450729966,xgboost
1458,4,0,0.0010326422052457929,xgboost
954,4,0,0.07026469707489014,xgboost
1820,4,0,0.018087157979607582,xgboost
5675,4,1,0.3433119058609009,xgboost
2013,4,0,0.06252185255289078,xgboost
4475,4,0,0.4444776475429535,xgboost
